{"3": {"ensembles": "ENSG00000170889, ENSG00000145425, ENSG00000133112", "genes": "RPS9, RPS3A, TPT1", "results": {"0": {"accuracy": 0.7948717948717948, "roc_auc": 0.9086127547666009}, "1": {"accuracy": 0.8076923076923077, "roc_auc": 0.9072978303747534}, "2": {"accuracy": 0.7948717948717948, "roc_auc": 0.9046679815910584}, "3": {"accuracy": 0.8076923076923077, "roc_auc": 0.9046679815910585}, "4": {"accuracy": 0.7948717948717948, "roc_auc": 0.9026955950032873}}, "plot_path": "./Predictions/CODING/DESeq2/chi2/Pictures/3.png"}, "4": {"ensembles": "ENSG00000170889, ENSG00000145425, ENSG00000229117, ENSG00000133112", "genes": "RPS9, RPS3A, RPL41, TPT1", "results": {"0": {"accuracy": 0.782051282051282, "roc_auc": 0.9072978303747534}, "1": {"accuracy": 0.782051282051282, "roc_auc": 0.9066403681788298}, "2": {"accuracy": 0.8205128205128205, "roc_auc": 0.9112426035502958}, "3": {"accuracy": 0.782051282051282, "roc_auc": 0.9178172255095332}, "4": {"accuracy": 0.8076923076923077, "roc_auc": 0.9142011834319527}}, "plot_path": "./Predictions/CODING/DESeq2/chi2/Pictures/4.png"}, "5": {"ensembles": "ENSG00000170889, ENSG00000145425, ENSG00000147604, ENSG00000229117, ENSG00000133112", "genes": "RPS9, RPS3A, RPL7, RPL41, TPT1", "results": {"0": {"accuracy": 0.7948717948717948, "roc_auc": 0.9020381328073637}, "1": {"accuracy": 0.7948717948717948, "roc_auc": 0.8941485864562788}, "2": {"accuracy": 0.8076923076923077, "roc_auc": 0.9112426035502958}, "3": {"accuracy": 0.782051282051282, "roc_auc": 0.9007232084155161}, "4": {"accuracy": 0.782051282051282, "roc_auc": 0.9026955950032873}}, "plot_path": "./Predictions/CODING/DESeq2/chi2/Pictures/5.png"}, "6": {"ensembles": "ENSG00000170889, ENSG00000145425, ENSG00000147604, ENSG00000229117, ENSG00000133112, ENSG00000143947", "genes": "RPS9, RPS3A, RPL7, RPL41, TPT1, RPS27A", "results": {"0": {"accuracy": 0.7948717948717948, "roc_auc": 0.8980933596318211}, "1": {"accuracy": 0.782051282051282, "roc_auc": 0.8882314266929651}, "2": {"accuracy": 0.7948717948717948, "roc_auc": 0.9020381328073636}, "3": {"accuracy": 0.7692307692307693, "roc_auc": 0.9013806706114398}, "4": {"accuracy": 0.782051282051282, "roc_auc": 0.89612097304405}}, "plot_path": "./Predictions/CODING/DESeq2/chi2/Pictures/6.png"}, "7": {"ensembles": "ENSG00000170889, ENSG00000145425, ENSG00000147604, ENSG00000131469, ENSG00000229117, ENSG00000133112, ENSG00000143947", "genes": "RPS9, RPS3A, RPL7, RPL27, RPL41, TPT1, RPS27A", "results": {"0": {"accuracy": 0.782051282051282, "roc_auc": 0.8800131492439184}, "1": {"accuracy": 0.7692307692307693, "roc_auc": 0.883629191321499}, "2": {"accuracy": 0.782051282051282, "roc_auc": 0.8934911242603549}, "3": {"accuracy": 0.7692307692307693, "roc_auc": 0.89086127547666}, "4": {"accuracy": 0.7692307692307693, "roc_auc": 0.8796844181459567}}, "plot_path": "./Predictions/CODING/DESeq2/chi2/Pictures/7.png"}, "8": {"ensembles": "ENSG00000170889, ENSG00000145425, ENSG00000147604, ENSG00000131469, ENSG00000163682, ENSG00000229117, ENSG00000133112, ENSG00000143947", "genes": "RPS9, RPS3A, RPL7, RPL27, RPL9, RPL41, TPT1, RPS27A", "results": {"0": {"accuracy": 0.782051282051282, "roc_auc": 0.9079552925706771}, "1": {"accuracy": 0.782051282051282, "roc_auc": 0.9013806706114398}, "2": {"accuracy": 0.7948717948717948, "roc_auc": 0.9053254437869822}, "3": {"accuracy": 0.7692307692307693, "roc_auc": 0.89086127547666}, "4": {"accuracy": 0.7692307692307693, "roc_auc": 0.9092702169625246}}, "plot_path": "./Predictions/CODING/DESeq2/chi2/Pictures/8.png"}, "9": {"ensembles": "ENSG00000170889, ENSG00000136942, ENSG00000145425, ENSG00000147604, ENSG00000131469, ENSG00000163682, ENSG00000229117, ENSG00000133112, ENSG00000143947", "genes": "RPS9, RPL35, RPS3A, RPL7, RPL27, RPL9, RPL41, TPT1, RPS27A", "results": {"0": {"accuracy": 0.7692307692307693, "roc_auc": 0.8980933596318211}, "1": {"accuracy": 0.782051282051282, "roc_auc": 0.893491124260355}, "2": {"accuracy": 0.782051282051282, "roc_auc": 0.9020381328073634}, "3": {"accuracy": 0.7948717948717948, "roc_auc": 0.9072978303747534}, "4": {"accuracy": 0.782051282051282, "roc_auc": 0.8974358974358975}}, "plot_path": "./Predictions/CODING/DESeq2/chi2/Pictures/9.png"}, "10": {"ensembles": "ENSG00000170889, ENSG00000136942, ENSG00000145425, ENSG00000071082, ENSG00000147604, ENSG00000131469, ENSG00000163682, ENSG00000229117, ENSG00000133112, ENSG00000143947", "genes": "RPS9, RPL35, RPS3A, RPL31, RPL7, RPL27, RPL9, RPL41, TPT1, RPS27A", "results": {"0": {"accuracy": 0.782051282051282, "roc_auc": 0.8974358974358974}, "1": {"accuracy": 0.782051282051282, "roc_auc": 0.898750821827745}, "2": {"accuracy": 0.7692307692307693, "roc_auc": 0.9013806706114399}, "3": {"accuracy": 0.782051282051282, "roc_auc": 0.9033530571992111}, "4": {"accuracy": 0.782051282051282, "roc_auc": 0.9007232084155161}}, "plot_path": "./Predictions/CODING/DESeq2/chi2/Pictures/10.png"}, "11": {"ensembles": "ENSG00000170889, ENSG00000136942, ENSG00000145425, ENSG00000071082, ENSG00000171863, ENSG00000147604, ENSG00000131469, ENSG00000163682, ENSG00000229117, ENSG00000133112, ENSG00000143947", "genes": "RPS9, RPL35, RPS3A, RPL31, RPS7, RPL7, RPL27, RPL9, RPL41, TPT1, RPS27A", "results": {"0": {"accuracy": 0.7564102564102564, "roc_auc": 0.8915187376725837}, "1": {"accuracy": 0.7948717948717948, "roc_auc": 0.9053254437869822}, "2": {"accuracy": 0.782051282051282, "roc_auc": 0.9092702169625246}, "3": {"accuracy": 0.782051282051282, "roc_auc": 0.9020381328073636}, "4": {"accuracy": 0.7692307692307693, "roc_auc": 0.89086127547666}}, "plot_path": "./Predictions/CODING/DESeq2/chi2/Pictures/11.png"}, "12": {"ensembles": "ENSG00000170889, ENSG00000136942, ENSG00000145425, ENSG00000071082, ENSG00000171863, ENSG00000125691, ENSG00000147604, ENSG00000131469, ENSG00000163682, ENSG00000229117, ENSG00000133112, ENSG00000143947", "genes": "RPS9, RPL35, RPS3A, RPL31, RPS7, RPL23, RPL7, RPL27, RPL9, RPL41, TPT1, RPS27A", "results": {"0": {"accuracy": 0.7948717948717948, "roc_auc": 0.9007232084155161}, "1": {"accuracy": 0.782051282051282, "roc_auc": 0.9000657462195923}, "2": {"accuracy": 0.782051282051282, "roc_auc": 0.8987508218277449}, "3": {"accuracy": 0.7948717948717948, "roc_auc": 0.905982905982906}, "4": {"accuracy": 0.7948717948717948, "roc_auc": 0.8833004602235373}}, "plot_path": "./Predictions/CODING/DESeq2/chi2/Pictures/12.png"}, "13": {"ensembles": "ENSG00000170889, ENSG00000136942, ENSG00000145425, ENSG00000071082, ENSG00000171863, ENSG00000125691, ENSG00000147604, ENSG00000131469, ENSG00000163682, ENSG00000229117, ENSG00000213741, ENSG00000133112, ENSG00000143947", "genes": "RPS9, RPL35, RPS3A, RPL31, RPS7, RPL23, RPL7, RPL27, RPL9, RPL41, RPS29, TPT1, RPS27A", "results": {"0": {"accuracy": 0.7692307692307693, "roc_auc": 0.8928336620644313}, "1": {"accuracy": 0.7948717948717948, "roc_auc": 0.8862590401051939}, "2": {"accuracy": 0.782051282051282, "roc_auc": 0.8941485864562787}, "3": {"accuracy": 0.7692307692307693, "roc_auc": 0.8856015779092703}, "4": {"accuracy": 0.7692307692307693, "roc_auc": 0.8856015779092702}}, "plot_path": "./Predictions/CODING/DESeq2/chi2/Pictures/13.png"}, "14": {"ensembles": "ENSG00000171858, ENSG00000170889, ENSG00000136942, ENSG00000145425, ENSG00000071082, ENSG00000171863, ENSG00000125691, ENSG00000147604, ENSG00000131469, ENSG00000163682, ENSG00000229117, ENSG00000213741, ENSG00000133112, ENSG00000143947", "genes": "RPS21, RPS9, RPL35, RPS3A, RPL31, RPS7, RPL23, RPL7, RPL27, RPL9, RPL41, RPS29, TPT1, RPS27A", "results": {"0": {"accuracy": 0.7948717948717948, "roc_auc": 0.8915187376725839}, "1": {"accuracy": 0.7948717948717948, "roc_auc": 0.9040105193951348}, "2": {"accuracy": 0.7948717948717948, "roc_auc": 0.9125575279421433}, "3": {"accuracy": 0.782051282051282, "roc_auc": 0.8961209730440499}, "4": {"accuracy": 0.782051282051282, "roc_auc": 0.8954635108481263}}, "plot_path": "./Predictions/CODING/DESeq2/chi2/Pictures/14.png"},