{"3": {"ensembles": "ENSG00000203875, ENSG00000269893, ENSG00000215908", "genes": "SNHG5, SNHG8, CROCCP2", "results": {"0": {"accuracy": 0.8974358974358975, "roc_auc": 0.9546351084812623}, "1": {"accuracy": 0.8846153846153846, "roc_auc": 0.9516765285996055}, "2": {"accuracy": 0.8717948717948718, "roc_auc": 0.9533201840894148}, "3": {"accuracy": 0.8717948717948718, "roc_auc": 0.9493754109138725}, "4": {"accuracy": 0.8974358974358975, "roc_auc": 0.9467455621301775}}, "plot_path": "./Predictions/NON_CODING/DESeq2/RFE/Pictures/3.png"}, "4": {"ensembles": "ENSG00000236552, ENSG00000203875, ENSG00000269893, ENSG00000215908", "genes": "RPL13AP5, SNHG5, SNHG8, CROCCP2", "results": {"0": {"accuracy": 0.8461538461538461, "roc_auc": 0.9286653517422748}, "1": {"accuracy": 0.8589743589743589, "roc_auc": 0.9345825115055885}, "2": {"accuracy": 0.8461538461538461, "roc_auc": 0.938198553583169}, "3": {"accuracy": 0.8461538461538461, "roc_auc": 0.9352399737015122}, "4": {"accuracy": 0.8589743589743589, "roc_auc": 0.9345825115055885}}, "plot_path": "./Predictions/NON_CODING/DESeq2/RFE/Pictures/4.png"}, "5": {"ensembles": "ENSG00000236552, ENSG00000203875, ENSG00000269893, ENSG00000215908, ENSG00000234741", "genes": "RPL13AP5, SNHG5, SNHG8, CROCCP2, GAS5", "results": {"0": {"accuracy": 0.8589743589743589, "roc_auc": 0.9368836291913215}, "1": {"accuracy": 0.8589743589743589, "roc_auc": 0.9375410913872452}, "2": {"accuracy": 0.8717948717948718, "roc_auc": 0.9398422090729783}, "3": {"accuracy": 0.8589743589743589, "roc_auc": 0.942800788954635}, "4": {"accuracy": 0.8589743589743589, "roc_auc": 0.943129520052597}}, "plot_path": "./Predictions/NON_CODING/DESeq2/RFE/Pictures/5.png"}, "6": {"ensembles": "ENSG00000236552, ENSG00000225864, ENSG00000203875, ENSG00000269893, ENSG00000215908, ENSG00000234741", "genes": "RPL13AP5, HCG4P11, SNHG5, SNHG8, CROCCP2, GAS5", "results": {"0": {"accuracy": 0.8717948717948718, "roc_auc": 0.9579224194608811}, "1": {"accuracy": 0.8717948717948718, "roc_auc": 0.9585798816568047}, "2": {"accuracy": 0.8717948717948718, "roc_auc": 0.9664694280078895}, "3": {"accuracy": 0.8717948717948718, "roc_auc": 0.9618671926364234}, "4": {"accuracy": 0.8717948717948718, "roc_auc": 0.9552925706771861}}, "plot_path": "./Predictions/NON_CODING/DESeq2/RFE/Pictures/6.png"}, "7": {"ensembles": "ENSG00000236552, ENSG00000272906, ENSG00000225864, ENSG00000203875, ENSG00000269893, ENSG00000215908, ENSG00000234741", "genes": "RPL13AP5, RP11-533E19.7, HCG4P11, SNHG5, SNHG8, CROCCP2, GAS5", "results": {"0": {"accuracy": 0.8846153846153846, "roc_auc": 0.960552268244576}, "1": {"accuracy": 0.8717948717948718, "roc_auc": 0.9625246548323472}, "2": {"accuracy": 0.8717948717948718, "roc_auc": 0.9658119658119658}, "3": {"accuracy": 0.8846153846153846, "roc_auc": 0.965154503616042}, "4": {"accuracy": 0.8717948717948718, "roc_auc": 0.9598948060486521}}, "plot_path": "./Predictions/NON_CODING/DESeq2/RFE/Pictures/7.png"}, "8": {"ensembles": "ENSG00000236552, ENSG00000272906, ENSG00000225864, ENSG00000203875, ENSG00000269893, ENSG00000278771, ENSG00000215908, ENSG00000234741", "genes": "RPL13AP5, RP11-533E19.7, HCG4P11, SNHG5, SNHG8, Metazoa_SRP, CROCCP2, GAS5", "results": {"0": {"accuracy": 0.8589743589743589, "roc_auc": 0.9631821170282708}, "1": {"accuracy": 0.8717948717948718, "roc_auc": 0.9612097304404997}, "2": {"accuracy": 0.8717948717948718, "roc_auc": 0.957922419460881}, "3": {"accuracy": 0.8717948717948718, "roc_auc": 0.9585798816568047}, "4": {"accuracy": 0.8717948717948718, "roc_auc": 0.9644970414201184}}, "plot_path": "./Predictions/NON_CODING/DESeq2/RFE/Pictures/8.png"}, "9": {"ensembles": "ENSG00000236552, ENSG00000272906, ENSG00000225864, ENSG00000203875, ENSG00000269893, ENSG00000278771, ENSG00000215908, ENSG00000234741, ENSG00000215414", "genes": "RPL13AP5, RP11-533E19.7, HCG4P11, SNHG5, SNHG8, Metazoa_SRP, CROCCP2, GAS5, PSMA6P1", "results": {"0": {"accuracy": 0.8846153846153846, "roc_auc": 0.9598948060486523}, "1": {"accuracy": 0.8846153846153846, "roc_auc": 0.9631821170282708}, "2": {"accuracy": 0.8717948717948718, "roc_auc": 0.955292570677186}, "3": {"accuracy": 0.8717948717948718, "roc_auc": 0.9572649572649572}, "4": {"accuracy": 0.8974358974358975, "roc_auc": 0.9585798816568047}}, "plot_path": "./Predictions/NON_CODING/DESeq2/RFE/Pictures/9.png"}, "10": {"ensembles": "ENSG00000236552, ENSG00000272906, ENSG00000225864, ENSG00000203875, ENSG00000269893, ENSG00000278771, ENSG00000215908, ENSG00000234741, ENSG00000253683, ENSG00000215414", "genes": "RPL13AP5, RP11-533E19.7, HCG4P11, SNHG5, SNHG8, Metazoa_SRP, CROCCP2, GAS5, CTB-79E8.3, PSMA6P1", "results": {"0": {"accuracy": 0.8846153846153846, "roc_auc": 0.9618671926364234}, "1": {"accuracy": 0.8846153846153846, "roc_auc": 0.9598948060486522}, "2": {"accuracy": 0.8717948717948718, "roc_auc": 0.9572649572649573}, "3": {"accuracy": 0.8846153846153846, "roc_auc": 0.9598948060486522}, "4": {"accuracy": 0.8846153846153846, "roc_auc": 0.9598948060486522}}, "plot_path": "./Predictions/NON_CODING/DESeq2/RFE/Pictures/10.png"}, "11": {"ensembles": "ENSG00000213442, ENSG00000236552, ENSG00000272906, ENSG00000225864, ENSG00000203875, ENSG00000269893, ENSG00000215908, ENSG00000234741, ENSG00000253683, ENSG00000265735, ENSG00000215414", "genes": "RPL18AP3, RPL13AP5, RP11-533E19.7, HCG4P11, SNHG5, SNHG8, CROCCP2, GAS5, CTB-79E8.3, RN7SL5P, PSMA6P1", "results": {"0": {"accuracy": 0.8974358974358975, "roc_auc": 0.967784352399737}, "1": {"accuracy": 0.8717948717948718, "roc_auc": 0.965154503616042}, "2": {"accuracy": 0.8974358974358975, "roc_auc": 0.9631821170282708}, "3": {"accuracy": 0.8846153846153846, "roc_auc": 0.9598948060486523}, "4": {"accuracy": 0.8974358974358975, "roc_auc": 0.9658119658119657}}, "plot_path": "./Predictions/NON_CODING/DESeq2/RFE/Pictures/11.png"}, "12": {"ensembles": "ENSG00000236552, ENSG00000272906, ENSG00000225864, ENSG00000203875, ENSG00000269893, ENSG00000226085, ENSG00000278771, ENSG00000215908, ENSG00000234741, ENSG00000253683, ENSG00000265735, ENSG00000215414", "genes": "RPL13AP5, RP11-533E19.7, HCG4P11, SNHG5, SNHG8, UQCRFS1P1, Metazoa_SRP, CROCCP2, GAS5, CTB-79E8.3, RN7SL5P, PSMA6P1", "results": {"0": {"accuracy": 0.9102564102564102, "roc_auc": 0.9684418145956608}, "1": {"accuracy": 0.8974358974358975, "roc_auc": 0.9625246548323472}, "2": {"accuracy": 0.9102564102564102, "roc_auc": 0.9690992767915845}, "3": {"accuracy": 0.8974358974358975, "roc_auc": 0.9631821170282708}, "4": {"accuracy": 0.9102564102564102, "roc_auc": 0.9707429322813939}}, "plot_path": "./Predictions/NON_CODING/DESeq2/RFE/Pictures/12.png"}, "13": {"ensembles": "ENSG00000213442, ENSG00000236552, ENSG00000272906, ENSG00000225864, ENSG00000203875, ENSG00000269893, ENSG00000226085, ENSG00000278771, ENSG00000215908, ENSG00000136149, ENSG00000234741, ENSG00000253683, ENSG00000215414", "genes": "RPL18AP3, RPL13AP5, RP11-533E19.7, HCG4P11, SNHG5, SNHG8, UQCRFS1P1, Metazoa_SRP, CROCCP2, RPL13AP25, GAS5, CTB-79E8.3, PSMA6P1", "results": {"0": {"accuracy": 0.8846153846153846, "roc_auc": 0.9598948060486522}, "1": {"accuracy": 0.8846153846153846, "roc_auc": 0.9631821170282708}, "2": {"accuracy": 0.8974358974358975, "roc_auc": 0.960552268244576}, "3": {"accuracy": 0.8846153846153846, "roc_auc": 0.9644970414201183}, "4": {"accuracy": 0.8717948717948718, "roc_auc": 0.9644970414201184}}, "plot_path": "./Predictions/NON_CODING/DESeq2/RFE/Pictures/13.png"}, "14": {"ensembles": "ENSG00000236552, ENSG00000272906, ENSG00000225864, ENSG00000203875, ENSG00000269893, ENSG00000278771, ENSG00000231351, ENSG00000265393, ENSG00000215908, ENSG00000136149, ENSG00000234741, ENSG00000253683, ENSG00000265735, ENSG00000215414", "genes": "RPL13AP5, RP11-533E19.7, HCG4P11, SNHG5, SNHG8, Metazoa_SRP, AC111200.7, CTD-2517M22.17, CROCCP2, RPL13AP25, GAS5, CTB-79E8.3, RN7SL5P, PSMA6P1", "results": {"0": {"accuracy": 0.8846153846153846, "roc_auc": 0.9592373438527285}, "1": {"accuracy": 0.8846153846153846, "roc_auc": 0.9566074950690334},