{"3": {"ensembles": "ENSG00000225864, ENSG00000269893, ENSG00000215908", "genes": "HCG4P11, SNHG8, CROCCP2", "results": {"0": {"accuracy": 0.8717948717948718, "roc_auc": 0.9487179487179487}, "1": {"accuracy": 0.8846153846153846, "roc_auc": 0.9487179487179487}, "2": {"accuracy": 0.8717948717948718, "roc_auc": 0.9526627218934911}, "3": {"accuracy": 0.8589743589743589, "roc_auc": 0.9506903353057199}, "4": {"accuracy": 0.8589743589743589, "roc_auc": 0.9520052596975674}}, "plot_path": "./Predictions/NON_CODING/DESeq2/RFE/Pictures/3.png"}, "4": {"ensembles": "ENSG00000236552, ENSG00000269893, ENSG00000215908, ENSG00000215414", "genes": "RPL13AP5, SNHG8, CROCCP2, PSMA6P1", "results": {"0": {"accuracy": 0.8589743589743589, "roc_auc": 0.9056541748849442}, "1": {"accuracy": 0.8589743589743589, "roc_auc": 0.9115713346482576}, "2": {"accuracy": 0.8717948717948718, "roc_auc": 0.9191321499013807}, "3": {"accuracy": 0.8461538461538461, "roc_auc": 0.9204470742932281}, "4": {"accuracy": 0.8461538461538461, "roc_auc": 0.9066403681788298}}, "plot_path": "./Predictions/NON_CODING/DESeq2/RFE/Pictures/4.png"}, "5": {"ensembles": "ENSG00000272906, ENSG00000225864, ENSG00000269893, ENSG00000215908, ENSG00000253683", "genes": "RP11-533E19.7, HCG4P11, SNHG8, CROCCP2, CTB-79E8.3", "results": {"0": {"accuracy": 0.9102564102564102, "roc_auc": 0.9598948060486523}, "1": {"accuracy": 0.8974358974358975, "roc_auc": 0.9592373438527284}, "2": {"accuracy": 0.8974358974358975, "roc_auc": 0.9612097304404996}, "3": {"accuracy": 0.8974358974358975, "roc_auc": 0.9585798816568047}, "4": {"accuracy": 0.8846153846153846, "roc_auc": 0.9618671926364234}}, "plot_path": "./Predictions/NON_CODING/DESeq2/RFE/Pictures/5.png"}, "6": {"ensembles": "ENSG00000236552, ENSG00000272906, ENSG00000269893, ENSG00000278771, ENSG00000215908, ENSG00000215414", "genes": "RPL13AP5, RP11-533E19.7, SNHG8, Metazoa_SRP, CROCCP2, PSMA6P1", "results": {"0": {"accuracy": 0.8717948717948718, "roc_auc": 0.9250493096646943}, "1": {"accuracy": 0.8589743589743589, "roc_auc": 0.9316239316239316}, "2": {"accuracy": 0.8717948717948718, "roc_auc": 0.9240631163708086}, "3": {"accuracy": 0.8717948717948718, "roc_auc": 0.9296515450361604}, "4": {"accuracy": 0.8846153846153846, "roc_auc": 0.9270216962524656}}, "plot_path": "./Predictions/NON_CODING/DESeq2/RFE/Pictures/6.png"}, "7": {"ensembles": "ENSG00000213442, ENSG00000236552, ENSG00000272906, ENSG00000225864, ENSG00000269893, ENSG00000278771, ENSG00000215908", "genes": "RPL18AP3, RPL13AP5, RP11-533E19.7, HCG4P11, SNHG8, Metazoa_SRP, CROCCP2", "results": {"0": {"accuracy": 0.8589743589743589, "roc_auc": 0.9460880999342538}, "1": {"accuracy": 0.8589743589743589, "roc_auc": 0.9520052596975674}, "2": {"accuracy": 0.8589743589743589, "roc_auc": 0.948060486522025}, "3": {"accuracy": 0.8717948717948718, "roc_auc": 0.9520052596975674}, "4": {"accuracy": 0.8589743589743589, "roc_auc": 0.9513477975016437}}, "plot_path": "./Predictions/NON_CODING/DESeq2/RFE/Pictures/7.png"}, "8": {"ensembles": "ENSG00000236552, ENSG00000272906, ENSG00000225864, ENSG00000269893, ENSG00000278771, ENSG00000215908, ENSG00000253683, ENSG00000215414", "genes": "RPL13AP5, RP11-533E19.7, HCG4P11, SNHG8, Metazoa_SRP, CROCCP2, CTB-79E8.3, PSMA6P1", "results": {"0": {"accuracy": 0.8974358974358975, "roc_auc": 0.9552925706771861}, "1": {"accuracy": 0.8717948717948718, "roc_auc": 0.9500328731097961}, "2": {"accuracy": 0.8717948717948718, "roc_auc": 0.9520052596975673}, "3": {"accuracy": 0.8974358974358975, "roc_auc": 0.9559500328731099}, "4": {"accuracy": 0.8846153846153846, "roc_auc": 0.9585798816568047}}, "plot_path": "./Predictions/NON_CODING/DESeq2/RFE/Pictures/8.png"}, "9": {"ensembles": "ENSG00000236552, ENSG00000272906, ENSG00000225864, ENSG00000269893, ENSG00000278771, ENSG00000215908, ENSG00000136149, ENSG00000253683, ENSG00000215414", "genes": "RPL13AP5, RP11-533E19.7, HCG4P11, SNHG8, Metazoa_SRP, CROCCP2, RPL13AP25, CTB-79E8.3, PSMA6P1", "results": {"0": {"accuracy": 0.8846153846153846, "roc_auc": 0.9539776462853385}, "1": {"accuracy": 0.8717948717948718, "roc_auc": 0.9493754109138726}, "2": {"accuracy": 0.8846153846153846, "roc_auc": 0.9533201840894149}, "3": {"accuracy": 0.8717948717948718, "roc_auc": 0.9513477975016437}, "4": {"accuracy": 0.8846153846153846, "roc_auc": 0.9421433267587114}}, "plot_path": "./Predictions/NON_CODING/DESeq2/RFE/Pictures/9.png"}, "10": {"ensembles": "ENSG00000213442, ENSG00000236552, ENSG00000272906, ENSG00000225864, ENSG00000269893, ENSG00000278771, ENSG00000215908, ENSG00000136149, ENSG00000253683, ENSG00000215414", "genes": "RPL18AP3, RPL13AP5, RP11-533E19.7, HCG4P11, SNHG8, Metazoa_SRP, CROCCP2, RPL13AP25, CTB-79E8.3, PSMA6P1", "results": {"0": {"accuracy": 0.8717948717948718, "roc_auc": 0.9441157133464826}, "1": {"accuracy": 0.8846153846153846, "roc_auc": 0.9559500328731098}, "2": {"accuracy": 0.8717948717948718, "roc_auc": 0.9467455621301776}, "3": {"accuracy": 0.8717948717948718, "roc_auc": 0.9414858645627876}, "4": {"accuracy": 0.8974358974358975, "roc_auc": 0.9474030243261012}}, "plot_path": "./Predictions/NON_CODING/DESeq2/RFE/Pictures/10.png"}, "11": {"ensembles": "ENSG00000213442, ENSG00000236552, ENSG00000272906, ENSG00000225864, ENSG00000269893, ENSG00000226085, ENSG00000278771, ENSG00000215908, ENSG00000136149, ENSG00000253683, ENSG00000215414", "genes": "RPL18AP3, RPL13AP5, RP11-533E19.7, HCG4P11, SNHG8, UQCRFS1P1, Metazoa_SRP, CROCCP2, RPL13AP25, CTB-79E8.3, PSMA6P1", "results": {"0": {"accuracy": 0.8974358974358975, "roc_auc": 0.9546351084812623}, "1": {"accuracy": 0.8974358974358975, "roc_auc": 0.9572649572649573}, "2": {"accuracy": 0.8974358974358975, "roc_auc": 0.9559500328731098}, "3": {"accuracy": 0.8846153846153846, "roc_auc": 0.9451019066403682}, "4": {"accuracy": 0.8717948717948718, "roc_auc": 0.95069033530572}}, "plot_path": "./Predictions/NON_CODING/DESeq2/RFE/Pictures/11.png"}, "12": {"ensembles": "ENSG00000213442, ENSG00000236552, ENSG00000272906, ENSG00000225864, ENSG00000269893, ENSG00000226085, ENSG00000278771, ENSG00000215908, ENSG00000136149, ENSG00000265735, ENSG00000231680, ENSG00000215414", "genes": "RPL18AP3, RPL13AP5, RP11-533E19.7, HCG4P11, SNHG8, UQCRFS1P1, Metazoa_SRP, CROCCP2, RPL13AP25, RN7SL5P, AP003774.6, PSMA6P1", "results": {"0": {"accuracy": 0.8974358974358975, "roc_auc": 0.9487179487179487}, "1": {"accuracy": 0.8846153846153846, "roc_auc": 0.9592373438527285}, "2": {"accuracy": 0.8846153846153846, "roc_auc": 0.9500328731097962}, "3": {"accuracy": 0.9102564102564102, "roc_auc": 0.9526627218934912}, "4": {"accuracy": 0.8846153846153846, "roc_auc": 0.9526627218934911}}, "plot_path": "./Predictions/NON_CODING/DESeq2/RFE/Pictures/12.png"}, "13": {"ensembles": "ENSG00000213442, ENSG00000236552, ENSG00000272906, ENSG00000269893, ENSG00000226085, ENSG00000278771, ENSG00000215908, ENSG00000213609, ENSG00000136149, ENSG00000253683, ENSG00000265735, ENSG00000231680, ENSG00000215414", "genes": "RPL18AP3, RPL13AP5, RP11-533E19.7, SNHG8, UQCRFS1P1, Metazoa_SRP, CROCCP2, RPL7AP50, RPL13AP25, CTB-79E8.3, RN7SL5P, AP003774.6, PSMA6P1", "results": {"0": {"accuracy": 0.8846153846153846, "roc_auc": 0.9546351084812623}, "1": {"accuracy": 0.8846153846153846, "roc_auc": 0.9487179487179488}, "2": {"accuracy": 0.8974358974358975, "roc_auc": 0.9437869822485208}, "3": {"accuracy": 0.8846153846153846, "roc_auc": 0.9506903353057199}, "4": {"accuracy": 0.8974358974358975, "roc_auc": 0.9441157133464825}}, "plot_path": "./Predictions/NON_CODING/DESeq2/RFE/Pictures/13.png"}, "14": {"ensembles": "ENSG00000213442, ENSG00000236552, ENSG00000272906, ENSG00000225864, ENSG00000269893, ENSG00000226085, ENSG00000278771, ENSG00000265393, ENSG00000215908, ENSG00000136149, ENSG00000253683, ENSG00000265735, ENSG00000260778, ENSG00000215414", "genes": "RPL18AP3, RPL13AP5, RP11-533E19.7, HCG4P11, SNHG8, UQCRFS1P1, Metazoa_SRP, CTD-2517M22.17, CROCCP2, RPL13AP25, CTB-79E8.3, RN7SL5P, MIR940, PSMA6P1", "results": {"0": {"accuracy": 0.8846153846153846,