,selector,gene_names,weights,absolute weights
0,ENSG00000204387,C6orf48,0.3565458008128557,0.3565458008128557
2,ENSG00000145337,PYURF,0.32451292833897444,0.32451292833897444
1,ENSG00000170889,RPS9,0.3189412708481702,0.3189412708481702
