,selector,gene_names,weights,absolute weights
0,ENSG00000204387,C6orf48,0.4077548048413368,0.4077548048413368
2,ENSG00000145337,PYURF,0.2576636214832975,0.2576636214832975
1,ENSG00000170889,RPS9,0.21191371882863747,0.21191371882863747
3,ENSG00000117543,DPH5,0.12266785484672837,0.12266785484672837
