,selector,gene_names,weights,absolute weights
1,ENSG00000204387,C6orf48,0.32054044307951773,0.32054044307951773
4,ENSG00000145337,PYURF,0.22164868438148153,0.22164868438148153
3,ENSG00000170889,RPS9,0.19621846613973298,0.19621846613973298
0,ENSG00000179085,DPM3,0.14386679433439956,0.14386679433439956
2,ENSG00000233493,TMEM238,0.11772561206486835,0.11772561206486835
