,selector,gene_names,weights,absolute weights
0,ENSG00000204387,C6orf48,0.28520972057358135,0.28520972057358135
4,ENSG00000145337,PYURF,0.19968976608226624,0.19968976608226624
2,ENSG00000170889,RPS9,0.17743909555284373,0.17743909555284373
5,ENSG00000117543,DPH5,0.12410820985339843,0.12410820985339843
1,ENSG00000233493,TMEM238,0.10702803496294223,0.10702803496294223
3,ENSG00000172428,COPS9,0.10652517297496818,0.10652517297496818
