,selector,gene_names,weights,absolute weights
1,ENSG00000204387,C6orf48,0.24893541576698183,0.24893541576698183
5,ENSG00000145337,PYURF,0.18321249881659005,0.18321249881659005
4,ENSG00000170889,RPS9,0.17217896261782073,0.17217896261782073
0,ENSG00000179085,DPM3,0.1297948904921016,0.1297948904921016
2,ENSG00000233493,TMEM238,0.10260320226213353,0.10260320226213353
6,ENSG00000164405,UQCRQ,0.10080231689575452,0.10080231689575452
3,ENSG00000188290,HES4,0.06247271314861786,0.06247271314861786
