,selector,gene_names,weights,absolute weights
1,ENSG00000204387,C6orf48,0.2376782573603409,0.2376782573603409
6,ENSG00000145337,PYURF,0.14770917784546497,0.14770917784546497
4,ENSG00000170889,RPS9,0.13013806609014908,0.13013806609014908
2,ENSG00000233493,TMEM238,0.09384905065854049,0.09384905065854049
7,ENSG00000117543,DPH5,0.09175053029245317,0.09175053029245317
0,ENSG00000179085,DPM3,0.08882267879546109,0.08882267879546109
5,ENSG00000172428,COPS9,0.07157866066251364,0.07157866066251364
3,ENSG00000141933,TPGS1,0.07043933360114234,0.07043933360114234
8,ENSG00000164405,UQCRQ,0.06803424469393443,0.06803424469393443
