{"3": {"ensembles": "ENSG00000204387, ENSG00000203875, ENSG00000269893", "genes": "C6orf48, SNHG5, SNHG8", "results": {"0": {"accuracy": 0.8846153846153846, "roc_auc": 0.9493754109138725}, "1": {"accuracy": 0.8717948717948718, "roc_auc": 0.9539776462853385}, "2": {"accuracy": 0.8846153846153846, "roc_auc": 0.9546351084812623}, "3": {"accuracy": 0.8974358974358975, "roc_auc": 0.9585798816568047}, "4": {"accuracy": 0.8846153846153846, "roc_auc": 0.9559500328731098}}, "plot_path": "./Predictions/All_GENES/LimmaVoom/RFE/Pictures/3.png"}, "4": {"ensembles": "ENSG00000204387, ENSG00000203875, ENSG00000269893, ENSG00000226287", "genes": "C6orf48, SNHG5, SNHG8, TMEM191A", "results": {"0": {"accuracy": 0.8461538461538461, "roc_auc": 0.9546351084812623}, "1": {"accuracy": 0.8461538461538461, "roc_auc": 0.95069033530572}, "2": {"accuracy": 0.8717948717948718, "roc_auc": 0.9526627218934911}, "3": {"accuracy": 0.8589743589743589, "roc_auc": 0.9513477975016437}, "4": {"accuracy": 0.8589743589743589, "roc_auc": 0.9572649572649573}}, "plot_path": "./Predictions/All_GENES/LimmaVoom/RFE/Pictures/4.png"}, "5": {"ensembles": "ENSG00000204387, ENSG00000233493, ENSG00000203875, ENSG00000269893, ENSG00000274012", "genes": "C6orf48, TMEM238, SNHG5, SNHG8, RN7SL2", "results": {"0": {"accuracy": 0.9230769230769231, "roc_auc": 0.9756738987508218}, "1": {"accuracy": 0.9230769230769231, "roc_auc": 0.9789612097304404}, "2": {"accuracy": 0.9102564102564102, "roc_auc": 0.975016436554898}, "3": {"accuracy": 0.9102564102564102, "roc_auc": 0.9737015121630506}, "4": {"accuracy": 0.9230769230769231, "roc_auc": 0.9796186719263642}}, "plot_path": "./Predictions/All_GENES/LimmaVoom/RFE/Pictures/5.png"}, "6": {"ensembles": "ENSG00000204387, ENSG00000233493, ENSG00000236552, ENSG00000203875, ENSG00000269893, ENSG00000274012", "genes": "C6orf48, TMEM238, RPL13AP5, SNHG5, SNHG8, RN7SL2", "results": {"0": {"accuracy": 0.8846153846153846, "roc_auc": 0.9704142011834319}, "1": {"accuracy": 0.8974358974358975, "roc_auc": 0.9710716633793557}, "2": {"accuracy": 0.8974358974358975, "roc_auc": 0.9750164365548981}, "3": {"accuracy": 0.8974358974358975, "roc_auc": 0.9684418145956607}, "4": {"accuracy": 0.8974358974358975, "roc_auc": 0.9684418145956607}}, "plot_path": "./Predictions/All_GENES/LimmaVoom/RFE/Pictures/6.png"}, "7": {"ensembles": "ENSG00000179085, ENSG00000204387, ENSG00000203875, ENSG00000269893, ENSG00000226287, ENSG00000274012, ENSG00000258920", "genes": "DPM3, C6orf48, SNHG5, SNHG8, TMEM191A, RN7SL2, FOXN3-AS1", "results": {"0": {"accuracy": 0.8717948717948718, "roc_auc": 0.9644970414201183}, "1": {"accuracy": 0.8717948717948718, "roc_auc": 0.960552268244576}, "2": {"accuracy": 0.8589743589743589, "roc_auc": 0.9658119658119658}, "3": {"accuracy": 0.8717948717948718, "roc_auc": 0.9618671926364234}, "4": {"accuracy": 0.8846153846153846, "roc_auc": 0.967784352399737}}, "plot_path": "./Predictions/All_GENES/LimmaVoom/RFE/Pictures/7.png"}, "8": {"ensembles": "ENSG00000179085, ENSG00000204387, ENSG00000233493, ENSG00000236552, ENSG00000203875, ENSG00000269893, ENSG00000274012, ENSG00000255559", "genes": "DPM3, C6orf48, TMEM238, RPL13AP5, SNHG5, SNHG8, RN7SL2, ZNF252P-AS1", "results": {"0": {"accuracy": 0.8717948717948718, "roc_auc": 0.9684418145956607}, "1": {"accuracy": 0.8846153846153846, "roc_auc": 0.9717291255752794}, "2": {"accuracy": 0.8846153846153846, "roc_auc": 0.9743589743589745}, "3": {"accuracy": 0.8846153846153846, "roc_auc": 0.9697567389875082}, "4": {"accuracy": 0.8846153846153846, "roc_auc": 0.9717291255752795}}, "plot_path": "./Predictions/All_GENES/LimmaVoom/RFE/Pictures/8.png"}, "9": {"ensembles": "ENSG00000179085, ENSG00000204387, ENSG00000233493, ENSG00000236552, ENSG00000141933, ENSG00000203875, ENSG00000269893, ENSG00000226287, ENSG00000274012", "genes": "DPM3, C6orf48, TMEM238, RPL13AP5, TPGS1, SNHG5, SNHG8, TMEM191A, RN7SL2", "results": {"0": {"accuracy": 0.8589743589743589, "roc_auc": 0.960552268244576}, "1": {"accuracy": 0.8461538461538461, "roc_auc": 0.965154503616042}, "2": {"accuracy": 0.8589743589743589, "roc_auc": 0.9644970414201184}, "3": {"accuracy": 0.8589743589743589, "roc_auc": 0.9618671926364234}, "4": {"accuracy": 0.8717948717948718, "roc_auc": 0.9572649572649573}}, "plot_path": "./Predictions/All_GENES/LimmaVoom/RFE/Pictures/9.png"}, "10": {"ensembles": "ENSG00000204387, ENSG00000233493, ENSG00000236552, ENSG00000272906, ENSG00000203875, ENSG00000269893, ENSG00000278771, ENSG00000226287, ENSG00000274012, ENSG00000258920", "genes": "C6orf48, TMEM238, RPL13AP5, RP11-533E19.7, SNHG5, SNHG8, Metazoa_SRP, TMEM191A, RN7SL2, FOXN3-AS1", "results": {"0": {"accuracy": 0.8846153846153846, "roc_auc": 0.9684418145956607}, "1": {"accuracy": 0.8974358974358975, "roc_auc": 0.973044049967127}, "2": {"accuracy": 0.8846153846153846, "roc_auc": 0.967784352399737}, "3": {"accuracy": 0.8846153846153846, "roc_auc": 0.967784352399737}, "4": {"accuracy": 0.8846153846153846, "roc_auc": 0.9710716633793557}}, "plot_path": "./Predictions/All_GENES/LimmaVoom/RFE/Pictures/10.png"}, "11": {"ensembles": "ENSG00000179085, ENSG00000204387, ENSG00000233493, ENSG00000236552, ENSG00000141933, ENSG00000272906, ENSG00000203875, ENSG00000269893, ENSG00000226287, ENSG00000274012, ENSG00000255559", "genes": "DPM3, C6orf48, TMEM238, RPL13AP5, TPGS1, RP11-533E19.7, SNHG5, SNHG8, TMEM191A, RN7SL2, ZNF252P-AS1", "results": {"0": {"accuracy": 0.8717948717948718, "roc_auc": 0.965154503616042}, "1": {"accuracy": 0.8846153846153846, "roc_auc": 0.9651545036160422}, "2": {"accuracy": 0.8974358974358975, "roc_auc": 0.9677843523997369}, "3": {"accuracy": 0.8846153846153846, "roc_auc": 0.9598948060486522}, "4": {"accuracy": 0.8717948717948718, "roc_auc": 0.9631821170282708}}, "plot_path": "./Predictions/All_GENES/LimmaVoom/RFE/Pictures/11.png"}, "12": {"ensembles": "ENSG00000179085, ENSG00000204387, ENSG00000233493, ENSG00000236552, ENSG00000203875, ENSG00000269893, ENSG00000278771, ENSG00000226287, ENSG00000274012, ENSG00000230979, ENSG00000255559, ENSG00000258920", "genes": "DPM3, C6orf48, TMEM238, RPL13AP5, SNHG5, SNHG8, Metazoa_SRP, TMEM191A, RN7SL2, AC079250.1, ZNF252P-AS1, FOXN3-AS1", "results": {"0": {"accuracy": 0.8846153846153846, "roc_auc": 0.967784352399737}, "1": {"accuracy": 0.8846153846153846, "roc_auc": 0.9763313609467456}, "2": {"accuracy": 0.8974358974358975, "roc_auc": 0.9697567389875081}, "3": {"accuracy": 0.8846153846153846, "roc_auc": 0.9671268902038133}, "4": {"accuracy": 0.8717948717948718, "roc_auc": 0.9710716633793557}}, "plot_path": "./Predictions/All_GENES/LimmaVoom/RFE/Pictures/12.png"}, "13": {"ensembles": "ENSG00000179085, ENSG00000204387, ENSG00000233493, ENSG00000236552, ENSG00000141933, ENSG00000272906, ENSG00000203875, ENSG00000269893, ENSG00000224066, ENSG00000226287, ENSG00000274012, ENSG00000255559, ENSG00000258920", "genes": "DPM3, C6orf48, TMEM238, RPL13AP5, TPGS1, RP11-533E19.7, SNHG5, SNHG8, RP4-622L5.7, TMEM191A, RN7SL2, ZNF252P-AS1, FOXN3-AS1", "results": {"0": {"accuracy": 0.8846153846153846, "roc_auc": 0.9697567389875081}, "1": {"accuracy": 0.8846153846153846, "roc_auc": 0.9664694280078896}, "2": {"accuracy": 0.8974358974358975, "roc_auc": 0.9710716633793557}, "3": {"accuracy": 0.8717948717948718, "roc_auc": 0.9638395792241946}, "4": {"accuracy": 0.8717948717948718, "roc_auc": 0.9684418145956607}}, "plot_path": "./Predictions/All_GENES/LimmaVoom/RFE/Pictures/13.png"}, "14": {"ensembles": "ENSG00000179085, ENSG00000204387, ENSG00000233493, ENSG00000236552, ENSG00000141933, ENSG00000272906, ENSG00000203875, ENSG00000269893, ENSG00000188290, ENSG00000278771, ENSG00000274012, ENSG00000230979, ENSG00000255559, ENSG00000258920", "genes": "DPM3, C6orf48, TMEM238, RPL13AP5, TPGS1, RP11-533E19.7, SNHG5, SNHG8, HES4, Metazoa_SRP, RN7SL2, AC079250.1, ZNF252P-AS1, FOXN3-AS1", "results": {"0": {"accuracy": 0.9102564102564102, "roc_auc": 0.9710716633793557}, "1": {"accuracy": 0.8846153846153846, "roc_auc": 0.9710716633793558}, "2": {"accuracy": 0.8717948717948718,