{"3": {"ensembles": "ENSG00000204387, ENSG00000269893, ENSG00000145337", "genes": "C6orf48, SNHG8, PYURF", "results": {"0": {"accuracy": 0.8717948717948718, "roc_auc": 0.9395134779750164}, "1": {"accuracy": 0.8846153846153846, "roc_auc": 0.9408284023668639}, "2": {"accuracy": 0.8717948717948718, "roc_auc": 0.9447731755424063}, "3": {"accuracy": 0.8717948717948718, "roc_auc": 0.9467455621301775}, "4": {"accuracy": 0.8717948717948718, "roc_auc": 0.9447731755424063}}, "plot_path": "./Predictions/All_GENES/DESeq2/RFE/Pictures/3.png"}, "4": {"ensembles": "ENSG00000204387, ENSG00000203875, ENSG00000269893, ENSG00000145337", "genes": "C6orf48, SNHG5, SNHG8, PYURF", "results": {"0": {"accuracy": 0.8846153846153846, "roc_auc": 0.9411571334648258}, "1": {"accuracy": 0.8846153846153846, "roc_auc": 0.9451019066403682}, "2": {"accuracy": 0.8846153846153846, "roc_auc": 0.94543063773833}, "3": {"accuracy": 0.8846153846153846, "roc_auc": 0.9464168310322156}, "4": {"accuracy": 0.8846153846153846, "roc_auc": 0.9428007889546351}}, "plot_path": "./Predictions/All_GENES/DESeq2/RFE/Pictures/4.png"}, "5": {"ensembles": "ENSG00000204387, ENSG00000203875, ENSG00000269893, ENSG00000170889, ENSG00000145337", "genes": "C6orf48, SNHG5, SNHG8, RPS9, PYURF", "results": {"0": {"accuracy": 0.8589743589743589, "roc_auc": 0.9526627218934911}, "1": {"accuracy": 0.8589743589743589, "roc_auc": 0.9592373438527284}, "2": {"accuracy": 0.8717948717948718, "roc_auc": 0.9559500328731098}, "3": {"accuracy": 0.8717948717948718, "roc_auc": 0.9539776462853387}, "4": {"accuracy": 0.8846153846153846, "roc_auc": 0.9513477975016437}}, "plot_path": "./Predictions/All_GENES/DESeq2/RFE/Pictures/5.png"}, "6": {"ensembles": "ENSG00000204387, ENSG00000203875, ENSG00000269893, ENSG00000170889, ENSG00000215908, ENSG00000145337", "genes": "C6orf48, SNHG5, SNHG8, RPS9, CROCCP2, PYURF", "results": {"0": {"accuracy": 0.8717948717948718, "roc_auc": 0.9546351084812623}, "1": {"accuracy": 0.8717948717948718, "roc_auc": 0.9520052596975674}, "2": {"accuracy": 0.8717948717948718, "roc_auc": 0.9552925706771861}, "3": {"accuracy": 0.8717948717948718, "roc_auc": 0.9559500328731099}, "4": {"accuracy": 0.8717948717948718, "roc_auc": 0.9566074950690335}}, "plot_path": "./Predictions/All_GENES/DESeq2/RFE/Pictures/6.png"}, "7": {"ensembles": "ENSG00000204387, ENSG00000233493, ENSG00000203875, ENSG00000269893, ENSG00000170889, ENSG00000215908, ENSG00000145337", "genes": "C6orf48, TMEM238, SNHG5, SNHG8, RPS9, CROCCP2, PYURF", "results": {"0": {"accuracy": 0.8717948717948718, "roc_auc": 0.9671268902038133}, "1": {"accuracy": 0.8589743589743589, "roc_auc": 0.9618671926364234}, "2": {"accuracy": 0.8717948717948718, "roc_auc": 0.9664694280078895}, "3": {"accuracy": 0.8846153846153846, "roc_auc": 0.9644970414201184}, "4": {"accuracy": 0.8717948717948718, "roc_auc": 0.9612097304404996}}, "plot_path": "./Predictions/All_GENES/DESeq2/RFE/Pictures/7.png"}, "8": {"ensembles": "ENSG00000179085, ENSG00000204387, ENSG00000233493, ENSG00000203875, ENSG00000269893, ENSG00000170889, ENSG00000215908, ENSG00000145337", "genes": "DPM3, C6orf48, TMEM238, SNHG5, SNHG8, RPS9, CROCCP2, PYURF", "results": {"0": {"accuracy": 0.8717948717948718, "roc_auc": 0.9612097304404996}, "1": {"accuracy": 0.8589743589743589, "roc_auc": 0.9618671926364234}, "2": {"accuracy": 0.8461538461538461, "roc_auc": 0.963182117028271}, "3": {"accuracy": 0.8717948717948718, "roc_auc": 0.9605522682445761}, "4": {"accuracy": 0.8846153846153846, "roc_auc": 0.9612097304404997}}, "plot_path": "./Predictions/All_GENES/DESeq2/RFE/Pictures/8.png"}, "9": {"ensembles": "ENSG00000204387, ENSG00000233493, ENSG00000203875, ENSG00000269893, ENSG00000278771, ENSG00000170889, ENSG00000215908, ENSG00000145337, ENSG00000117543", "genes": "C6orf48, TMEM238, SNHG5, SNHG8, Metazoa_SRP, RPS9, CROCCP2, PYURF, DPH5", "results": {"0": {"accuracy": 0.8717948717948718, "roc_auc": 0.9664694280078896}, "1": {"accuracy": 0.8717948717948718, "roc_auc": 0.9631821170282708}, "2": {"accuracy": 0.8846153846153846, "roc_auc": 0.9671268902038133}, "3": {"accuracy": 0.8717948717948718, "roc_auc": 0.9644970414201184}, "4": {"accuracy": 0.8717948717948718, "roc_auc": 0.965154503616042}}, "plot_path": "./Predictions/All_GENES/DESeq2/RFE/Pictures/9.png"}, "10": {"ensembles": "ENSG00000204387, ENSG00000236552, ENSG00000203875, ENSG00000269893, ENSG00000188290, ENSG00000170889, ENSG00000215908, ENSG00000172428, ENSG00000145337, ENSG00000234741", "genes": "C6orf48, RPL13AP5, SNHG5, SNHG8, HES4, RPS9, CROCCP2, COPS9, PYURF, GAS5", "results": {"0": {"accuracy": 0.8461538461538461, "roc_auc": 0.9533201840894149}, "1": {"accuracy": 0.8717948717948718, "roc_auc": 0.9539776462853385}, "2": {"accuracy": 0.8717948717948718, "roc_auc": 0.9539776462853385}, "3": {"accuracy": 0.8717948717948718, "roc_auc": 0.9539776462853387}, "4": {"accuracy": 0.8717948717948718, "roc_auc": 0.955292570677186}}, "plot_path": "./Predictions/All_GENES/DESeq2/RFE/Pictures/10.png"}, "11": {"ensembles": "ENSG00000179085, ENSG00000204387, ENSG00000233493, ENSG00000236552, ENSG00000203875, ENSG00000269893, ENSG00000170889, ENSG00000215908, ENSG00000145337, ENSG00000117543, ENSG00000234741", "genes": "DPM3, C6orf48, TMEM238, RPL13AP5, SNHG5, SNHG8, RPS9, CROCCP2, PYURF, DPH5, GAS5", "results": {"0": {"accuracy": 0.8717948717948718, "roc_auc": 0.9631821170282708}, "1": {"accuracy": 0.8717948717948718, "roc_auc": 0.960552268244576}, "2": {"accuracy": 0.8589743589743589, "roc_auc": 0.963182117028271}, "3": {"accuracy": 0.8717948717948718, "roc_auc": 0.9572649572649573}, "4": {"accuracy": 0.8589743589743589, "roc_auc": 0.9559500328731098}}, "plot_path": "./Predictions/All_GENES/DESeq2/RFE/Pictures/11.png"}, "12": {"ensembles": "ENSG00000204387, ENSG00000233493, ENSG00000236552, ENSG00000203875, ENSG00000269893, ENSG00000278771, ENSG00000170889, ENSG00000215908, ENSG00000145337, ENSG00000117543, ENSG00000164405, ENSG00000234741", "genes": "C6orf48, TMEM238, RPL13AP5, SNHG5, SNHG8, Metazoa_SRP, RPS9, CROCCP2, PYURF, DPH5, UQCRQ, GAS5", "results": {"0": {"accuracy": 0.8589743589743589, "roc_auc": 0.9651545036160422}, "1": {"accuracy": 0.8717948717948718, "roc_auc": 0.963182117028271}, "2": {"accuracy": 0.8717948717948718, "roc_auc": 0.9625246548323471}, "3": {"accuracy": 0.8717948717948718, "roc_auc": 0.9644970414201184}, "4": {"accuracy": 0.8717948717948718, "roc_auc": 0.9598948060486521}}, "plot_path": "./Predictions/All_GENES/DESeq2/RFE/Pictures/12.png"}, "13": {"ensembles": "ENSG00000111678, ENSG00000204387, ENSG00000233493, ENSG00000236552, ENSG00000141933, ENSG00000203875, ENSG00000269893, ENSG00000188290, ENSG00000170889, ENSG00000215908, ENSG00000145337, ENSG00000117543, ENSG00000234741", "genes": "C12orf57, C6orf48, TMEM238, RPL13AP5, TPGS1, SNHG5, SNHG8, HES4, RPS9, CROCCP2, PYURF, DPH5, GAS5", "results": {"0": {"accuracy": 0.8717948717948718, "roc_auc": 0.9533201840894149}, "1": {"accuracy": 0.8717948717948718, "roc_auc": 0.9546351084812623}, "2": {"accuracy": 0.8589743589743589, "roc_auc": 0.960552268244576}, "3": {"accuracy": 0.8589743589743589, "roc_auc": 0.9592373438527285}, "4": {"accuracy": 0.8461538461538461, "roc_auc": 0.9546351084812624}}, "plot_path": "./Predictions/All_GENES/DESeq2/RFE/Pictures/13.png"}, "14": {"ensembles": "ENSG00000179085, ENSG00000204387, ENSG00000233493, ENSG00000236552, ENSG00000141933, ENSG00000203875, ENSG00000269893, ENSG00000188290, ENSG00000278771, ENSG00000170889, ENSG00000215908, ENSG00000145337, ENSG00000234741, ENSG00000253683", "genes": "DPM3, C6orf48, TMEM238, RPL13AP5, TPGS1, SNHG5, SNHG8, HES4, Metazoa_SRP, RPS9, CROCCP2, PYURF, GAS5, CTB-79E8.3", "results": {"0": {"accuracy": 0.8974358974358975, "roc_auc": 0.9625246548323472}, "1": {"accuracy": 0.8717948717948718, "roc_auc": 0.9664694280078895}, "2": {"accuracy": 0.8717948717948718, "roc_auc": 0.9667981591058514}, "3": {"accuracy": 0.8717948717948718, "roc_auc": 0.9625246548323472}, "4": {"accuracy": 0.8589743589743589, "roc_auc": 0.9638395792241946}},