{"3": {"ensembles": "ENSG00000204387, ENSG00000203875, ENSG00000145337", "genes": "C6orf48, SNHG5, PYURF", "results": {"0": {"accuracy": 0.8974358974358975, "roc_auc": 0.9566074950690335}, "1": {"accuracy": 0.8974358974358975, "roc_auc": 0.9585798816568047}, "2": {"accuracy": 0.9102564102564102, "roc_auc": 0.9589086127547667}, "3": {"accuracy": 0.8974358974358975, "roc_auc": 0.957922419460881}, "4": {"accuracy": 0.8974358974358975, "roc_auc": 0.9585798816568047}}, "plot_path": "./Predictions/CODING/EdgeR/RFE/Pictures/3.png"}, "4": {"ensembles": "ENSG00000204387, ENSG00000203875, ENSG00000170889, ENSG00000145337", "genes": "C6orf48, SNHG5, RPS9, PYURF", "results": {"0": {"accuracy": 0.8846153846153846, "roc_auc": 0.9559500328731099}, "1": {"accuracy": 0.8846153846153846, "roc_auc": 0.9513477975016437}, "2": {"accuracy": 0.8846153846153846, "roc_auc": 0.9533201840894149}, "3": {"accuracy": 0.8717948717948718, "roc_auc": 0.9539776462853387}, "4": {"accuracy": 0.8846153846153846, "roc_auc": 0.9546351084812624}}, "plot_path": "./Predictions/CODING/EdgeR/RFE/Pictures/4.png"}, "5": {"ensembles": "ENSG00000204387, ENSG00000203875, ENSG00000170889, ENSG00000145337, ENSG00000125995", "genes": "C6orf48, SNHG5, RPS9, PYURF, ROMO1", "results": {"0": {"accuracy": 0.8846153846153846, "roc_auc": 0.9513477975016437}, "1": {"accuracy": 0.8717948717948718, "roc_auc": 0.9526627218934911}, "2": {"accuracy": 0.8846153846153846, "roc_auc": 0.9520052596975673}, "3": {"accuracy": 0.8717948717948718, "roc_auc": 0.95069033530572}, "4": {"accuracy": 0.8846153846153846, "roc_auc": 0.9487179487179487}}, "plot_path": "./Predictions/CODING/EdgeR/RFE/Pictures/5.png"}, "6": {"ensembles": "ENSG00000204387, ENSG00000233493, ENSG00000203875, ENSG00000170889, ENSG00000145337, ENSG00000125995", "genes": "C6orf48, TMEM238, SNHG5, RPS9, PYURF, ROMO1", "results": {"0": {"accuracy": 0.8717948717948718, "roc_auc": 0.9658119658119658}, "1": {"accuracy": 0.8589743589743589, "roc_auc": 0.9612097304404997}, "2": {"accuracy": 0.8589743589743589, "roc_auc": 0.9625246548323472}, "3": {"accuracy": 0.8717948717948718, "roc_auc": 0.9618671926364234}, "4": {"accuracy": 0.8717948717948718, "roc_auc": 0.9625246548323472}}, "plot_path": "./Predictions/CODING/EdgeR/RFE/Pictures/6.png"}, "7": {"ensembles": "ENSG00000204387, ENSG00000233493, ENSG00000203875, ENSG00000170889, ENSG00000145337, ENSG00000117543, ENSG00000234741", "genes": "C6orf48, TMEM238, SNHG5, RPS9, PYURF, DPH5, GAS5", "results": {"0": {"accuracy": 0.8589743589743589, "roc_auc": 0.9658119658119658}, "1": {"accuracy": 0.8589743589743589, "roc_auc": 0.9658119658119657}, "2": {"accuracy": 0.8589743589743589, "roc_auc": 0.963182117028271}, "3": {"accuracy": 0.8846153846153846, "roc_auc": 0.9671268902038133}, "4": {"accuracy": 0.8589743589743589, "roc_auc": 0.9605522682445758}}, "plot_path": "./Predictions/CODING/EdgeR/RFE/Pictures/7.png"}, "8": {"ensembles": "ENSG00000179085, ENSG00000204387, ENSG00000233493, ENSG00000203875, ENSG00000170889, ENSG00000145337, ENSG00000117543, ENSG00000164405", "genes": "DPM3, C6orf48, TMEM238, SNHG5, RPS9, PYURF, DPH5, UQCRQ", "results": {"0": {"accuracy": 0.8974358974358975, "roc_auc": 0.9592373438527284}, "1": {"accuracy": 0.8717948717948718, "roc_auc": 0.9598948060486522}, "2": {"accuracy": 0.8589743589743589, "roc_auc": 0.9618671926364234}, "3": {"accuracy": 0.8717948717948718, "roc_auc": 0.9618671926364234}, "4": {"accuracy": 0.8974358974358975, "roc_auc": 0.9625246548323472}}, "plot_path": "./Predictions/CODING/EdgeR/RFE/Pictures/8.png"}, "9": {"ensembles": "ENSG00000111678, ENSG00000204387, ENSG00000233493, ENSG00000203875, ENSG00000188290, ENSG00000170889, ENSG00000145337, ENSG00000117543, ENSG00000125995", "genes": "C12orf57, C6orf48, TMEM238, SNHG5, HES4, RPS9, PYURF, DPH5, ROMO1", "results": {"0": {"accuracy": 0.8717948717948718, "roc_auc": 0.9513477975016437}, "1": {"accuracy": 0.8589743589743589, "roc_auc": 0.9566074950690335}, "2": {"accuracy": 0.8333333333333334, "roc_auc": 0.9520052596975674}, "3": {"accuracy": 0.8589743589743589, "roc_auc": 0.9592373438527285}, "4": {"accuracy": 0.8589743589743589, "roc_auc": 0.957922419460881}}, "plot_path": "./Predictions/CODING/EdgeR/RFE/Pictures/9.png"}, "10": {"ensembles": "ENSG00000179085, ENSG00000111678, ENSG00000204387, ENSG00000233493, ENSG00000203875, ENSG00000170889, ENSG00000172428, ENSG00000145337, ENSG00000117543, ENSG00000125995", "genes": "DPM3, C12orf57, C6orf48, TMEM238, SNHG5, RPS9, COPS9, PYURF, DPH5, ROMO1", "results": {"0": {"accuracy": 0.8461538461538461, "roc_auc": 0.9539776462853385}, "1": {"accuracy": 0.8717948717948718, "roc_auc": 0.9566074950690335}, "2": {"accuracy": 0.8717948717948718, "roc_auc": 0.9539776462853385}, "3": {"accuracy": 0.8717948717948718, "roc_auc": 0.9513477975016437}, "4": {"accuracy": 0.8717948717948718, "roc_auc": 0.9552925706771861}}, "plot_path": "./Predictions/CODING/EdgeR/RFE/Pictures/10.png"}, "11": {"ensembles": "ENSG00000179085, ENSG00000204387, ENSG00000233493, ENSG00000141933, ENSG00000203875, ENSG00000188290, ENSG00000170889, ENSG00000145337, ENSG00000117543, ENSG00000234741, ENSG00000125995", "genes": "DPM3, C6orf48, TMEM238, TPGS1, SNHG5, HES4, RPS9, PYURF, DPH5, GAS5, ROMO1", "results": {"0": {"accuracy": 0.8589743589743589, "roc_auc": 0.957922419460881}, "1": {"accuracy": 0.8717948717948718, "roc_auc": 0.9566074950690334}, "2": {"accuracy": 0.8589743589743589, "roc_auc": 0.9559500328731098}, "3": {"accuracy": 0.8717948717948718, "roc_auc": 0.9566074950690335}, "4": {"accuracy": 0.8589743589743589, "roc_auc": 0.9572649572649572}}, "plot_path": "./Predictions/CODING/EdgeR/RFE/Pictures/11.png"}, "12": {"ensembles": "ENSG00000179085, ENSG00000204387, ENSG00000233493, ENSG00000141933, ENSG00000203875, ENSG00000188290, ENSG00000170889, ENSG00000172428, ENSG00000145337, ENSG00000117543, ENSG00000234741, ENSG00000125995", "genes": "DPM3, C6orf48, TMEM238, TPGS1, SNHG5, HES4, RPS9, COPS9, PYURF, DPH5, GAS5, ROMO1", "results": {"0": {"accuracy": 0.8461538461538461, "roc_auc": 0.9566074950690335}, "1": {"accuracy": 0.8589743589743589, "roc_auc": 0.9546351084812623}, "2": {"accuracy": 0.8589743589743589, "roc_auc": 0.9612097304404996}, "3": {"accuracy": 0.8717948717948718, "roc_auc": 0.9579224194608809}, "4": {"accuracy": 0.8717948717948718, "roc_auc": 0.9592373438527285}}, "plot_path": "./Predictions/CODING/EdgeR/RFE/Pictures/12.png"}, "13": {"ensembles": "ENSG00000179085, ENSG00000204387, ENSG00000233493, ENSG00000141933, ENSG00000203875, ENSG00000170889, ENSG00000172428, ENSG00000145337, ENSG00000136942, ENSG00000117543, ENSG00000164405, ENSG00000234741, ENSG00000125995", "genes": "DPM3, C6orf48, TMEM238, TPGS1, SNHG5, RPS9, COPS9, PYURF, RPL35, DPH5, UQCRQ, GAS5, ROMO1", "results": {"0": {"accuracy": 0.8589743589743589, "roc_auc": 0.9559500328731098}, "1": {"accuracy": 0.8589743589743589, "roc_auc": 0.9592373438527284}, "2": {"accuracy": 0.8205128205128205, "roc_auc": 0.9526627218934911}, "3": {"accuracy": 0.8461538461538461, "roc_auc": 0.955292570677186}, "4": {"accuracy": 0.8717948717948718, "roc_auc": 0.9572649572649573}}, "plot_path": "./Predictions/CODING/EdgeR/RFE/Pictures/13.png"}, "14": {"ensembles": "ENSG00000179085, ENSG00000111678, ENSG00000204387, ENSG00000233493, ENSG00000141933, ENSG00000203875, ENSG00000155428, ENSG00000188290, ENSG00000170889, ENSG00000172428, ENSG00000145337, ENSG00000117543, ENSG00000234741, ENSG00000125995", "genes": "DPM3, C12orf57, C6orf48, TMEM238, TPGS1, SNHG5, TRIM74, HES4, RPS9, COPS9, PYURF, DPH5, GAS5, ROMO1", "results": {"0": {"accuracy": 0.8461538461538461, "roc_auc": 0.9552925706771861}, "1": {"accuracy": 0.8461538461538461, "roc_auc": 0.9533201840894149}, "2": {"accuracy": 0.8461538461538461, "roc_auc": 0.9543063773833005}, "3": {"accuracy": 0.8333333333333334, "roc_auc": 0.9592373438527284}, "4": {"accuracy": 0.8589743589743589, "roc_auc": 0.9546351084812623}}, "plot_path": "./Predictions/CODING/EdgeR/RFE/Pictures/14.png"},