{"3": {"ensembles": "ENSG00000204387, ENSG00000170889, ENSG00000145337", "genes": "C6orf48, RPS9, PYURF", "results": {"0": {"accuracy": 0.8589743589743589, "roc_auc": 0.9474030243261012}, "1": {"accuracy": 0.8333333333333334, "roc_auc": 0.9447731755424063}, "2": {"accuracy": 0.8461538461538461, "roc_auc": 0.948060486522025}, "3": {"accuracy": 0.8333333333333334, "roc_auc": 0.9414858645627876}, "4": {"accuracy": 0.8333333333333334, "roc_auc": 0.9441157133464826}}, "plot_path": "./Predictions/CODING/EdgeR/RFE/Pictures/3.png"}, "4": {"ensembles": "ENSG00000179085, ENSG00000204387, ENSG00000170889, ENSG00000145337", "genes": "DPM3, C6orf48, RPS9, PYURF", "results": {"0": {"accuracy": 0.8461538461538461, "roc_auc": 0.9368836291913215}, "1": {"accuracy": 0.8461538461538461, "roc_auc": 0.9421433267587114}, "2": {"accuracy": 0.8461538461538461, "roc_auc": 0.9447731755424064}, "3": {"accuracy": 0.8461538461538461, "roc_auc": 0.9349112426035503}, "4": {"accuracy": 0.8461538461538461, "roc_auc": 0.930309007232084}}, "plot_path": "./Predictions/CODING/EdgeR/RFE/Pictures/4.png"}, "5": {"ensembles": "ENSG00000204387, ENSG00000170889, ENSG00000145337, ENSG00000117543, ENSG00000125995", "genes": "C6orf48, RPS9, PYURF, DPH5, ROMO1", "results": {"0": {"accuracy": 0.8461538461538461, "roc_auc": 0.9289940828402367}, "1": {"accuracy": 0.8461538461538461, "roc_auc": 0.9283366206443129}, "2": {"accuracy": 0.8589743589743589, "roc_auc": 0.9289940828402367}, "3": {"accuracy": 0.8461538461538461, "roc_auc": 0.9296515450361604}, "4": {"accuracy": 0.8589743589743589, "roc_auc": 0.9342537804076266}}, "plot_path": "./Predictions/CODING/EdgeR/RFE/Pictures/5.png"}, "6": {"ensembles": "ENSG00000179085, ENSG00000204387, ENSG00000170889, ENSG00000145337, ENSG00000117543, ENSG00000125995", "genes": "DPM3, C6orf48, RPS9, PYURF, DPH5, ROMO1", "results": {"0": {"accuracy": 0.8333333333333334, "roc_auc": 0.9362261669953977}, "1": {"accuracy": 0.8333333333333334, "roc_auc": 0.935568704799474}, "2": {"accuracy": 0.8205128205128205, "roc_auc": 0.9322813938198554}, "3": {"accuracy": 0.8205128205128205, "roc_auc": 0.935568704799474}, "4": {"accuracy": 0.8333333333333334, "roc_auc": 0.9395134779750164}}, "plot_path": "./Predictions/CODING/EdgeR/RFE/Pictures/6.png"}, "7": {"ensembles": "ENSG00000179085, ENSG00000204387, ENSG00000233493, ENSG00000170889, ENSG00000145337, ENSG00000117543, ENSG00000125995", "genes": "DPM3, C6orf48, TMEM238, RPS9, PYURF, DPH5, ROMO1", "results": {"0": {"accuracy": 0.8461538461538461, "roc_auc": 0.9454306377383299}, "1": {"accuracy": 0.8461538461538461, "roc_auc": 0.942800788954635}, "2": {"accuracy": 0.8461538461538461, "roc_auc": 0.9474030243261012}, "3": {"accuracy": 0.8589743589743589, "roc_auc": 0.94543063773833}, "4": {"accuracy": 0.8717948717948718, "roc_auc": 0.9454306377383301}}, "plot_path": "./Predictions/CODING/EdgeR/RFE/Pictures/7.png"}, "8": {"ensembles": "ENSG00000179085, ENSG00000111678, ENSG00000204387, ENSG00000188290, ENSG00000170889, ENSG00000172428, ENSG00000145337, ENSG00000125995", "genes": "DPM3, C12orf57, C6orf48, HES4, RPS9, COPS9, PYURF, ROMO1", "results": {"0": {"accuracy": 0.8461538461538461, "roc_auc": 0.9395134779750164}, "1": {"accuracy": 0.8461538461538461, "roc_auc": 0.938198553583169}, "2": {"accuracy": 0.8589743589743589, "roc_auc": 0.938198553583169}, "3": {"accuracy": 0.8333333333333334, "roc_auc": 0.9375410913872453}, "4": {"accuracy": 0.8461538461538461, "roc_auc": 0.9375410913872453}}, "plot_path": "./Predictions/CODING/EdgeR/RFE/Pictures/8.png"}, "9": {"ensembles": "ENSG00000179085, ENSG00000111678, ENSG00000204387, ENSG00000233493, ENSG00000141933, ENSG00000170889, ENSG00000145337, ENSG00000117543, ENSG00000125995", "genes": "DPM3, C12orf57, C6orf48, TMEM238, TPGS1, RPS9, PYURF, DPH5, ROMO1", "results": {"0": {"accuracy": 0.8589743589743589, "roc_auc": 0.9395134779750164}, "1": {"accuracy": 0.8589743589743589, "roc_auc": 0.9395134779750164}, "2": {"accuracy": 0.8461538461538461, "roc_auc": 0.9401709401709402}, "3": {"accuracy": 0.8461538461538461, "roc_auc": 0.938198553583169}, "4": {"accuracy": 0.8461538461538461, "roc_auc": 0.9375410913872452}}, "plot_path": "./Predictions/CODING/EdgeR/RFE/Pictures/9.png"}, "10": {"ensembles": "ENSG00000179085, ENSG00000204387, ENSG00000233493, ENSG00000141933, ENSG00000188290, ENSG00000170889, ENSG00000172428, ENSG00000145337, ENSG00000117543, ENSG00000125995", "genes": "DPM3, C6orf48, TMEM238, TPGS1, HES4, RPS9, COPS9, PYURF, DPH5, ROMO1", "results": {"0": {"accuracy": 0.8461538461538461, "roc_auc": 0.9414858645627876}, "1": {"accuracy": 0.8461538461538461, "roc_auc": 0.9414858645627876}, "2": {"accuracy": 0.8333333333333334, "roc_auc": 0.9388560157790927}, "3": {"accuracy": 0.8461538461538461, "roc_auc": 0.942800788954635}, "4": {"accuracy": 0.8461538461538461, "roc_auc": 0.9441157133464826}}, "plot_path": "./Predictions/CODING/EdgeR/RFE/Pictures/10.png"}, "11": {"ensembles": "ENSG00000179085, ENSG00000204387, ENSG00000233493, ENSG00000212123, ENSG00000188290, ENSG00000170889, ENSG00000172428, ENSG00000145337, ENSG00000114942, ENSG00000117543, ENSG00000125995", "genes": "DPM3, C6orf48, TMEM238, PRR22, HES4, RPS9, COPS9, PYURF, EEF1B2, DPH5, ROMO1", "results": {"0": {"accuracy": 0.8589743589743589, "roc_auc": 0.948060486522025}, "1": {"accuracy": 0.8333333333333334, "roc_auc": 0.9414858645627877}, "2": {"accuracy": 0.8717948717948718, "roc_auc": 0.942800788954635}, "3": {"accuracy": 0.8461538461538461, "roc_auc": 0.9434582511505588}, "4": {"accuracy": 0.8461538461538461, "roc_auc": 0.9460880999342538}}, "plot_path": "./Predictions/CODING/EdgeR/RFE/Pictures/11.png"}, "12": {"ensembles": "ENSG00000179085, ENSG00000111678, ENSG00000204387, ENSG00000233493, ENSG00000141933, ENSG00000188290, ENSG00000170889, ENSG00000145337, ENSG00000196683, ENSG00000117543, ENSG00000164405, ENSG00000125995", "genes": "DPM3, C12orf57, C6orf48, TMEM238, TPGS1, HES4, RPS9, PYURF, TOMM7, DPH5, UQCRQ, ROMO1", "results": {"0": {"accuracy": 0.8589743589743589, "roc_auc": 0.9441157133464826}, "1": {"accuracy": 0.8461538461538461, "roc_auc": 0.9441157133464826}, "2": {"accuracy": 0.8333333333333334, "roc_auc": 0.9395134779750164}, "3": {"accuracy": 0.8717948717948718, "roc_auc": 0.9434582511505588}, "4": {"accuracy": 0.8461538461538461, "roc_auc": 0.9395134779750164}}, "plot_path": "./Predictions/CODING/EdgeR/RFE/Pictures/12.png"}, "13": {"ensembles": "ENSG00000179085, ENSG00000111678, ENSG00000204387, ENSG00000233493, ENSG00000141933, ENSG00000188290, ENSG00000258429, ENSG00000170889, ENSG00000172428, ENSG00000145337, ENSG00000114942, ENSG00000117543, ENSG00000125995", "genes": "DPM3, C12orf57, C6orf48, TMEM238, TPGS1, HES4, PDF, RPS9, COPS9, PYURF, EEF1B2, DPH5, ROMO1", "results": {"0": {"accuracy": 0.8461538461538461, "roc_auc": 0.9421433267587114}, "1": {"accuracy": 0.8461538461538461, "roc_auc": 0.9467455621301775}, "2": {"accuracy": 0.8461538461538461, "roc_auc": 0.9434582511505588}, "3": {"accuracy": 0.8461538461538461, "roc_auc": 0.9447731755424064}, "4": {"accuracy": 0.8333333333333334, "roc_auc": 0.9487179487179487}}, "plot_path": "./Predictions/CODING/EdgeR/RFE/Pictures/13.png"}, "14": {"ensembles": "ENSG00000179085, ENSG00000111678, ENSG00000204387, ENSG00000233493, ENSG00000141933, ENSG00000188290, ENSG00000170889, ENSG00000211450, ENSG00000172428, ENSG00000145337, ENSG00000136942, ENSG00000117543, ENSG00000164405, ENSG00000125995", "genes": "DPM3, C12orf57, C6orf48, TMEM238, TPGS1, HES4, RPS9, SELENOH, COPS9, PYURF, RPL35, DPH5, UQCRQ, ROMO1", "results": {"0": {"accuracy": 0.8589743589743589, "roc_auc": 0.9401709401709402}, "1": {"accuracy": 0.8461538461538461, "roc_auc": 0.9408284023668639}, "2": {"accuracy": 0.8461538461538461, "roc_auc": 0.9434582511505588}, "3": {"accuracy": 0.8589743589743589, "roc_auc": 0.9467455621301775}, "4": {"accuracy": 0.8461538461538461, "roc_auc": 0.9395134779750164}}, "plot_path": "./Predictions/CODING/EdgeR/RFE/Pictures/14.png"},