,selector,gene_names,weights,absolute weights
0,ENSG00000204387,C6orf48,0.36230680946229704,0.36230680946229704
2,ENSG00000269893,SNHG8,0.32896445604408686,0.32896445604408686
1,ENSG00000203875,SNHG5,0.308728734493616,0.308728734493616
