,selector,gene_names,weights,absolute weights
0,ENSG00000204387,C6orf48,0.3554166822209062,0.3554166822209062
2,ENSG00000269893,SNHG8,0.2394522196649094,0.2394522196649094
3,ENSG00000145337,PYURF,0.20850877137509075,0.20850877137509075
1,ENSG00000203875,SNHG5,0.1966223267390935,0.1966223267390935
