,selector,gene_names,weights,absolute weights
0,ENSG00000204387,C6orf48,0.285218091113362,0.285218091113362
2,ENSG00000269893,SNHG8,0.2163128687999015,0.2163128687999015
4,ENSG00000145337,PYURF,0.18165171247884665,0.18165171247884665
1,ENSG00000203875,SNHG5,0.1671398153174705,0.1671398153174705
3,ENSG00000170889,RPS9,0.14967751229041934,0.14967751229041934
