,selector,gene_names,weights,absolute weights
0,ENSG00000204387,C6orf48,0.24270732054064872,0.24270732054064872
2,ENSG00000269893,SNHG8,0.18089641366806128,0.18089641366806128
5,ENSG00000145337,PYURF,0.15867152712571306,0.15867152712571306
1,ENSG00000203875,SNHG5,0.14837629215545128,0.14837629215545128
4,ENSG00000215908,CROCCP2,0.13946558104942075,0.13946558104942075
3,ENSG00000170889,RPS9,0.12988286546070485,0.12988286546070485
