,selector,gene_names,weights,absolute weights
0,ENSG00000204387,C6orf48,0.2200337736727171,0.2200337736727171
2,ENSG00000269893,SNHG8,0.17699213739882064,0.17699213739882064
4,ENSG00000145337,PYURF,0.152869442407894,0.152869442407894
1,ENSG00000203875,SNHG5,0.14490239314238104,0.14490239314238104
3,ENSG00000215908,CROCCP2,0.1300742567819173,0.1300742567819173
6,ENSG00000125995,ROMO1,0.09926814835081774,0.09926814835081774
5,ENSG00000117543,DPH5,0.07585984824545214,0.07585984824545214
