,selector,gene_names,weights,absolute weights
0,ENSG00000204387,C6orf48,0.1775613790926807,0.1775613790926807
3,ENSG00000269893,SNHG8,0.14299033668267838,0.14299033668267838
2,ENSG00000203875,SNHG5,0.13285304105199175,0.13285304105199175
6,ENSG00000145337,PYURF,0.1296863265966953,0.1296863265966953
5,ENSG00000215908,CROCCP2,0.11622771993645929,0.11622771993645929
4,ENSG00000170889,RPS9,0.1124045868636123,0.1124045868636123
7,ENSG00000274012,RN7SL2,0.09866950023188965,0.09866950023188965
1,ENSG00000233493,TMEM238,0.08960710954399256,0.08960710954399256
