,selector,gene_names,weights,absolute weights
0,ENSG00000204387,C6orf48,0.27399814307374804,0.27399814307374804
3,ENSG00000269893,SNHG8,0.1845624871597977,0.1845624871597977
2,ENSG00000203875,SNHG5,0.14521182448644607,0.14521182448644607
6,ENSG00000145337,PYURF,0.12133493278735094,0.12133493278735094
1,ENSG00000233493,TMEM238,0.0639183494982207,0.0639183494982207
5,ENSG00000215908,CROCCP2,0.06384557444519279,0.06384557444519279
4,ENSG00000170889,RPS9,0.06347675313312671,0.06347675313312671
7,ENSG00000274012,RN7SL2,0.058450051663422736,0.058450051663422736
8,ENSG00000125995,ROMO1,0.025201883752694273,0.025201883752694273
