,selector,gene_names,weights,absolute weights
0,ENSG00000213442,RPL18AP3,0.0010492748524715367,0.0010492748524715367
2,ENSG00000171858,RPS21,0.000493809018689209,0.000493809018689209
1,ENSG00000236552,RPL13AP5,1.2942921804831616e-05,1.2942921804831616e-05
