,selector,gene_names,weights,absolute weights
2,ENSG00000203875,SNHG5,0.0021457891533295873,0.0021457891533295873
0,ENSG00000213442,RPL18AP3,0.0012424391768114716,0.0012424391768114716
1,ENSG00000236552,RPL13AP5,0.0002844811912294702,0.0002844811912294702
3,ENSG00000171858,RPS21,-8.727763057624599e-05,8.727763057624599e-05
