,selector,gene_names,weights,absolute weights
0,ENSG00000111678,C12orf57,0.0030611231222124812,0.0030611231222124812
3,ENSG00000203875,SNHG5,0.0025653089944278518,0.0025653089944278518
4,ENSG00000171858,RPS21,-0.0004649851993730146,0.0004649851993730146
1,ENSG00000213442,RPL18AP3,0.0003973413348631964,0.0003973413348631964
2,ENSG00000236552,RPL13AP5,-0.0003949412473284184,0.0003949412473284184
