,selector,gene_names,weights,absolute weights
1,ENSG00000152082,MZT2B,0.0032490390176705287,0.0032490390176705287
4,ENSG00000203875,SNHG5,0.0019814610299550483,0.0019814610299550483
3,ENSG00000236552,RPL13AP5,-0.0007397679771728398,0.0007397679771728398
0,ENSG00000111678,C12orf57,0.000485118504544597,0.000485118504544597
2,ENSG00000213442,RPL18AP3,-0.0002314129508968466,0.0002314129508968466
5,ENSG00000171858,RPS21,-1.686142331930441e-05,1.686142331930441e-05
