,selector,gene_names,weights,absolute weights
3,ENSG00000213442,RPL18AP3,0.0006653682655034086,0.0006653682655034086
2,ENSG00000152082,MZT2B,0.0003772107086242485,0.0003772107086242485
5,ENSG00000203875,SNHG5,0.0003379089071652368,0.0003379089071652368
1,ENSG00000111678,C12orf57,0.00024194099714785949,0.00024194099714785949
4,ENSG00000236552,RPL13AP5,0.00022380263430241452,0.00022380263430241452
0,ENSG00000198804,MT-CO1,-2.9764207102621444e-05,2.9764207102621444e-05
6,ENSG00000171858,RPS21,-2.0122229785800923e-05,2.0122229785800923e-05
