,selector,gene_names,weights,absolute weights
2,ENSG00000152082,MZT2B,0.010713940669518276,0.010713940669518276
7,ENSG00000215030,RPL13P12,-0.005492355150591236,0.005492355150591236
5,ENSG00000203875,SNHG5,0.0034640618723046535,0.0034640618723046535
4,ENSG00000236552,RPL13AP5,-0.0019336461541250714,0.0019336461541250714
3,ENSG00000213442,RPL18AP3,0.0005551481469916996,0.0005551481469916996
1,ENSG00000111678,C12orf57,0.0005338542606961877,0.0005338542606961877
6,ENSG00000171858,RPS21,-0.00032760138140815344,0.00032760138140815344
0,ENSG00000198804,MT-CO1,-2.249610973448855e-05,2.249610973448855e-05
