,selector,gene_names,weights,absolute weights
2,ENSG00000152082,MZT2B,0.0118436754080727,0.0118436754080727
8,ENSG00000215030,RPL13P12,-0.005575465186107014,0.005575465186107014
6,ENSG00000203875,SNHG5,0.004060792072894017,0.004060792072894017
5,ENSG00000225178,RPSAP58,-0.0033731281092452795,0.0033731281092452795
4,ENSG00000236552,RPL13AP5,-0.0014978777701582845,0.0014978777701582845
1,ENSG00000111678,C12orf57,0.0011603629734836525,0.0011603629734836525
3,ENSG00000213442,RPL18AP3,0.0008820039520070102,0.0008820039520070102
7,ENSG00000171858,RPS21,-0.0005324726820541311,0.0005324726820541311
0,ENSG00000198804,MT-CO1,-3.189820128544054e-05,3.189820128544054e-05
