{"3": {"ensembles": "ENSG00000213442, ENSG00000236552, ENSG00000237550", "genes": "RPL18AP3, RPL13AP5, RPL9P9", "results": {"0": {"accuracy": 0.8205128205128205, "roc_auc": 0.8944773175542406}, "1": {"accuracy": 0.8333333333333334, "roc_auc": 0.8882314266929652}, "2": {"accuracy": 0.8333333333333334, "roc_auc": 0.8928336620644313}, "3": {"accuracy": 0.8076923076923077, "roc_auc": 0.888888888888889}, "4": {"accuracy": 0.8205128205128205, "roc_auc": 0.8934911242603549}}, "plot_path": "./Predictions/NON_CODING/DESeq2/chi2/Pictures/3.png"}, "4": {"ensembles": "ENSG00000213442, ENSG00000236552, ENSG00000215908, ENSG00000237550", "genes": "RPL18AP3, RPL13AP5, CROCCP2, RPL9P9", "results": {"0": {"accuracy": 0.8076923076923077, "roc_auc": 0.8957922419460881}, "1": {"accuracy": 0.8333333333333334, "roc_auc": 0.9092702169625246}, "2": {"accuracy": 0.8076923076923077, "roc_auc": 0.9112426035502958}, "3": {"accuracy": 0.8205128205128205, "roc_auc": 0.9076265614727154}, "4": {"accuracy": 0.8076923076923077, "roc_auc": 0.9030243261012493}}, "plot_path": "./Predictions/NON_CODING/DESeq2/chi2/Pictures/4.png"}, "5": {"ensembles": "ENSG00000213442, ENSG00000236552, ENSG00000215030, ENSG00000215908, ENSG00000237550", "genes": "RPL18AP3, RPL13AP5, RPL13P12, CROCCP2, RPL9P9", "results": {"0": {"accuracy": 0.8333333333333334, "roc_auc": 0.9105851413543722}, "1": {"accuracy": 0.8333333333333334, "roc_auc": 0.9165023011176857}, "2": {"accuracy": 0.8333333333333334, "roc_auc": 0.9151873767258383}, "3": {"accuracy": 0.8076923076923077, "roc_auc": 0.901051939513478}, "4": {"accuracy": 0.8461538461538461, "roc_auc": 0.9059829059829059}}, "plot_path": "./Predictions/NON_CODING/DESeq2/chi2/Pictures/5.png"}, "6": {"ensembles": "ENSG00000213442, ENSG00000236552, ENSG00000215030, ENSG00000215908, ENSG00000237550, ENSG00000214485", "genes": "RPL18AP3, RPL13AP5, RPL13P12, CROCCP2, RPL9P9, RPL7P1", "results": {"0": {"accuracy": 0.8333333333333334, "roc_auc": 0.9112426035502958}, "1": {"accuracy": 0.8076923076923077, "roc_auc": 0.9066403681788298}, "2": {"accuracy": 0.8333333333333334, "roc_auc": 0.9138724523339908}, "3": {"accuracy": 0.8461538461538461, "roc_auc": 0.9128862590401052}, "4": {"accuracy": 0.8333333333333334, "roc_auc": 0.9079552925706772}}, "plot_path": "./Predictions/NON_CODING/DESeq2/chi2/Pictures/6.png"}, "7": {"ensembles": "ENSG00000213442, ENSG00000236552, ENSG00000225178, ENSG00000215030, ENSG00000215908, ENSG00000237550, ENSG00000214485", "genes": "RPL18AP3, RPL13AP5, RPSAP58, RPL13P12, CROCCP2, RPL9P9, RPL7P1", "results": {"0": {"accuracy": 0.8205128205128205, "roc_auc": 0.8997370151216305}, "1": {"accuracy": 0.8333333333333334, "roc_auc": 0.908284023668639}, "2": {"accuracy": 0.8205128205128205, "roc_auc": 0.9007232084155161}, "3": {"accuracy": 0.8205128205128205, "roc_auc": 0.905654174884944}, "4": {"accuracy": 0.8333333333333334, "roc_auc": 0.9056541748849443}}, "plot_path": "./Predictions/NON_CODING/DESeq2/chi2/Pictures/7.png"}, "8": {"ensembles": "ENSG00000213442, ENSG00000236552, ENSG00000225178, ENSG00000215030, ENSG00000215908, ENSG00000263266, ENSG00000237550, ENSG00000214485", "genes": "RPL18AP3, RPL13AP5, RPSAP58, RPL13P12, CROCCP2, RPS7P1, RPL9P9, RPL7P1", "results": {"0": {"accuracy": 0.8461538461538461, "roc_auc": 0.9069690992767916}, "1": {"accuracy": 0.8205128205128205, "roc_auc": 0.8994082840236686}, "2": {"accuracy": 0.8333333333333334, "roc_auc": 0.9171597633136095}, "3": {"accuracy": 0.8205128205128205, "roc_auc": 0.9079552925706772}, "4": {"accuracy": 0.8333333333333334, "roc_auc": 0.9053254437869823}}, "plot_path": "./Predictions/NON_CODING/DESeq2/chi2/Pictures/8.png"}, "9": {"ensembles": "ENSG00000213442, ENSG00000236552, ENSG00000225178, ENSG00000215030, ENSG00000215908, ENSG00000263266, ENSG00000237550, ENSG00000214485, ENSG00000244398", "genes": "RPL18AP3, RPL13AP5, RPSAP58, RPL13P12, CROCCP2, RPS7P1, RPL9P9, RPL7P1, RP11-466H18.1", "results": {"0": {"accuracy": 0.8333333333333334, "roc_auc": 0.9069690992767916}, "1": {"accuracy": 0.8589743589743589, "roc_auc": 0.9145299145299145}, "2": {"accuracy": 0.8589743589743589, "roc_auc": 0.9105851413543722}, "3": {"accuracy": 0.8461538461538461, "roc_auc": 0.9095989480604865}, "4": {"accuracy": 0.8461538461538461, "roc_auc": 0.9122287968441816}}, "plot_path": "./Predictions/NON_CODING/DESeq2/chi2/Pictures/9.png"}, "10": {"ensembles": "ENSG00000213442, ENSG00000236552, ENSG00000225178, ENSG00000269893, ENSG00000215030, ENSG00000215908, ENSG00000263266, ENSG00000237550, ENSG00000214485, ENSG00000244398", "genes": "RPL18AP3, RPL13AP5, RPSAP58, SNHG8, RPL13P12, CROCCP2, RPS7P1, RPL9P9, RPL7P1, RP11-466H18.1", "results": {"0": {"accuracy": 0.8333333333333334, "roc_auc": 0.9250493096646942}, "1": {"accuracy": 0.8333333333333334, "roc_auc": 0.9257067718606179}, "2": {"accuracy": 0.8333333333333334, "roc_auc": 0.9276791584483892}, "3": {"accuracy": 0.8333333333333334, "roc_auc": 0.9165023011176857}, "4": {"accuracy": 0.8333333333333334, "roc_auc": 0.9243918474687706}}, "plot_path": "./Predictions/NON_CODING/DESeq2/chi2/Pictures/10.png"}, "11": {"ensembles": "ENSG00000213442, ENSG00000236552, ENSG00000225178, ENSG00000269893, ENSG00000215030, ENSG00000215908, ENSG00000263266, ENSG00000237550, ENSG00000214485, ENSG00000227063, ENSG00000244398", "genes": "RPL18AP3, RPL13AP5, RPSAP58, SNHG8, RPL13P12, CROCCP2, RPS7P1, RPL9P9, RPL7P1, RPL41P1, RP11-466H18.1", "results": {"0": {"accuracy": 0.8461538461538461, "roc_auc": 0.9227481919789612}, "1": {"accuracy": 0.8205128205128205, "roc_auc": 0.9132149901380671}, "2": {"accuracy": 0.8333333333333334, "roc_auc": 0.9250493096646942}, "3": {"accuracy": 0.8333333333333334, "roc_auc": 0.9217619986850756}, "4": {"accuracy": 0.8333333333333334, "roc_auc": 0.9211045364891519}}, "plot_path": "./Predictions/NON_CODING/DESeq2/chi2/Pictures/11.png"}, "12": {"ensembles": "ENSG00000213442, ENSG00000236552, ENSG00000225178, ENSG00000269893, ENSG00000215030, ENSG00000215908, ENSG00000263266, ENSG00000264281, ENSG00000237550, ENSG00000214485, ENSG00000227063, ENSG00000244398", "genes": "RPL18AP3, RPL13AP5, RPSAP58, SNHG8, RPL13P12, CROCCP2, RPS7P1, CTD-2031P19.4, RPL9P9, RPL7P1, RPL41P1, RP11-466H18.1", "results": {"0": {"accuracy": 0.8333333333333334, "roc_auc": 0.9178172255095333}, "1": {"accuracy": 0.8333333333333334, "roc_auc": 0.9178172255095333}, "2": {"accuracy": 0.8205128205128205, "roc_auc": 0.9165023011176857}, "3": {"accuracy": 0.8333333333333334, "roc_auc": 0.9135437212360289}, "4": {"accuracy": 0.8333333333333334, "roc_auc": 0.9125575279421433}}, "plot_path": "./Predictions/NON_CODING/DESeq2/chi2/Pictures/12.png"}, "13": {"ensembles": "ENSG00000213442, ENSG00000236552, ENSG00000225178, ENSG00000269893, ENSG00000215030, ENSG00000215908, ENSG00000234797, ENSG00000263266, ENSG00000264281, ENSG00000237550, ENSG00000214485, ENSG00000227063, ENSG00000244398", "genes": "RPL18AP3, RPL13AP5, RPSAP58, SNHG8, RPL13P12, CROCCP2, RPS3AP6, RPS7P1, CTD-2031P19.4, RPL9P9, RPL7P1, RPL41P1, RP11-466H18.1", "results": {"0": {"accuracy": 0.8333333333333334, "roc_auc": 0.9211045364891519}, "1": {"accuracy": 0.8205128205128205, "roc_auc": 0.9165023011176857}, "2": {"accuracy": 0.8461538461538461, "roc_auc": 0.9138724523339907}, "3": {"accuracy": 0.8461538461538461, "roc_auc": 0.925706771860618}, "4": {"accuracy": 0.8333333333333334, "roc_auc": 0.9250493096646943}}, "plot_path": "./Predictions/NON_CODING/DESeq2/chi2/Pictures/13.png"}, "14": {"ensembles": "ENSG00000213442, ENSG00000236552, ENSG00000225178, ENSG00000269893, ENSG00000215030, ENSG00000215908, ENSG00000234797, ENSG00000263266, ENSG00000214389, ENSG00000264281, ENSG00000237550, ENSG00000214485, ENSG00000227063, ENSG00000244398", "genes": "RPL18AP3, RPL13AP5, RPSAP58, SNHG8, RPL13P12, CROCCP2, RPS3AP6, RPS7P1, RPS3AP26, CTD-2031P19.4, RPL9P9, RPL7P1, RPL41P1, RP11-466H18.1", "results": {"0": {"accuracy": 0.8333333333333334, "roc_auc": 0.9204470742932283}, "1": {"accuracy": 0.8333333333333334, "roc_auc": 0.9197896120973044},