{"3": {"ensembles": "ENSG00000213442, ENSG00000236552, ENSG00000237550", "genes": "RPL18AP3, RPL13AP5, RPL9P9", "results": {"0": {"accuracy": 0.8205128205128205, "roc_auc": 0.8908612754766602}, "1": {"accuracy": 0.8461538461538461, "roc_auc": 0.8888888888888888}, "2": {"accuracy": 0.8333333333333334, "roc_auc": 0.8875739644970414}, "3": {"accuracy": 0.8333333333333334, "roc_auc": 0.8882314266929652}, "4": {"accuracy": 0.8333333333333334, "roc_auc": 0.8842866535174227}}, "plot_path": "./Predictions/NON_CODING/DESeq2/chi2/Pictures/3.png"}, "4": {"ensembles": "ENSG00000213442, ENSG00000236552, ENSG00000203875, ENSG00000237550", "genes": "RPL18AP3, RPL13AP5, SNHG5, RPL9P9", "results": {"0": {"accuracy": 0.8333333333333334, "roc_auc": 0.913543721236029}, "1": {"accuracy": 0.8205128205128205, "roc_auc": 0.918145956607495}, "2": {"accuracy": 0.8205128205128205, "roc_auc": 0.9135437212360289}, "3": {"accuracy": 0.8205128205128205, "roc_auc": 0.9076265614727154}, "4": {"accuracy": 0.8076923076923077, "roc_auc": 0.9102564102564102}}, "plot_path": "./Predictions/NON_CODING/DESeq2/chi2/Pictures/4.png"}, "5": {"ensembles": "ENSG00000213442, ENSG00000236552, ENSG00000203875, ENSG00000215908, ENSG00000237550", "genes": "RPL18AP3, RPL13AP5, SNHG5, CROCCP2, RPL9P9", "results": {"0": {"accuracy": 0.8333333333333334, "roc_auc": 0.9335963182117027}, "1": {"accuracy": 0.8589743589743589, "roc_auc": 0.9401709401709402}, "2": {"accuracy": 0.8333333333333334, "roc_auc": 0.9388560157790927}, "3": {"accuracy": 0.8461538461538461, "roc_auc": 0.9368836291913215}, "4": {"accuracy": 0.8333333333333334, "roc_auc": 0.9388560157790927}}, "plot_path": "./Predictions/NON_CODING/DESeq2/chi2/Pictures/5.png"}, "6": {"ensembles": "ENSG00000213442, ENSG00000236552, ENSG00000203875, ENSG00000215908, ENSG00000234741, ENSG00000237550", "genes": "RPL18AP3, RPL13AP5, SNHG5, CROCCP2, GAS5, RPL9P9", "results": {"0": {"accuracy": 0.8717948717948718, "roc_auc": 0.9493754109138725}, "1": {"accuracy": 0.8717948717948718, "roc_auc": 0.9441157133464826}, "2": {"accuracy": 0.8846153846153846, "roc_auc": 0.940499671268902}, "3": {"accuracy": 0.8974358974358975, "roc_auc": 0.948060486522025}, "4": {"accuracy": 0.8846153846153846, "roc_auc": 0.94543063773833}}, "plot_path": "./Predictions/NON_CODING/DESeq2/chi2/Pictures/6.png"}, "7": {"ensembles": "ENSG00000213442, ENSG00000236552, ENSG00000203875, ENSG00000215030, ENSG00000215908, ENSG00000234741, ENSG00000237550", "genes": "RPL18AP3, RPL13AP5, SNHG5, RPL13P12, CROCCP2, GAS5, RPL9P9", "results": {"0": {"accuracy": 0.8846153846153846, "roc_auc": 0.9411571334648258}, "1": {"accuracy": 0.8974358974358975, "roc_auc": 0.9441157133464826}, "2": {"accuracy": 0.8717948717948718, "roc_auc": 0.9368836291913214}, "3": {"accuracy": 0.8974358974358975, "roc_auc": 0.9388560157790927}, "4": {"accuracy": 0.8589743589743589, "roc_auc": 0.9349112426035503}}, "plot_path": "./Predictions/NON_CODING/DESeq2/chi2/Pictures/7.png"}, "8": {"ensembles": "ENSG00000213442, ENSG00000236552, ENSG00000203875, ENSG00000215030, ENSG00000215908, ENSG00000234741, ENSG00000237550, ENSG00000214485", "genes": "RPL18AP3, RPL13AP5, SNHG5, RPL13P12, CROCCP2, GAS5, RPL9P9, RPL7P1", "results": {"0": {"accuracy": 0.8974358974358975, "roc_auc": 0.942800788954635}, "1": {"accuracy": 0.8717948717948718, "roc_auc": 0.9339250493096647}, "2": {"accuracy": 0.8846153846153846, "roc_auc": 0.928336620644313}, "3": {"accuracy": 0.8717948717948718, "roc_auc": 0.9401709401709402}, "4": {"accuracy": 0.8589743589743589, "roc_auc": 0.9395134779750165}}, "plot_path": "./Predictions/NON_CODING/DESeq2/chi2/Pictures/8.png"}, "9": {"ensembles": "ENSG00000213442, ENSG00000236552, ENSG00000225178, ENSG00000203875, ENSG00000215030, ENSG00000215908, ENSG00000234741, ENSG00000237550, ENSG00000214485", "genes": "RPL18AP3, RPL13AP5, RPSAP58, SNHG5, RPL13P12, CROCCP2, GAS5, RPL9P9, RPL7P1", "results": {"0": {"accuracy": 0.8717948717948718, "roc_auc": 0.9299802761341223}, "1": {"accuracy": 0.8717948717948718, "roc_auc": 0.9296515450361604}, "2": {"accuracy": 0.8974358974358975, "roc_auc": 0.938198553583169}, "3": {"accuracy": 0.8205128205128205, "roc_auc": 0.9316239316239316}, "4": {"accuracy": 0.8717948717948718, "roc_auc": 0.9322813938198553}}, "plot_path": "./Predictions/NON_CODING/DESeq2/chi2/Pictures/9.png"}, "10": {"ensembles": "ENSG00000213442, ENSG00000236552, ENSG00000225178, ENSG00000203875, ENSG00000215030, ENSG00000215908, ENSG00000263266, ENSG00000234741, ENSG00000237550, ENSG00000214485", "genes": "RPL18AP3, RPL13AP5, RPSAP58, SNHG5, RPL13P12, CROCCP2, RPS7P1, GAS5, RPL9P9, RPL7P1", "results": {"0": {"accuracy": 0.8461538461538461, "roc_auc": 0.9309664694280079}, "1": {"accuracy": 0.8589743589743589, "roc_auc": 0.9319526627218935}, "2": {"accuracy": 0.8589743589743589, "roc_auc": 0.9349112426035503}, "3": {"accuracy": 0.8589743589743589, "roc_auc": 0.9289940828402367}, "4": {"accuracy": 0.8589743589743589, "roc_auc": 0.9322813938198554}}, "plot_path": "./Predictions/NON_CODING/DESeq2/chi2/Pictures/10.png"}, "11": {"ensembles": "ENSG00000213442, ENSG00000236552, ENSG00000225178, ENSG00000203875, ENSG00000215030, ENSG00000215908, ENSG00000263266, ENSG00000234741, ENSG00000237550, ENSG00000214485, ENSG00000244398", "genes": "RPL18AP3, RPL13AP5, RPSAP58, SNHG5, RPL13P12, CROCCP2, RPS7P1, GAS5, RPL9P9, RPL7P1, RP11-466H18.1", "results": {"0": {"accuracy": 0.8846153846153846, "roc_auc": 0.9428007889546351}, "1": {"accuracy": 0.8589743589743589, "roc_auc": 0.9358974358974359}, "2": {"accuracy": 0.8461538461538461, "roc_auc": 0.9319526627218935}, "3": {"accuracy": 0.8589743589743589, "roc_auc": 0.9322813938198553}, "4": {"accuracy": 0.8846153846153846, "roc_auc": 0.9362261669953977}}, "plot_path": "./Predictions/NON_CODING/DESeq2/chi2/Pictures/11.png"}, "12": {"ensembles": "ENSG00000213442, ENSG00000236552, ENSG00000225178, ENSG00000203875, ENSG00000269893, ENSG00000215030, ENSG00000215908, ENSG00000263266, ENSG00000234741, ENSG00000237550, ENSG00000214485, ENSG00000244398", "genes": "RPL18AP3, RPL13AP5, RPSAP58, SNHG5, SNHG8, RPL13P12, CROCCP2, RPS7P1, GAS5, RPL9P9, RPL7P1, RP11-466H18.1", "results": {"0": {"accuracy": 0.8717948717948718, "roc_auc": 0.9421433267587114}, "1": {"accuracy": 0.8589743589743589, "roc_auc": 0.9421433267587114}, "2": {"accuracy": 0.8589743589743589, "roc_auc": 0.9401709401709402}, "3": {"accuracy": 0.8589743589743589, "roc_auc": 0.9372123602892833}, "4": {"accuracy": 0.8589743589743589, "roc_auc": 0.9428007889546351}}, "plot_path": "./Predictions/NON_CODING/DESeq2/chi2/Pictures/12.png"}, "13": {"ensembles": "ENSG00000213442, ENSG00000236552, ENSG00000225178, ENSG00000203875, ENSG00000269893, ENSG00000215030, ENSG00000215908, ENSG00000263266, ENSG00000234741, ENSG00000237550, ENSG00000214485, ENSG00000227063, ENSG00000244398", "genes": "RPL18AP3, RPL13AP5, RPSAP58, SNHG5, SNHG8, RPL13P12, CROCCP2, RPS7P1, GAS5, RPL9P9, RPL7P1, RPL41P1, RP11-466H18.1", "results": {"0": {"accuracy": 0.8589743589743589, "roc_auc": 0.9395134779750164}, "1": {"accuracy": 0.8589743589743589, "roc_auc": 0.943129520052597}, "2": {"accuracy": 0.8717948717948718, "roc_auc": 0.9447731755424064}, "3": {"accuracy": 0.8717948717948718, "roc_auc": 0.9421433267587114}, "4": {"accuracy": 0.8589743589743589, "roc_auc": 0.9441157133464826}}, "plot_path": "./Predictions/NON_CODING/DESeq2/chi2/Pictures/13.png"}, "14": {"ensembles": "ENSG00000213442, ENSG00000236552, ENSG00000225178, ENSG00000203875, ENSG00000269893, ENSG00000215030, ENSG00000215908, ENSG00000263266, ENSG00000234741, ENSG00000264281, ENSG00000237550, ENSG00000214485, ENSG00000227063, ENSG00000244398", "genes": "RPL18AP3, RPL13AP5, RPSAP58, SNHG5, SNHG8, RPL13P12, CROCCP2, RPS7P1, GAS5, CTD-2031P19.4, RPL9P9, RPL7P1, RPL41P1, RP11-466H18.1", "results": {"0": {"accuracy": 0.8461538461538461, "roc_auc": 0.9395134779750165}, "1": {"accuracy": 0.8589743589743589, "roc_auc": 0.9342537804076265}, "2": {"accuracy": 0.8589743589743589, "roc_auc": 0.9368836291913215},