{"3": {"ensembles": "ENSG00000213442, ENSG00000237550, ENSG00000274012", "genes": "RPL18AP3, RPL9P9, RN7SL2", "results": {"0": {"accuracy": 0.8461538461538461, "roc_auc": 0.9270216962524654}, "1": {"accuracy": 0.8461538461538461, "roc_auc": 0.9296515450361604}, "2": {"accuracy": 0.8589743589743589, "roc_auc": 0.9270216962524656}, "3": {"accuracy": 0.8205128205128205, "roc_auc": 0.9243918474687706}, "4": {"accuracy": 0.8717948717948718, "roc_auc": 0.9276791584483893}}, "plot_path": "./Predictions/NON_CODING/All/chi2/Pictures/3.png"}, "4": {"ensembles": "ENSG00000213442, ENSG00000236552, ENSG00000237550, ENSG00000274012", "genes": "RPL18AP3, RPL13AP5, RPL9P9, RN7SL2", "results": {"0": {"accuracy": 0.8589743589743589, "roc_auc": 0.9161735700197239}, "1": {"accuracy": 0.8846153846153846, "roc_auc": 0.9145299145299145}, "2": {"accuracy": 0.8589743589743589, "roc_auc": 0.9095989480604865}, "3": {"accuracy": 0.8717948717948718, "roc_auc": 0.9112426035502958}, "4": {"accuracy": 0.8589743589743589, "roc_auc": 0.911242603550296}}, "plot_path": "./Predictions/NON_CODING/All/chi2/Pictures/4.png"}, "5": {"ensembles": "ENSG00000213442, ENSG00000236552, ENSG00000215908, ENSG00000237550, ENSG00000274012", "genes": "RPL18AP3, RPL13AP5, CROCCP2, RPL9P9, RN7SL2", "results": {"0": {"accuracy": 0.8589743589743589, "roc_auc": 0.9263642340565417}, "1": {"accuracy": 0.8333333333333334, "roc_auc": 0.9230769230769231}, "2": {"accuracy": 0.8717948717948718, "roc_auc": 0.9240631163708086}, "3": {"accuracy": 0.8461538461538461, "roc_auc": 0.925706771860618}, "4": {"accuracy": 0.8589743589743589, "roc_auc": 0.9283366206443129}}, "plot_path": "./Predictions/NON_CODING/All/chi2/Pictures/5.png"}, "6": {"ensembles": "ENSG00000213442, ENSG00000236552, ENSG00000215030, ENSG00000215908, ENSG00000237550, ENSG00000274012", "genes": "RPL18AP3, RPL13AP5, RPL13P12, CROCCP2, RPL9P9, RN7SL2", "results": {"0": {"accuracy": 0.8974358974358975, "roc_auc": 0.9276791584483892}, "1": {"accuracy": 0.8717948717948718, "roc_auc": 0.928007889546351}, "2": {"accuracy": 0.8846153846153846, "roc_auc": 0.9296515450361604}, "3": {"accuracy": 0.8717948717948718, "roc_auc": 0.925706771860618}, "4": {"accuracy": 0.8717948717948718, "roc_auc": 0.9224194608809994}}, "plot_path": "./Predictions/NON_CODING/All/chi2/Pictures/6.png"}, "7": {"ensembles": "ENSG00000213442, ENSG00000236552, ENSG00000215030, ENSG00000215908, ENSG00000237550, ENSG00000214485, ENSG00000274012", "genes": "RPL18AP3, RPL13AP5, RPL13P12, CROCCP2, RPL9P9, RPL7P1, RN7SL2", "results": {"0": {"accuracy": 0.8717948717948718, "roc_auc": 0.9408284023668638}, "1": {"accuracy": 0.8589743589743589, "roc_auc": 0.9303090072320841}, "2": {"accuracy": 0.8717948717948718, "roc_auc": 0.9214332675871137}, "3": {"accuracy": 0.8461538461538461, "roc_auc": 0.9283366206443129}, "4": {"accuracy": 0.8461538461538461, "roc_auc": 0.923405654174885}}, "plot_path": "./Predictions/NON_CODING/All/chi2/Pictures/7.png"}, "8": {"ensembles": "ENSG00000213442, ENSG00000236552, ENSG00000225178, ENSG00000215030, ENSG00000215908, ENSG00000237550, ENSG00000214485, ENSG00000274012", "genes": "RPL18AP3, RPL13AP5, RPSAP58, RPL13P12, CROCCP2, RPL9P9, RPL7P1, RN7SL2", "results": {"0": {"accuracy": 0.8333333333333334, "roc_auc": 0.9138724523339907}, "1": {"accuracy": 0.8589743589743589, "roc_auc": 0.928336620644313}, "2": {"accuracy": 0.8589743589743589, "roc_auc": 0.9257067718606179}, "3": {"accuracy": 0.8589743589743589, "roc_auc": 0.9188034188034188}, "4": {"accuracy": 0.8333333333333334, "roc_auc": 0.9217619986850756}}, "plot_path": "./Predictions/NON_CODING/All/chi2/Pictures/8.png"}, "9": {"ensembles": "ENSG00000213442, ENSG00000236552, ENSG00000225178, ENSG00000215030, ENSG00000215908, ENSG00000237550, ENSG00000214485, ENSG00000274012, ENSG00000273149", "genes": "RPL18AP3, RPL13AP5, RPSAP58, RPL13P12, CROCCP2, RPL9P9, RPL7P1, RN7SL2, RP11-290D2.6", "results": {"0": {"accuracy": 0.8333333333333334, "roc_auc": 0.9257067718606181}, "1": {"accuracy": 0.8717948717948718, "roc_auc": 0.9227481919789612}, "2": {"accuracy": 0.8461538461538461, "roc_auc": 0.9217619986850756}, "3": {"accuracy": 0.8717948717948718, "roc_auc": 0.9217619986850756}, "4": {"accuracy": 0.8461538461538461, "roc_auc": 0.9181459566074951}}, "plot_path": "./Predictions/NON_CODING/All/chi2/Pictures/9.png"}, "10": {"ensembles": "ENSG00000213442, ENSG00000236552, ENSG00000225178, ENSG00000215030, ENSG00000215908, ENSG00000263266, ENSG00000237550, ENSG00000214485, ENSG00000274012, ENSG00000273149", "genes": "RPL18AP3, RPL13AP5, RPSAP58, RPL13P12, CROCCP2, RPS7P1, RPL9P9, RPL7P1, RN7SL2, RP11-290D2.6", "results": {"0": {"accuracy": 0.8461538461538461, "roc_auc": 0.9211045364891519}, "1": {"accuracy": 0.8461538461538461, "roc_auc": 0.9188034188034188}, "2": {"accuracy": 0.8461538461538461, "roc_auc": 0.920447074293228}, "3": {"accuracy": 0.8461538461538461, "roc_auc": 0.9237343852728469}, "4": {"accuracy": 0.8333333333333334, "roc_auc": 0.9184746877054569}}, "plot_path": "./Predictions/NON_CODING/All/chi2/Pictures/10.png"}, "11": {"ensembles": "ENSG00000213442, ENSG00000236552, ENSG00000225178, ENSG00000215030, ENSG00000215908, ENSG00000263266, ENSG00000237550, ENSG00000214485, ENSG00000244398, ENSG00000274012, ENSG00000273149", "genes": "RPL18AP3, RPL13AP5, RPSAP58, RPL13P12, CROCCP2, RPS7P1, RPL9P9, RPL7P1, RP11-466H18.1, RN7SL2, RP11-290D2.6", "results": {"0": {"accuracy": 0.8461538461538461, "roc_auc": 0.9322813938198553}, "1": {"accuracy": 0.8717948717948718, "roc_auc": 0.9303090072320842}, "2": {"accuracy": 0.8333333333333334, "roc_auc": 0.9237343852728469}, "3": {"accuracy": 0.8589743589743589, "roc_auc": 0.9316239316239316}, "4": {"accuracy": 0.8205128205128205, "roc_auc": 0.9276791584483892}}, "plot_path": "./Predictions/NON_CODING/All/chi2/Pictures/11.png"}, "12": {"ensembles": "ENSG00000213442, ENSG00000236552, ENSG00000225178, ENSG00000269893, ENSG00000215030, ENSG00000215908, ENSG00000263266, ENSG00000237550, ENSG00000214485, ENSG00000244398, ENSG00000274012, ENSG00000273149", "genes": "RPL18AP3, RPL13AP5, RPSAP58, SNHG8, RPL13P12, CROCCP2, RPS7P1, RPL9P9, RPL7P1, RP11-466H18.1, RN7SL2, RP11-290D2.6", "results": {"0": {"accuracy": 0.8333333333333334, "roc_auc": 0.942800788954635}, "1": {"accuracy": 0.8333333333333334, "roc_auc": 0.9335963182117027}, "2": {"accuracy": 0.8333333333333334, "roc_auc": 0.9322813938198553}, "3": {"accuracy": 0.8461538461538461, "roc_auc": 0.9309664694280079}, "4": {"accuracy": 0.8333333333333334, "roc_auc": 0.9375410913872453}}, "plot_path": "./Predictions/NON_CODING/All/chi2/Pictures/12.png"}, "13": {"ensembles": "ENSG00000213442, ENSG00000236552, ENSG00000225178, ENSG00000269893, ENSG00000215030, ENSG00000215908, ENSG00000263266, ENSG00000237550, ENSG00000214485, ENSG00000227063, ENSG00000244398, ENSG00000274012, ENSG00000273149", "genes": "RPL18AP3, RPL13AP5, RPSAP58, SNHG8, RPL13P12, CROCCP2, RPS7P1, RPL9P9, RPL7P1, RPL41P1, RP11-466H18.1, RN7SL2, RP11-290D2.6", "results": {"0": {"accuracy": 0.8333333333333334, "roc_auc": 0.9362261669953977}, "1": {"accuracy": 0.8461538461538461, "roc_auc": 0.9368836291913214}, "2": {"accuracy": 0.8333333333333334, "roc_auc": 0.9322813938198554}, "3": {"accuracy": 0.8461538461538461, "roc_auc": 0.9322813938198553}, "4": {"accuracy": 0.8461538461538461, "roc_auc": 0.9428007889546351}}, "plot_path": "./Predictions/NON_CODING/All/chi2/Pictures/13.png"}, "14": {"ensembles": "ENSG00000213442, ENSG00000236552, ENSG00000225178, ENSG00000269893, ENSG00000215030, ENSG00000215908, ENSG00000263266, ENSG00000264281, ENSG00000237550, ENSG00000214485, ENSG00000227063, ENSG00000244398, ENSG00000274012, ENSG00000273149", "genes": "RPL18AP3, RPL13AP5, RPSAP58, SNHG8, RPL13P12, CROCCP2, RPS7P1, CTD-2031P19.4, RPL9P9, RPL7P1, RPL41P1, RP11-466H18.1, RN7SL2, RP11-290D2.6", "results": {"0": {"accuracy": 0.8461538461538461, "roc_auc": 0.9342537804076265}, "1": {"accuracy": 0.8333333333333334, "roc_auc": 0.9368836291913214}, "2": {"accuracy": 0.8333333333333334,