{"3": {"ensembles": "ENSG00000213442, ENSG00000237550, ENSG00000274012", "genes": "RPL18AP3, RPL9P9, RN7SL2", "results": {"0": {"accuracy": 0.8589743589743589, "roc_auc": 0.925706771860618}, "1": {"accuracy": 0.8461538461538461, "roc_auc": 0.9171597633136095}, "2": {"accuracy": 0.8589743589743589, "roc_auc": 0.9270216962524656}, "3": {"accuracy": 0.8717948717948718, "roc_auc": 0.9289940828402367}, "4": {"accuracy": 0.8461538461538461, "roc_auc": 0.925706771860618}}, "plot_path": "./Predictions/NON_CODING/All/chi2/Pictures/3.png"}, "4": {"ensembles": "ENSG00000213442, ENSG00000236552, ENSG00000237550, ENSG00000274012", "genes": "RPL18AP3, RPL13AP5, RPL9P9, RN7SL2", "results": {"0": {"accuracy": 0.8717948717948718, "roc_auc": 0.9007232084155162}, "1": {"accuracy": 0.8717948717948718, "roc_auc": 0.9092702169625246}, "2": {"accuracy": 0.8846153846153846, "roc_auc": 0.9072978303747534}, "3": {"accuracy": 0.8589743589743589, "roc_auc": 0.9079552925706772}, "4": {"accuracy": 0.8846153846153846, "roc_auc": 0.9026955950032873}}, "plot_path": "./Predictions/NON_CODING/All/chi2/Pictures/4.png"}, "5": {"ensembles": "ENSG00000213442, ENSG00000236552, ENSG00000203875, ENSG00000237550, ENSG00000274012", "genes": "RPL18AP3, RPL13AP5, SNHG5, RPL9P9, RN7SL2", "results": {"0": {"accuracy": 0.8846153846153846, "roc_auc": 0.9477317554240631}, "1": {"accuracy": 0.8846153846153846, "roc_auc": 0.9441157133464825}, "2": {"accuracy": 0.8717948717948718, "roc_auc": 0.9506903353057199}, "3": {"accuracy": 0.8846153846153846, "roc_auc": 0.948060486522025}, "4": {"accuracy": 0.8846153846153846, "roc_auc": 0.9414858645627876}}, "plot_path": "./Predictions/NON_CODING/All/chi2/Pictures/5.png"}, "6": {"ensembles": "ENSG00000213442, ENSG00000236552, ENSG00000203875, ENSG00000215908, ENSG00000237550, ENSG00000274012", "genes": "RPL18AP3, RPL13AP5, SNHG5, CROCCP2, RPL9P9, RN7SL2", "results": {"0": {"accuracy": 0.9102564102564102, "roc_auc": 0.9592373438527284}, "1": {"accuracy": 0.8974358974358975, "roc_auc": 0.960552268244576}, "2": {"accuracy": 0.8974358974358975, "roc_auc": 0.9552925706771861}, "3": {"accuracy": 0.8974358974358975, "roc_auc": 0.9598948060486522}, "4": {"accuracy": 0.9102564102564102, "roc_auc": 0.9579224194608811}}, "plot_path": "./Predictions/NON_CODING/All/chi2/Pictures/6.png"}, "7": {"ensembles": "ENSG00000213442, ENSG00000236552, ENSG00000203875, ENSG00000215908, ENSG00000234741, ENSG00000237550, ENSG00000274012", "genes": "RPL18AP3, RPL13AP5, SNHG5, CROCCP2, GAS5, RPL9P9, RN7SL2", "results": {"0": {"accuracy": 0.8846153846153846, "roc_auc": 0.9539776462853385}, "1": {"accuracy": 0.9102564102564102, "roc_auc": 0.955292570677186}, "2": {"accuracy": 0.9102564102564102, "roc_auc": 0.9605522682445758}, "3": {"accuracy": 0.8846153846153846, "roc_auc": 0.9612097304404996}, "4": {"accuracy": 0.9230769230769231, "roc_auc": 0.9618671926364234}}, "plot_path": "./Predictions/NON_CODING/All/chi2/Pictures/7.png"}, "8": {"ensembles": "ENSG00000213442, ENSG00000236552, ENSG00000203875, ENSG00000215030, ENSG00000215908, ENSG00000234741, ENSG00000237550, ENSG00000274012", "genes": "RPL18AP3, RPL13AP5, SNHG5, RPL13P12, CROCCP2, GAS5, RPL9P9, RN7SL2", "results": {"0": {"accuracy": 0.8974358974358975, "roc_auc": 0.9552925706771861}, "1": {"accuracy": 0.8974358974358975, "roc_auc": 0.9572649572649572}, "2": {"accuracy": 0.8974358974358975, "roc_auc": 0.9572649572649572}, "3": {"accuracy": 0.8974358974358975, "roc_auc": 0.9559500328731098}, "4": {"accuracy": 0.8974358974358975, "roc_auc": 0.952662721893491}}, "plot_path": "./Predictions/NON_CODING/All/chi2/Pictures/8.png"}, "9": {"ensembles": "ENSG00000213442, ENSG00000236552, ENSG00000203875, ENSG00000215030, ENSG00000215908, ENSG00000234741, ENSG00000237550, ENSG00000214485, ENSG00000274012", "genes": "RPL18AP3, RPL13AP5, SNHG5, RPL13P12, CROCCP2, GAS5, RPL9P9, RPL7P1, RN7SL2", "results": {"0": {"accuracy": 0.9102564102564102, "roc_auc": 0.9559500328731098}, "1": {"accuracy": 0.9230769230769231, "roc_auc": 0.9520052596975672}, "2": {"accuracy": 0.9102564102564102, "roc_auc": 0.9520052596975674}, "3": {"accuracy": 0.9102564102564102, "roc_auc": 0.9559500328731098}, "4": {"accuracy": 0.9102564102564102, "roc_auc": 0.9526627218934911}}, "plot_path": "./Predictions/NON_CODING/All/chi2/Pictures/9.png"}, "10": {"ensembles": "ENSG00000213442, ENSG00000236552, ENSG00000225178, ENSG00000203875, ENSG00000215030, ENSG00000215908, ENSG00000234741, ENSG00000237550, ENSG00000214485, ENSG00000274012", "genes": "RPL18AP3, RPL13AP5, RPSAP58, SNHG5, RPL13P12, CROCCP2, GAS5, RPL9P9, RPL7P1, RN7SL2", "results": {"0": {"accuracy": 0.8717948717948718, "roc_auc": 0.9526627218934911}, "1": {"accuracy": 0.8974358974358975, "roc_auc": 0.9533201840894149}, "2": {"accuracy": 0.9102564102564102, "roc_auc": 0.9546351084812623}, "3": {"accuracy": 0.8846153846153846, "roc_auc": 0.9513477975016437}, "4": {"accuracy": 0.8846153846153846, "roc_auc": 0.9552925706771861}}, "plot_path": "./Predictions/NON_CODING/All/chi2/Pictures/10.png"}, "11": {"ensembles": "ENSG00000213442, ENSG00000236552, ENSG00000225178, ENSG00000203875, ENSG00000215030, ENSG00000215908, ENSG00000234741, ENSG00000237550, ENSG00000214485, ENSG00000274012, ENSG00000273149", "genes": "RPL18AP3, RPL13AP5, RPSAP58, SNHG5, RPL13P12, CROCCP2, GAS5, RPL9P9, RPL7P1, RN7SL2, RP11-290D2.6", "results": {"0": {"accuracy": 0.8846153846153846, "roc_auc": 0.95069033530572}, "1": {"accuracy": 0.8974358974358975, "roc_auc": 0.955292570677186}, "2": {"accuracy": 0.8846153846153846, "roc_auc": 0.9526627218934911}, "3": {"accuracy": 0.9102564102564102, "roc_auc": 0.9552925706771861}, "4": {"accuracy": 0.8974358974358975, "roc_auc": 0.9533201840894149}}, "plot_path": "./Predictions/NON_CODING/All/chi2/Pictures/11.png"}, "12": {"ensembles": "ENSG00000213442, ENSG00000236552, ENSG00000225178, ENSG00000203875, ENSG00000215030, ENSG00000215908, ENSG00000263266, ENSG00000234741, ENSG00000237550, ENSG00000214485, ENSG00000274012, ENSG00000273149", "genes": "RPL18AP3, RPL13AP5, RPSAP58, SNHG5, RPL13P12, CROCCP2, RPS7P1, GAS5, RPL9P9, RPL7P1, RN7SL2, RP11-290D2.6", "results": {"0": {"accuracy": 0.8846153846153846, "roc_auc": 0.9533201840894149}, "1": {"accuracy": 0.8846153846153846, "roc_auc": 0.9533201840894149}, "2": {"accuracy": 0.8589743589743589, "roc_auc": 0.9526627218934911}, "3": {"accuracy": 0.8846153846153846, "roc_auc": 0.9552925706771861}, "4": {"accuracy": 0.8717948717948718, "roc_auc": 0.9546351084812623}}, "plot_path": "./Predictions/NON_CODING/All/chi2/Pictures/12.png"}, "13": {"ensembles": "ENSG00000213442, ENSG00000236552, ENSG00000225178, ENSG00000203875, ENSG00000215030, ENSG00000215908, ENSG00000263266, ENSG00000234741, ENSG00000237550, ENSG00000214485, ENSG00000244398, ENSG00000274012, ENSG00000273149", "genes": "RPL18AP3, RPL13AP5, RPSAP58, SNHG5, RPL13P12, CROCCP2, RPS7P1, GAS5, RPL9P9, RPL7P1, RP11-466H18.1, RN7SL2, RP11-290D2.6", "results": {"0": {"accuracy": 0.8717948717948718, "roc_auc": 0.9513477975016437}, "1": {"accuracy": 0.8589743589743589, "roc_auc": 0.9474030243261011}, "2": {"accuracy": 0.8846153846153846, "roc_auc": 0.9506903353057199}, "3": {"accuracy": 0.8461538461538461, "roc_auc": 0.9493754109138725}, "4": {"accuracy": 0.8589743589743589, "roc_auc": 0.9513477975016436}}, "plot_path": "./Predictions/NON_CODING/All/chi2/Pictures/13.png"}, "14": {"ensembles": "ENSG00000213442, ENSG00000236552, ENSG00000225178, ENSG00000203875, ENSG00000269893, ENSG00000215030, ENSG00000215908, ENSG00000263266, ENSG00000234741, ENSG00000237550, ENSG00000214485, ENSG00000244398, ENSG00000274012, ENSG00000273149", "genes": "RPL18AP3, RPL13AP5, RPSAP58, SNHG5, SNHG8, RPL13P12, CROCCP2, RPS7P1, GAS5, RPL9P9, RPL7P1, RP11-466H18.1, RN7SL2, RP11-290D2.6", "results": {"0": {"accuracy": 0.8589743589743589, "roc_auc": 0.9539776462853387}, "1": {"accuracy": 0.8589743589743589, "roc_auc": 0.94543063773833}, "2": {"accuracy": 0.8717948717948718, "roc_auc": 0.9526627218934911}, "3": {"accuracy": 0.8589743589743589,