{"3": {"ensembles": "ENSG00000204387, ENSG00000203875, ENSG00000269893", "genes": "C6orf48, SNHG5, SNHG8", "results": {"0": {"accuracy": 0.8589743589743589, "roc_auc": 0.9533201840894149}, "1": {"accuracy": 0.8717948717948718, "roc_auc": 0.9520052596975674}, "2": {"accuracy": 0.8717948717948718, "roc_auc": 0.9552925706771861}, "3": {"accuracy": 0.8846153846153846, "roc_auc": 0.9546351084812623}, "4": {"accuracy": 0.8974358974358975, "roc_auc": 0.9572649572649573}}, "plot_path": "./Predictions/All_GENES/Only combined libraries/RFE/Pictures/3.png"}, "4": {"ensembles": "ENSG00000179085, ENSG00000204387, ENSG00000203875, ENSG00000269893", "genes": "DPM3, C6orf48, SNHG5, SNHG8", "results": {"0": {"accuracy": 0.8333333333333334, "roc_auc": 0.9533201840894149}, "1": {"accuracy": 0.8589743589743589, "roc_auc": 0.9520052596975673}, "2": {"accuracy": 0.8589743589743589, "roc_auc": 0.9487179487179487}, "3": {"accuracy": 0.8461538461538461, "roc_auc": 0.948060486522025}, "4": {"accuracy": 0.8333333333333334, "roc_auc": 0.9520052596975673}}, "plot_path": "./Predictions/All_GENES/Only combined libraries/RFE/Pictures/4.png"}, "5": {"ensembles": "ENSG00000179085, ENSG00000111678, ENSG00000204387, ENSG00000203875, ENSG00000269893", "genes": "DPM3, C12orf57, C6orf48, SNHG5, SNHG8", "results": {"0": {"accuracy": 0.8717948717948718, "roc_auc": 0.9520052596975674}, "1": {"accuracy": 0.8333333333333334, "roc_auc": 0.9408284023668638}, "2": {"accuracy": 0.8461538461538461, "roc_auc": 0.9474030243261012}, "3": {"accuracy": 0.8205128205128205, "roc_auc": 0.9434582511505589}, "4": {"accuracy": 0.8589743589743589, "roc_auc": 0.9487179487179487}}, "plot_path": "./Predictions/All_GENES/Only combined libraries/RFE/Pictures/5.png"}, "6": {"ensembles": "ENSG00000179085, ENSG00000204387, ENSG00000233493, ENSG00000203875, ENSG00000269893, ENSG00000278771", "genes": "DPM3, C6orf48, TMEM238, SNHG5, SNHG8, Metazoa_SRP", "results": {"0": {"accuracy": 0.8589743589743589, "roc_auc": 0.9710716633793557}, "1": {"accuracy": 0.8717948717948718, "roc_auc": 0.9684418145956608}, "2": {"accuracy": 0.8846153846153846, "roc_auc": 0.9717291255752794}, "3": {"accuracy": 0.8717948717948718, "roc_auc": 0.9697567389875081}, "4": {"accuracy": 0.8846153846153846, "roc_auc": 0.967784352399737}}, "plot_path": "./Predictions/All_GENES/Only combined libraries/RFE/Pictures/6.png"}, "7": {"ensembles": "ENSG00000179085, ENSG00000204387, ENSG00000233493, ENSG00000141933, ENSG00000203875, ENSG00000269893, ENSG00000278771", "genes": "DPM3, C6orf48, TMEM238, TPGS1, SNHG5, SNHG8, Metazoa_SRP", "results": {"0": {"accuracy": 0.8846153846153846, "roc_auc": 0.9684418145956608}, "1": {"accuracy": 0.8717948717948718, "roc_auc": 0.9658119658119658}, "2": {"accuracy": 0.8717948717948718, "roc_auc": 0.9664694280078895}, "3": {"accuracy": 0.8461538461538461, "roc_auc": 0.9704142011834319}, "4": {"accuracy": 0.8589743589743589, "roc_auc": 0.967784352399737}}, "plot_path": "./Predictions/All_GENES/Only combined libraries/RFE/Pictures/7.png"}, "8": {"ensembles": "ENSG00000179085, ENSG00000204387, ENSG00000233493, ENSG00000236552, ENSG00000141933, ENSG00000203875, ENSG00000269893, ENSG00000278771", "genes": "DPM3, C6orf48, TMEM238, RPL13AP5, TPGS1, SNHG5, SNHG8, Metazoa_SRP", "results": {"0": {"accuracy": 0.8589743589743589, "roc_auc": 0.9658119658119658}, "1": {"accuracy": 0.8846153846153846, "roc_auc": 0.9690992767915845}, "2": {"accuracy": 0.8717948717948718, "roc_auc": 0.9631821170282708}, "3": {"accuracy": 0.8717948717948718, "roc_auc": 0.9618671926364234}, "4": {"accuracy": 0.8717948717948718, "roc_auc": 0.9671268902038133}}, "plot_path": "./Predictions/All_GENES/Only combined libraries/RFE/Pictures/8.png"}, "9": {"ensembles": "ENSG00000179085, ENSG00000204387, ENSG00000233493, ENSG00000236552, ENSG00000141933, ENSG00000225864, ENSG00000203875, ENSG00000269893, ENSG00000188290", "genes": "DPM3, C6orf48, TMEM238, RPL13AP5, TPGS1, HCG4P11, SNHG5, SNHG8, HES4", "results": {"0": {"accuracy": 0.8461538461538461, "roc_auc": 0.9638395792241946}, "1": {"accuracy": 0.8589743589743589, "roc_auc": 0.9598948060486522}, "2": {"accuracy": 0.8589743589743589, "roc_auc": 0.9592373438527285}, "3": {"accuracy": 0.8846153846153846, "roc_auc": 0.9664694280078895}, "4": {"accuracy": 0.8589743589743589, "roc_auc": 0.9644970414201183}}, "plot_path": "./Predictions/All_GENES/Only combined libraries/RFE/Pictures/9.png"}, "10": {"ensembles": "ENSG00000179085, ENSG00000111678, ENSG00000204387, ENSG00000233493, ENSG00000236552, ENSG00000272906, ENSG00000203875, ENSG00000269893, ENSG00000188290, ENSG00000278771", "genes": "DPM3, C12orf57, C6orf48, TMEM238, RPL13AP5, RP11-533E19.7, SNHG5, SNHG8, HES4, Metazoa_SRP", "results": {"0": {"accuracy": 0.8589743589743589, "roc_auc": 0.9618671926364234}, "1": {"accuracy": 0.8846153846153846, "roc_auc": 0.965154503616042}, "2": {"accuracy": 0.8717948717948718, "roc_auc": 0.963182117028271}, "3": {"accuracy": 0.8717948717948718, "roc_auc": 0.9644970414201183}, "4": {"accuracy": 0.8589743589743589, "roc_auc": 0.9618671926364234}}, "plot_path": "./Predictions/All_GENES/Only combined libraries/RFE/Pictures/10.png"}, "11": {"ensembles": "ENSG00000179085, ENSG00000111678, ENSG00000204387, ENSG00000233493, ENSG00000236552, ENSG00000141933, ENSG00000272906, ENSG00000203875, ENSG00000269893, ENSG00000188290, ENSG00000278771", "genes": "DPM3, C12orf57, C6orf48, TMEM238, RPL13AP5, TPGS1, RP11-533E19.7, SNHG5, SNHG8, HES4, Metazoa_SRP", "results": {"0": {"accuracy": 0.8846153846153846, "roc_auc": 0.9638395792241946}, "1": {"accuracy": 0.8717948717948718, "roc_auc": 0.9598948060486521}, "2": {"accuracy": 0.8717948717948718, "roc_auc": 0.9598948060486523}, "3": {"accuracy": 0.8589743589743589, "roc_auc": 0.9644970414201184}, "4": {"accuracy": 0.8717948717948718, "roc_auc": 0.955292570677186}}, "plot_path": "./Predictions/All_GENES/Only combined libraries/RFE/Pictures/11.png"}, "12": {"ensembles": "ENSG00000179085, ENSG00000111678, ENSG00000204387, ENSG00000266538, ENSG00000233493, ENSG00000236552, ENSG00000272906, ENSG00000225864, ENSG00000203875, ENSG00000269893, ENSG00000188290, ENSG00000278771", "genes": "DPM3, C12orf57, C6orf48, RP11-385D13.3, TMEM238, RPL13AP5, RP11-533E19.7, HCG4P11, SNHG5, SNHG8, HES4, Metazoa_SRP", "results": {"0": {"accuracy": 0.8846153846153846, "roc_auc": 0.9684418145956607}, "1": {"accuracy": 0.8974358974358975, "roc_auc": 0.9730440499671269}, "2": {"accuracy": 0.8717948717948718, "roc_auc": 0.9664694280078895}, "3": {"accuracy": 0.8974358974358975, "roc_auc": 0.9658119658119657}, "4": {"accuracy": 0.8717948717948718, "roc_auc": 0.9658119658119657}}, "plot_path": "./Predictions/All_GENES/Only combined libraries/RFE/Pictures/12.png"}, "13": {"ensembles": "ENSG00000179085, ENSG00000111678, ENSG00000152082, ENSG00000204387, ENSG00000233493, ENSG00000236552, ENSG00000141933, ENSG00000272906, ENSG00000225864, ENSG00000203875, ENSG00000269893, ENSG00000188290, ENSG00000278771", "genes": "DPM3, C12orf57, MZT2B, C6orf48, TMEM238, RPL13AP5, TPGS1, RP11-533E19.7, HCG4P11, SNHG5, SNHG8, HES4, Metazoa_SRP", "results": {"0": {"accuracy": 0.8589743589743589, "roc_auc": 0.9631821170282708}, "1": {"accuracy": 0.8589743589743589, "roc_auc": 0.9612097304404997}, "2": {"accuracy": 0.8846153846153846, "roc_auc": 0.9579224194608811}, "3": {"accuracy": 0.8846153846153846, "roc_auc": 0.955292570677186}, "4": {"accuracy": 0.8717948717948718, "roc_auc": 0.9651545036160422}}, "plot_path": "./Predictions/All_GENES/Only combined libraries/RFE/Pictures/13.png"}, "14": {"ensembles": "ENSG00000179085, ENSG00000111678, ENSG00000152082, ENSG00000204387, ENSG00000233493, ENSG00000236552, ENSG00000141933, ENSG00000272906, ENSG00000225864, ENSG00000203875, ENSG00000269893, ENSG00000155428, ENSG00000212123, ENSG00000188290", "genes": "DPM3, C12orf57, MZT2B, C6orf48, TMEM238, RPL13AP5, TPGS1, RP11-533E19.7, HCG4P11, SNHG5, SNHG8, TRIM74, PRR22, HES4", "results": {"0": {"accuracy": 0.8589743589743589, "roc_auc": 0.9572649572649573},