{"3": {"ensembles": "ENSG00000213442, ENSG00000171858, ENSG00000274012", "genes": "RPL18AP3, RPS21, RN7SL2", "results": {"0": {"accuracy": 0.8205128205128205, "roc_auc": 0.9184746877054569}, "1": {"accuracy": 0.8205128205128205, "roc_auc": 0.9099276791584483}, "2": {"accuracy": 0.8333333333333334, "roc_auc": 0.9211045364891519}, "3": {"accuracy": 0.8205128205128205, "roc_auc": 0.9151873767258383}, "4": {"accuracy": 0.8333333333333334, "roc_auc": 0.9158448389217619}}, "plot_path": "./Predictions/All_GENES/LimmaVoom/chi2/Pictures/3.png"}, "4": {"ensembles": "ENSG00000213442, ENSG00000236552, ENSG00000171858, ENSG00000274012", "genes": "RPL18AP3, RPL13AP5, RPS21, RN7SL2", "results": {"0": {"accuracy": 0.8461538461538461, "roc_auc": 0.8994082840236686}, "1": {"accuracy": 0.8205128205128205, "roc_auc": 0.9040105193951348}, "2": {"accuracy": 0.8205128205128205, "roc_auc": 0.9033530571992111}, "3": {"accuracy": 0.8076923076923077, "roc_auc": 0.9000657462195925}, "4": {"accuracy": 0.8333333333333334, "roc_auc": 0.8987508218277449}}, "plot_path": "./Predictions/All_GENES/LimmaVoom/chi2/Pictures/4.png"}, "5": {"ensembles": "ENSG00000213442, ENSG00000236552, ENSG00000203875, ENSG00000171858, ENSG00000274012", "genes": "RPL18AP3, RPL13AP5, SNHG5, RPS21, RN7SL2", "results": {"0": {"accuracy": 0.8974358974358975, "roc_auc": 0.94543063773833}, "1": {"accuracy": 0.8717948717948718, "roc_auc": 0.9414858645627876}, "2": {"accuracy": 0.8846153846153846, "roc_auc": 0.9411571334648258}, "3": {"accuracy": 0.8846153846153846, "roc_auc": 0.9401709401709403}, "4": {"accuracy": 0.8717948717948718, "roc_auc": 0.9388560157790927}}, "plot_path": "./Predictions/All_GENES/LimmaVoom/chi2/Pictures/5.png"}, "6": {"ensembles": "ENSG00000111678, ENSG00000213442, ENSG00000236552, ENSG00000203875, ENSG00000171858, ENSG00000274012", "genes": "C12orf57, RPL18AP3, RPL13AP5, SNHG5, RPS21, RN7SL2", "results": {"0": {"accuracy": 0.8974358974358975, "roc_auc": 0.9296515450361604}, "1": {"accuracy": 0.8846153846153846, "roc_auc": 0.9401709401709402}, "2": {"accuracy": 0.8974358974358975, "roc_auc": 0.9349112426035503}, "3": {"accuracy": 0.8974358974358975, "roc_auc": 0.9319526627218935}, "4": {"accuracy": 0.8717948717948718, "roc_auc": 0.9342537804076266}}, "plot_path": "./Predictions/All_GENES/LimmaVoom/chi2/Pictures/6.png"}, "7": {"ensembles": "ENSG00000111678, ENSG00000152082, ENSG00000213442, ENSG00000236552, ENSG00000203875, ENSG00000171858, ENSG00000274012", "genes": "C12orf57, MZT2B, RPL18AP3, RPL13AP5, SNHG5, RPS21, RN7SL2", "results": {"0": {"accuracy": 0.8846153846153846, "roc_auc": 0.9375410913872453}, "1": {"accuracy": 0.8974358974358975, "roc_auc": 0.9447731755424063}, "2": {"accuracy": 0.8974358974358975, "roc_auc": 0.9480604865220249}, "3": {"accuracy": 0.8974358974358975, "roc_auc": 0.938198553583169}, "4": {"accuracy": 0.8846153846153846, "roc_auc": 0.9408284023668639}}, "plot_path": "./Predictions/All_GENES/LimmaVoom/chi2/Pictures/7.png"}, "8": {"ensembles": "ENSG00000198804, ENSG00000111678, ENSG00000152082, ENSG00000213442, ENSG00000236552, ENSG00000203875, ENSG00000171858, ENSG00000274012", "genes": "MT-CO1, C12orf57, MZT2B, RPL18AP3, RPL13AP5, SNHG5, RPS21, RN7SL2", "results": {"0": {"accuracy": 0.8846153846153846, "roc_auc": 0.9421433267587114}, "1": {"accuracy": 0.8717948717948718, "roc_auc": 0.9349112426035502}, "2": {"accuracy": 0.8846153846153846, "roc_auc": 0.9408284023668639}, "3": {"accuracy": 0.8717948717948718, "roc_auc": 0.9349112426035503}, "4": {"accuracy": 0.8846153846153846, "roc_auc": 0.942800788954635}}, "plot_path": "./Predictions/All_GENES/LimmaVoom/chi2/Pictures/8.png"}, "9": {"ensembles": "ENSG00000198804, ENSG00000111678, ENSG00000152082, ENSG00000213442, ENSG00000236552, ENSG00000203875, ENSG00000171858, ENSG00000215030, ENSG00000274012", "genes": "MT-CO1, C12orf57, MZT2B, RPL18AP3, RPL13AP5, SNHG5, RPS21, RPL13P12, RN7SL2", "results": {"0": {"accuracy": 0.8717948717948718, "roc_auc": 0.9388560157790927}, "1": {"accuracy": 0.8717948717948718, "roc_auc": 0.9388560157790927}, "2": {"accuracy": 0.8846153846153846, "roc_auc": 0.9421433267587114}, "3": {"accuracy": 0.8846153846153846, "roc_auc": 0.9434582511505588}, "4": {"accuracy": 0.8974358974358975, "roc_auc": 0.9355687047994742}}, "plot_path": "./Predictions/All_GENES/LimmaVoom/chi2/Pictures/9.png"}, "10": {"ensembles": "ENSG00000198804, ENSG00000111678, ENSG00000152082, ENSG00000213442, ENSG00000236552, ENSG00000225178, ENSG00000203875, ENSG00000171858, ENSG00000215030, ENSG00000274012", "genes": "MT-CO1, C12orf57, MZT2B, RPL18AP3, RPL13AP5, RPSAP58, SNHG5, RPS21, RPL13P12, RN7SL2", "results": {"0": {"accuracy": 0.8846153846153846, "roc_auc": 0.9368836291913216}, "1": {"accuracy": 0.8846153846153846, "roc_auc": 0.9395134779750165}, "2": {"accuracy": 0.8974358974358975, "roc_auc": 0.9375410913872453}, "3": {"accuracy": 0.8589743589743589, "roc_auc": 0.9375410913872453}, "4": {"accuracy": 0.8717948717948718, "roc_auc": 0.930966469428008}}, "plot_path": "./Predictions/All_GENES/LimmaVoom/chi2/Pictures/10.png"}, "11": {"ensembles": "ENSG00000198804, ENSG00000111678, ENSG00000152082, ENSG00000213442, ENSG00000236552, ENSG00000175602, ENSG00000225178, ENSG00000203875, ENSG00000171858, ENSG00000215030, ENSG00000274012", "genes": "MT-CO1, C12orf57, MZT2B, RPL18AP3, RPL13AP5, CCDC85B, RPSAP58, SNHG5, RPS21, RPL13P12, RN7SL2", "results": {"0": {"accuracy": 0.8974358974358975, "roc_auc": 0.9401709401709402}, "1": {"accuracy": 0.8461538461538461, "roc_auc": 0.9362261669953977}, "2": {"accuracy": 0.8846153846153846, "roc_auc": 0.9375410913872453}, "3": {"accuracy": 0.8846153846153846, "roc_auc": 0.942800788954635}, "4": {"accuracy": 0.8974358974358975, "roc_auc": 0.9414858645627876}}, "plot_path": "./Predictions/All_GENES/LimmaVoom/chi2/Pictures/11.png"}, "12": {"ensembles": "ENSG00000198804, ENSG00000111678, ENSG00000152082, ENSG00000213442, ENSG00000236552, ENSG00000175602, ENSG00000225178, ENSG00000203875, ENSG00000171858, ENSG00000215030, ENSG00000274012, ENSG00000273149", "genes": "MT-CO1, C12orf57, MZT2B, RPL18AP3, RPL13AP5, CCDC85B, RPSAP58, SNHG5, RPS21, RPL13P12, RN7SL2, RP11-290D2.6", "results": {"0": {"accuracy": 0.8461538461538461, "roc_auc": 0.9395134779750165}, "1": {"accuracy": 0.8717948717948718, "roc_auc": 0.9375410913872452}, "2": {"accuracy": 0.8589743589743589, "roc_auc": 0.9309664694280079}, "3": {"accuracy": 0.8589743589743589, "roc_auc": 0.9355687047994741}, "4": {"accuracy": 0.8717948717948718, "roc_auc": 0.9329388560157791}}, "plot_path": "./Predictions/All_GENES/LimmaVoom/chi2/Pictures/12.png"}, "13": {"ensembles": "ENSG00000198804, ENSG00000111678, ENSG00000152082, ENSG00000213442, ENSG00000236552, ENSG00000175602, ENSG00000225178, ENSG00000203875, ENSG00000171858, ENSG00000215030, ENSG00000099849, ENSG00000274012, ENSG00000273149", "genes": "MT-CO1, C12orf57, MZT2B, RPL18AP3, RPL13AP5, CCDC85B, RPSAP58, SNHG5, RPS21, RPL13P12, RASSF7, RN7SL2, RP11-290D2.6", "results": {"0": {"accuracy": 0.8461538461538461, "roc_auc": 0.9362261669953978}, "1": {"accuracy": 0.8589743589743589, "roc_auc": 0.9342537804076266}, "2": {"accuracy": 0.8589743589743589, "roc_auc": 0.9349112426035503}, "3": {"accuracy": 0.8717948717948718, "roc_auc": 0.9355687047994741}, "4": {"accuracy": 0.8589743589743589, "roc_auc": 0.9329388560157792}}, "plot_path": "./Predictions/All_GENES/LimmaVoom/chi2/Pictures/13.png"}, "14": {"ensembles": "ENSG00000198804, ENSG00000111678, ENSG00000152082, ENSG00000213442, ENSG00000236552, ENSG00000175602, ENSG00000225178, ENSG00000203875, ENSG00000171858, ENSG00000215030, ENSG00000107404, ENSG00000099849, ENSG00000274012, ENSG00000273149", "genes": "MT-CO1, C12orf57, MZT2B, RPL18AP3, RPL13AP5, CCDC85B, RPSAP58, SNHG5, RPS21, RPL13P12, DVL1, RASSF7, RN7SL2, RP11-290D2.6", "results": {"0": {"accuracy": 0.8717948717948718, "roc_auc": 0.9296515450361604}, "1": {"accuracy": 0.8589743589743589, "roc_auc": 0.9296515450361604}, "2": {"accuracy": 0.8717948717948718,