,selector,gene_names,weights,absolute weights
2,ENSG00000203875,SNHG5,0.005032462400329143,0.005032462400329143
1,ENSG00000236552,RPL13AP5,0.004032048761311776,0.004032048761311776
0,ENSG00000213442,RPL18AP3,-0.0005033255466426859,0.0005033255466426859
