,selector,gene_names,weights,absolute weights
2,ENSG00000203875,SNHG5,0.007133703927091772,0.007133703927091772
0,ENSG00000213442,RPL18AP3,0.002632800353636319,0.002632800353636319
1,ENSG00000236552,RPL13AP5,0.0013654650744846992,0.0013654650744846992
3,ENSG00000215030,RPL13P12,-0.0013548571159728267,0.0013548571159728267
