,selector,gene_names,weights,absolute weights
3,ENSG00000203875,SNHG5,0.007105965160204091,0.007105965160204091
0,ENSG00000213442,RPL18AP3,0.0051728592872414755,0.0051728592872414755
1,ENSG00000236552,RPL13AP5,-0.0022464509563006594,0.0022464509563006594
4,ENSG00000215030,RPL13P12,0.0010052272622479346,0.0010052272622479346
2,ENSG00000225178,RPSAP58,-0.000678356875898436,0.000678356875898436
