,selector,gene_names,weights,absolute weights
4,ENSG00000269893,SNHG8,0.039712706160140665,0.039712706160140665
3,ENSG00000203875,SNHG5,0.00945149615522904,0.00945149615522904
5,ENSG00000215030,RPL13P12,0.006367020040032802,0.006367020040032802
1,ENSG00000236552,RPL13AP5,-0.003101458317718635,0.003101458317718635
2,ENSG00000225178,RPSAP58,0.0010057473963459602,0.0010057473963459602
0,ENSG00000213442,RPL18AP3,-0.000757628695746112,0.000757628695746112
