,selector,gene_names,weights,absolute weights
6,ENSG00000276791,CTD-2270P14.5,0.03064425428308053,0.03064425428308053
4,ENSG00000269893,SNHG8,0.025803394428238747,0.025803394428238747
3,ENSG00000203875,SNHG5,0.006323550958249677,0.006323550958249677
5,ENSG00000215030,RPL13P12,0.0030754214696345848,0.0030754214696345848
2,ENSG00000225178,RPSAP58,-0.0011872988332517602,0.0011872988332517602
0,ENSG00000213442,RPL18AP3,-0.0008840777888550086,0.0008840777888550086
1,ENSG00000236552,RPL13AP5,-0.0003305911272865941,0.0003305911272865941
