,selector,gene_names,weights,absolute weights
2,ENSG00000272906,RP11-533E19.7,0.3009019448097159,0.3009019448097159
7,ENSG00000276791,CTD-2270P14.5,0.10605963689930228,0.10605963689930228
5,ENSG00000269893,SNHG8,0.03075808111064286,0.03075808111064286
6,ENSG00000215030,RPL13P12,0.012707090727356164,0.012707090727356164
0,ENSG00000213442,RPL18AP3,-0.006679511585007393,0.006679511585007393
4,ENSG00000203875,SNHG5,0.003320432233172491,0.003320432233172491
1,ENSG00000236552,RPL13AP5,-0.0016107320356684048,0.0016107320356684048
3,ENSG00000225178,RPSAP58,-0.001294377717097352,0.001294377717097352
