,selector,gene_names,weights,absolute weights
2,ENSG00000272906,RP11-533E19.7,0.23700429482466107,0.23700429482466107
7,ENSG00000276791,CTD-2270P14.5,0.06518329350180978,0.06518329350180978
5,ENSG00000269893,SNHG8,0.013331396219011388,0.013331396219011388
6,ENSG00000215030,RPL13P12,0.006834633954763825,0.006834633954763825
4,ENSG00000203875,SNHG5,0.006015357604013844,0.006015357604013844
3,ENSG00000225178,RPSAP58,0.005221471076498874,0.005221471076498874
1,ENSG00000236552,RPL13AP5,-0.0029167581005362254,0.0029167581005362254
0,ENSG00000213442,RPL18AP3,-0.0026424066032147264,0.0026424066032147264
8,ENSG00000232229,LINC00865,0.001831032800449477,0.001831032800449477
