,selector,gene_names,weights,absolute weights
0,ENSG00000204387,C6orf48,0.37135987342117055,0.37135987342117055
2,ENSG00000269893,SNHG8,0.32655586083126203,0.32655586083126203
1,ENSG00000203875,SNHG5,0.30208426574756736,0.30208426574756736
