,selector,gene_names,weights,absolute weights
1,ENSG00000204387,C6orf48,0.3726218969467042,0.3726218969467042
3,ENSG00000269893,SNHG8,0.26972262616875486,0.26972262616875486
2,ENSG00000203875,SNHG5,0.21276972203224914,0.21276972203224914
0,ENSG00000179085,DPM3,0.14488575485229183,0.14488575485229183
