,selector,gene_names,weights,absolute weights
0,ENSG00000204387,C6orf48,0.27840218776472175,0.27840218776472175
3,ENSG00000269893,SNHG8,0.22128097778809241,0.22128097778809241
2,ENSG00000203875,SNHG5,0.20012506142467734,0.20012506142467734
4,ENSG00000274012,RN7SL2,0.15476158209154162,0.15476158209154162
1,ENSG00000233493,TMEM238,0.14543019093096696,0.14543019093096696
