,selector,gene_names,weights,absolute weights
1,ENSG00000204387,C6orf48,0.2569477173175132,0.2569477173175132
4,ENSG00000269893,SNHG8,0.19573251588897692,0.19573251588897692
3,ENSG00000203875,SNHG5,0.17795710225771222,0.17795710225771222
5,ENSG00000274012,RN7SL2,0.13130175044749093,0.13130175044749093
0,ENSG00000179085,DPM3,0.12521741125532979,0.12521741125532979
2,ENSG00000233493,TMEM238,0.11284350283297698,0.11284350283297698
