,selector,gene_names,weights,absolute weights
2,ENSG00000204387,C6orf48,0.22984987607796042,0.22984987607796042
5,ENSG00000269893,SNHG8,0.19128623545479587,0.19128623545479587
4,ENSG00000203875,SNHG5,0.15808052668240732,0.15808052668240732
6,ENSG00000274012,RN7SL2,0.1181531039179407,0.1181531039179407
0,ENSG00000179085,DPM3,0.11315188382367893,0.11315188382367893
1,ENSG00000111678,C12orf57,0.09666994152116998,0.09666994152116998
3,ENSG00000233493,TMEM238,0.09280843252204683,0.09280843252204683
