,selector,gene_names,weights,absolute weights
1,ENSG00000204387,C6orf48,0.2278636286321048,0.2278636286321048
6,ENSG00000269893,SNHG8,0.1709366711640418,0.1709366711640418
5,ENSG00000203875,SNHG5,0.14436340159372757,0.14436340159372757
7,ENSG00000274012,RN7SL2,0.09749134590740703,0.09749134590740703
2,ENSG00000233493,TMEM238,0.08736217234551202,0.08736217234551202
3,ENSG00000236552,RPL13AP5,0.07907111919670344,0.07907111919670344
4,ENSG00000141933,TPGS1,0.06540813674877571,0.06540813674877571
0,ENSG00000111678,C12orf57,0.06409904324042923,0.06409904324042923
8,ENSG00000258920,FOXN3-AS1,0.0634044811712983,0.0634044811712983
