{"3": {"ensembles": "ENSG00000236552, ENSG00000269893, ENSG00000215908", "genes": "RPL13AP5, SNHG8, CROCCP2", "results": {"0": {"accuracy": 0.8461538461538461, "roc_auc": 0.9230769230769231}, "1": {"accuracy": 0.8461538461538461, "roc_auc": 0.9243918474687706}, "2": {"accuracy": 0.8461538461538461, "roc_auc": 0.9184746877054569}, "3": {"accuracy": 0.8333333333333334, "roc_auc": 0.9178172255095332}, "4": {"accuracy": 0.8461538461538461, "roc_auc": 0.9270216962524654}}, "plot_path": "./Predictions/NON_CODING/EdgeR/RFE/Pictures/3.png"}, "4": {"ensembles": "ENSG00000236552, ENSG00000225864, ENSG00000269893, ENSG00000215908", "genes": "RPL13AP5, HCG4P11, SNHG8, CROCCP2", "results": {"0": {"accuracy": 0.8461538461538461, "roc_auc": 0.9349112426035504}, "1": {"accuracy": 0.8461538461538461, "roc_auc": 0.9349112426035503}, "2": {"accuracy": 0.8461538461538461, "roc_auc": 0.9368836291913214}, "3": {"accuracy": 0.8205128205128205, "roc_auc": 0.9388560157790926}, "4": {"accuracy": 0.8717948717948718, "roc_auc": 0.9329388560157791}}, "plot_path": "./Predictions/NON_CODING/EdgeR/RFE/Pictures/4.png"}, "5": {"ensembles": "ENSG00000236552, ENSG00000272906, ENSG00000225864, ENSG00000269893, ENSG00000215908", "genes": "RPL13AP5, RP11-533E19.7, HCG4P11, SNHG8, CROCCP2", "results": {"0": {"accuracy": 0.8589743589743589, "roc_auc": 0.9414858645627877}, "1": {"accuracy": 0.8717948717948718, "roc_auc": 0.9467455621301775}, "2": {"accuracy": 0.8589743589743589, "roc_auc": 0.9388560157790927}, "3": {"accuracy": 0.8717948717948718, "roc_auc": 0.9500328731097962}, "4": {"accuracy": 0.8589743589743589, "roc_auc": 0.9395134779750165}}, "plot_path": "./Predictions/NON_CODING/EdgeR/RFE/Pictures/5.png"}, "6": {"ensembles": "ENSG00000236552, ENSG00000272906, ENSG00000225864, ENSG00000269893, ENSG00000278771, ENSG00000215908", "genes": "RPL13AP5, RP11-533E19.7, HCG4P11, SNHG8, Metazoa_SRP, CROCCP2", "results": {"0": {"accuracy": 0.8461538461538461, "roc_auc": 0.9500328731097962}, "1": {"accuracy": 0.8589743589743589, "roc_auc": 0.9447731755424064}, "2": {"accuracy": 0.8589743589743589, "roc_auc": 0.9493754109138725}, "3": {"accuracy": 0.8589743589743589, "roc_auc": 0.9474030243261014}, "4": {"accuracy": 0.8846153846153846, "roc_auc": 0.9546351084812623}}, "plot_path": "./Predictions/NON_CODING/EdgeR/RFE/Pictures/6.png"}, "7": {"ensembles": "ENSG00000213442, ENSG00000236552, ENSG00000272906, ENSG00000225864, ENSG00000269893, ENSG00000215908, ENSG00000253683", "genes": "RPL18AP3, RPL13AP5, RP11-533E19.7, HCG4P11, SNHG8, CROCCP2, CTB-79E8.3", "results": {"0": {"accuracy": 0.8717948717948718, "roc_auc": 0.9467455621301775}, "1": {"accuracy": 0.8846153846153846, "roc_auc": 0.9513477975016437}, "2": {"accuracy": 0.8846153846153846, "roc_auc": 0.9552925706771861}, "3": {"accuracy": 0.8846153846153846, "roc_auc": 0.9487179487179487}, "4": {"accuracy": 0.8974358974358975, "roc_auc": 0.9520052596975674}}, "plot_path": "./Predictions/NON_CODING/EdgeR/RFE/Pictures/7.png"}, "8": {"ensembles": "ENSG00000213442, ENSG00000236552, ENSG00000272906, ENSG00000225864, ENSG00000269893, ENSG00000278771, ENSG00000215908, ENSG00000253683", "genes": "RPL18AP3, RPL13AP5, RP11-533E19.7, HCG4P11, SNHG8, Metazoa_SRP, CROCCP2, CTB-79E8.3", "results": {"0": {"accuracy": 0.8717948717948718, "roc_auc": 0.9533201840894148}, "1": {"accuracy": 0.8717948717948718, "roc_auc": 0.9592373438527284}, "2": {"accuracy": 0.8974358974358975, "roc_auc": 0.9572649572649573}, "3": {"accuracy": 0.8846153846153846, "roc_auc": 0.9598948060486523}, "4": {"accuracy": 0.8589743589743589, "roc_auc": 0.9618671926364234}}, "plot_path": "./Predictions/NON_CODING/EdgeR/RFE/Pictures/8.png"}, "9": {"ensembles": "ENSG00000213442, ENSG00000236552, ENSG00000272906, ENSG00000225864, ENSG00000269893, ENSG00000278771, ENSG00000215908, ENSG00000136149, ENSG00000253683", "genes": "RPL18AP3, RPL13AP5, RP11-533E19.7, HCG4P11, SNHG8, Metazoa_SRP, CROCCP2, RPL13AP25, CTB-79E8.3", "results": {"0": {"accuracy": 0.8717948717948718, "roc_auc": 0.9460880999342538}, "1": {"accuracy": 0.8589743589743589, "roc_auc": 0.9421433267587114}, "2": {"accuracy": 0.8717948717948718, "roc_auc": 0.95069033530572}, "3": {"accuracy": 0.8717948717948718, "roc_auc": 0.9500328731097962}, "4": {"accuracy": 0.8717948717948718, "roc_auc": 0.9539776462853385}}, "plot_path": "./Predictions/NON_CODING/EdgeR/RFE/Pictures/9.png"}, "10": {"ensembles": "ENSG00000213442, ENSG00000236552, ENSG00000272906, ENSG00000225864, ENSG00000269893, ENSG00000278771, ENSG00000215908, ENSG00000136149, ENSG00000265735, ENSG00000260778", "genes": "RPL18AP3, RPL13AP5, RP11-533E19.7, HCG4P11, SNHG8, Metazoa_SRP, CROCCP2, RPL13AP25, RN7SL5P, MIR940", "results": {"0": {"accuracy": 0.8589743589743589, "roc_auc": 0.9533201840894148}, "1": {"accuracy": 0.8589743589743589, "roc_auc": 0.9441157133464826}, "2": {"accuracy": 0.8717948717948718, "roc_auc": 0.9559500328731099}, "3": {"accuracy": 0.8589743589743589, "roc_auc": 0.9500328731097961}, "4": {"accuracy": 0.8717948717948718, "roc_auc": 0.955292570677186}}, "plot_path": "./Predictions/NON_CODING/EdgeR/RFE/Pictures/10.png"}, "11": {"ensembles": "ENSG00000213442, ENSG00000236552, ENSG00000272906, ENSG00000225864, ENSG00000269893, ENSG00000278771, ENSG00000265393, ENSG00000215908, ENSG00000136149, ENSG00000253683, ENSG00000265735", "genes": "RPL18AP3, RPL13AP5, RP11-533E19.7, HCG4P11, SNHG8, Metazoa_SRP, CTD-2517M22.17, CROCCP2, RPL13AP25, CTB-79E8.3, RN7SL5P", "results": {"0": {"accuracy": 0.8589743589743589, "roc_auc": 0.9533201840894148}, "1": {"accuracy": 0.8717948717948718, "roc_auc": 0.9539776462853387}, "2": {"accuracy": 0.8589743589743589, "roc_auc": 0.9526627218934912}, "3": {"accuracy": 0.8846153846153846, "roc_auc": 0.9572649572649573}, "4": {"accuracy": 0.8846153846153846, "roc_auc": 0.9598948060486522}}, "plot_path": "./Predictions/NON_CODING/EdgeR/RFE/Pictures/11.png"}, "12": {"ensembles": "ENSG00000213442, ENSG00000236552, ENSG00000272906, ENSG00000225864, ENSG00000269893, ENSG00000278771, ENSG00000265393, ENSG00000215908, ENSG00000136149, ENSG00000265735, ENSG00000260778, ENSG00000231680", "genes": "RPL18AP3, RPL13AP5, RP11-533E19.7, HCG4P11, SNHG8, Metazoa_SRP, CTD-2517M22.17, CROCCP2, RPL13AP25, RN7SL5P, MIR940, AP003774.6", "results": {"0": {"accuracy": 0.8717948717948718, "roc_auc": 0.9539776462853385}, "1": {"accuracy": 0.8846153846153846, "roc_auc": 0.9539776462853385}, "2": {"accuracy": 0.8846153846153846, "roc_auc": 0.9572649572649572}, "3": {"accuracy": 0.8589743589743589, "roc_auc": 0.9506903353057199}, "4": {"accuracy": 0.8589743589743589, "roc_auc": 0.9546351084812623}}, "plot_path": "./Predictions/NON_CODING/EdgeR/RFE/Pictures/12.png"}, "13": {"ensembles": "ENSG00000236552, ENSG00000272906, ENSG00000225864, ENSG00000269893, ENSG00000215030, ENSG00000277383, ENSG00000278771, ENSG00000215908, ENSG00000213609, ENSG00000253683, ENSG00000265735, ENSG00000260778, ENSG00000257167", "genes": "RPL13AP5, RP11-533E19.7, HCG4P11, SNHG8, RPL13P12, CTD-3001H11.2, Metazoa_SRP, CROCCP2, RPL7AP50, CTB-79E8.3, RN7SL5P, MIR940, TMPO-AS1", "results": {"0": {"accuracy": 0.8589743589743589, "roc_auc": 0.9592373438527285}, "1": {"accuracy": 0.8717948717948718, "roc_auc": 0.9559500328731099}, "2": {"accuracy": 0.8717948717948718, "roc_auc": 0.9566074950690335}, "3": {"accuracy": 0.8846153846153846, "roc_auc": 0.9598948060486522}, "4": {"accuracy": 0.8717948717948718, "roc_auc": 0.9585798816568046}}, "plot_path": "./Predictions/NON_CODING/EdgeR/RFE/Pictures/13.png"}, "14": {"ensembles": "ENSG00000213442, ENSG00000236552, ENSG00000272906, ENSG00000225864, ENSG00000269893, ENSG00000215030, ENSG00000226085, ENSG00000278771, ENSG00000265393, ENSG00000215908, ENSG00000136149, ENSG00000272953, ENSG00000231680, ENSG00000250182", "genes": "RPL18AP3, RPL13AP5, RP11-533E19.7, HCG4P11, SNHG8, RPL13P12, UQCRFS1P1, Metazoa_SRP, CTD-2517M22.17, CROCCP2, RPL13AP25, RP11-1275H24.2, AP003774.6, EEF1A1P13", "results": {"0": {"accuracy": 0.8589743589743589,