{"3": {"ensembles": "ENSG00000203875, ENSG00000269893, ENSG00000215908", "genes": "SNHG5, SNHG8, CROCCP2", "results": {"0": {"accuracy": 0.8589743589743589, "roc_auc": 0.948060486522025}, "1": {"accuracy": 0.8717948717948718, "roc_auc": 0.9500328731097961}, "2": {"accuracy": 0.8717948717948718, "roc_auc": 0.9539776462853385}, "3": {"accuracy": 0.8846153846153846, "roc_auc": 0.9566074950690335}, "4": {"accuracy": 0.8846153846153846, "roc_auc": 0.9552925706771861}}, "plot_path": "./Predictions/NON_CODING/EdgeR/RFE/Pictures/3.png"}, "4": {"ensembles": "ENSG00000236552, ENSG00000203875, ENSG00000269893, ENSG00000215908", "genes": "RPL13AP5, SNHG5, SNHG8, CROCCP2", "results": {"0": {"accuracy": 0.8333333333333334, "roc_auc": 0.9349112426035504}, "1": {"accuracy": 0.8589743589743589, "roc_auc": 0.9335963182117029}, "2": {"accuracy": 0.8589743589743589, "roc_auc": 0.9299802761341223}, "3": {"accuracy": 0.8461538461538461, "roc_auc": 0.938198553583169}, "4": {"accuracy": 0.8589743589743589, "roc_auc": 0.9362261669953977}}, "plot_path": "./Predictions/NON_CODING/EdgeR/RFE/Pictures/4.png"}, "5": {"ensembles": "ENSG00000236552, ENSG00000225864, ENSG00000203875, ENSG00000269893, ENSG00000215908", "genes": "RPL13AP5, HCG4P11, SNHG5, SNHG8, CROCCP2", "results": {"0": {"accuracy": 0.8846153846153846, "roc_auc": 0.9533201840894149}, "1": {"accuracy": 0.8846153846153846, "roc_auc": 0.9526627218934912}, "2": {"accuracy": 0.8717948717948718, "roc_auc": 0.9533201840894149}, "3": {"accuracy": 0.8846153846153846, "roc_auc": 0.9539776462853385}, "4": {"accuracy": 0.8846153846153846, "roc_auc": 0.9513477975016437}}, "plot_path": "./Predictions/NON_CODING/EdgeR/RFE/Pictures/5.png"}, "6": {"ensembles": "ENSG00000236552, ENSG00000225864, ENSG00000203875, ENSG00000269893, ENSG00000215908, ENSG00000234741", "genes": "RPL13AP5, HCG4P11, SNHG5, SNHG8, CROCCP2, GAS5", "results": {"0": {"accuracy": 0.8846153846153846, "roc_auc": 0.9664694280078895}, "1": {"accuracy": 0.8717948717948718, "roc_auc": 0.960552268244576}, "2": {"accuracy": 0.8717948717948718, "roc_auc": 0.9598948060486522}, "3": {"accuracy": 0.8717948717948718, "roc_auc": 0.960552268244576}, "4": {"accuracy": 0.8717948717948718, "roc_auc": 0.965154503616042}}, "plot_path": "./Predictions/NON_CODING/EdgeR/RFE/Pictures/6.png"}, "7": {"ensembles": "ENSG00000236552, ENSG00000272906, ENSG00000203875, ENSG00000269893, ENSG00000278771, ENSG00000215908, ENSG00000234741", "genes": "RPL13AP5, RP11-533E19.7, SNHG5, SNHG8, Metazoa_SRP, CROCCP2, GAS5", "results": {"0": {"accuracy": 0.8846153846153846, "roc_auc": 0.948060486522025}, "1": {"accuracy": 0.8589743589743589, "roc_auc": 0.9434582511505588}, "2": {"accuracy": 0.8589743589743589, "roc_auc": 0.9477317554240631}, "3": {"accuracy": 0.8846153846153846, "roc_auc": 0.9480604865220249}, "4": {"accuracy": 0.8717948717948718, "roc_auc": 0.95069033530572}}, "plot_path": "./Predictions/NON_CODING/EdgeR/RFE/Pictures/7.png"}, "8": {"ensembles": "ENSG00000213442, ENSG00000236552, ENSG00000225864, ENSG00000203875, ENSG00000269893, ENSG00000215908, ENSG00000234741, ENSG00000253683", "genes": "RPL18AP3, RPL13AP5, HCG4P11, SNHG5, SNHG8, CROCCP2, GAS5, CTB-79E8.3", "results": {"0": {"accuracy": 0.8846153846153846, "roc_auc": 0.9671268902038133}, "1": {"accuracy": 0.8846153846153846, "roc_auc": 0.965154503616042}, "2": {"accuracy": 0.8589743589743589, "roc_auc": 0.9598948060486523}, "3": {"accuracy": 0.8974358974358975, "roc_auc": 0.9605522682445758}, "4": {"accuracy": 0.8717948717948718, "roc_auc": 0.9671268902038133}}, "plot_path": "./Predictions/NON_CODING/EdgeR/RFE/Pictures/8.png"}, "9": {"ensembles": "ENSG00000236552, ENSG00000272906, ENSG00000225864, ENSG00000203875, ENSG00000269893, ENSG00000278771, ENSG00000215908, ENSG00000234741, ENSG00000253683", "genes": "RPL13AP5, RP11-533E19.7, HCG4P11, SNHG5, SNHG8, Metazoa_SRP, CROCCP2, GAS5, CTB-79E8.3", "results": {"0": {"accuracy": 0.8846153846153846, "roc_auc": 0.9566074950690335}, "1": {"accuracy": 0.8846153846153846, "roc_auc": 0.9658119658119658}, "2": {"accuracy": 0.8717948717948718, "roc_auc": 0.9644970414201184}, "3": {"accuracy": 0.8974358974358975, "roc_auc": 0.9612097304404996}, "4": {"accuracy": 0.8974358974358975, "roc_auc": 0.965154503616042}}, "plot_path": "./Predictions/NON_CODING/EdgeR/RFE/Pictures/9.png"}, "10": {"ensembles": "ENSG00000213442, ENSG00000236552, ENSG00000272906, ENSG00000225864, ENSG00000203875, ENSG00000269893, ENSG00000226085, ENSG00000278771, ENSG00000215908, ENSG00000234741", "genes": "RPL18AP3, RPL13AP5, RP11-533E19.7, HCG4P11, SNHG5, SNHG8, UQCRFS1P1, Metazoa_SRP, CROCCP2, GAS5", "results": {"0": {"accuracy": 0.8846153846153846, "roc_auc": 0.960223537146614}, "1": {"accuracy": 0.8717948717948718, "roc_auc": 0.9658119658119658}, "2": {"accuracy": 0.8717948717948718, "roc_auc": 0.957922419460881}, "3": {"accuracy": 0.8846153846153846, "roc_auc": 0.9644970414201183}, "4": {"accuracy": 0.8846153846153846, "roc_auc": 0.9638395792241946}}, "plot_path": "./Predictions/NON_CODING/EdgeR/RFE/Pictures/10.png"}, "11": {"ensembles": "ENSG00000213442, ENSG00000236552, ENSG00000272906, ENSG00000225864, ENSG00000203875, ENSG00000269893, ENSG00000226085, ENSG00000278771, ENSG00000215908, ENSG00000234741, ENSG00000253683", "genes": "RPL18AP3, RPL13AP5, RP11-533E19.7, HCG4P11, SNHG5, SNHG8, UQCRFS1P1, Metazoa_SRP, CROCCP2, GAS5, CTB-79E8.3", "results": {"0": {"accuracy": 0.8717948717948718, "roc_auc": 0.9658119658119658}, "1": {"accuracy": 0.8846153846153846, "roc_auc": 0.9638395792241946}, "2": {"accuracy": 0.8846153846153846, "roc_auc": 0.9684418145956607}, "3": {"accuracy": 0.8974358974358975, "roc_auc": 0.9631821170282708}, "4": {"accuracy": 0.8846153846153846, "roc_auc": 0.9648257725180802}}, "plot_path": "./Predictions/NON_CODING/EdgeR/RFE/Pictures/11.png"}, "12": {"ensembles": "ENSG00000213442, ENSG00000236552, ENSG00000272906, ENSG00000225864, ENSG00000203875, ENSG00000269893, ENSG00000278771, ENSG00000272256, ENSG00000215908, ENSG00000234741, ENSG00000265735, ENSG00000231680", "genes": "RPL18AP3, RPL13AP5, RP11-533E19.7, HCG4P11, SNHG5, SNHG8, Metazoa_SRP, RP11-489E7.4, CROCCP2, GAS5, RN7SL5P, AP003774.6", "results": {"0": {"accuracy": 0.8717948717948718, "roc_auc": 0.9612097304404996}, "1": {"accuracy": 0.8974358974358975, "roc_auc": 0.9664694280078896}, "2": {"accuracy": 0.8974358974358975, "roc_auc": 0.9658119658119658}, "3": {"accuracy": 0.8461538461538461, "roc_auc": 0.9592373438527284}, "4": {"accuracy": 0.8461538461538461, "roc_auc": 0.9592373438527285}}, "plot_path": "./Predictions/NON_CODING/EdgeR/RFE/Pictures/12.png"}, "13": {"ensembles": "ENSG00000213442, ENSG00000236552, ENSG00000272906, ENSG00000225864, ENSG00000203875, ENSG00000269893, ENSG00000226085, ENSG00000278771, ENSG00000215908, ENSG00000234741, ENSG00000253683, ENSG00000265735, ENSG00000231680", "genes": "RPL18AP3, RPL13AP5, RP11-533E19.7, HCG4P11, SNHG5, SNHG8, UQCRFS1P1, Metazoa_SRP, CROCCP2, GAS5, CTB-79E8.3, RN7SL5P, AP003774.6", "results": {"0": {"accuracy": 0.8846153846153846, "roc_auc": 0.9690992767915845}, "1": {"accuracy": 0.8974358974358975, "roc_auc": 0.967784352399737}, "2": {"accuracy": 0.8717948717948718, "roc_auc": 0.9618671926364234}, "3": {"accuracy": 0.8974358974358975, "roc_auc": 0.9671268902038133}, "4": {"accuracy": 0.8974358974358975, "roc_auc": 0.9638395792241946}}, "plot_path": "./Predictions/NON_CODING/EdgeR/RFE/Pictures/13.png"}, "14": {"ensembles": "ENSG00000213442, ENSG00000236552, ENSG00000272906, ENSG00000225864, ENSG00000203875, ENSG00000269893, ENSG00000226085, ENSG00000272256, ENSG00000215908, ENSG00000136149, ENSG00000234741, ENSG00000253683, ENSG00000265735, ENSG00000231680", "genes": "RPL18AP3, RPL13AP5, RP11-533E19.7, HCG4P11, SNHG5, SNHG8, UQCRFS1P1, RP11-489E7.4, CROCCP2, RPL13AP25, GAS5, CTB-79E8.3, RN7SL5P, AP003774.6", "results": {"0": {"accuracy": 0.9102564102564102, "roc_auc": 0.9710716633793556}, "1": {"accuracy": 0.8846153846153846, "roc_auc": 0.9658119658119657},