,selector,gene_names,weights,absolute weights
1,ENSG00000236552,RPL13AP5,0.4156415028924225,0.4156415028924225
0,ENSG00000213442,RPL18AP3,0.36292332977118297,0.36292332977118297
2,ENSG00000237550,RPL9P9,0.22143516733639443,0.22143516733639443
