,selector,gene_names,weights,absolute weights
2,ENSG00000203875,SNHG5,0.4329945320345347,0.4329945320345347
1,ENSG00000236552,RPL13AP5,0.33019779432119745,0.33019779432119745
0,ENSG00000213442,RPL18AP3,0.1898982460397587,0.1898982460397587
3,ENSG00000237550,RPL9P9,0.04690942760450905,0.04690942760450905
