,selector,gene_names,weights,absolute weights
2,ENSG00000203875,SNHG5,0.3498641145736227,0.3498641145736227
3,ENSG00000215908,CROCCP2,0.2960106415227257,0.2960106415227257
1,ENSG00000236552,RPL13AP5,0.2057143695269732,0.2057143695269732
0,ENSG00000213442,RPL18AP3,0.11279183048351914,0.11279183048351914
4,ENSG00000237550,RPL9P9,0.03561904389315921,0.03561904389315921
