,selector,gene_names,weights,absolute weights
2,ENSG00000203875,SNHG5,0.2756891962398643,0.2756891962398643
3,ENSG00000215908,CROCCP2,0.2618005453525338,0.2618005453525338
1,ENSG00000236552,RPL13AP5,0.1813231899333885,0.1813231899333885
4,ENSG00000234741,GAS5,0.13629730393984227,0.13629730393984227
0,ENSG00000213442,RPL18AP3,0.0978669616506655,0.0978669616506655
5,ENSG00000237550,RPL9P9,0.04702280288370566,0.04702280288370566
