,selector,gene_names,weights,absolute weights
4,ENSG00000215908,CROCCP2,0.21823885638940643,0.21823885638940643
2,ENSG00000203875,SNHG5,0.21544824526698678,0.21544824526698678
1,ENSG00000236552,RPL13AP5,0.17254652448067867,0.17254652448067867
5,ENSG00000234741,GAS5,0.15246600846326563,0.15246600846326563
0,ENSG00000213442,RPL18AP3,0.11740800843377645,0.11740800843377645
3,ENSG00000215030,RPL13P12,0.07849655867864302,0.07849655867864302
6,ENSG00000237550,RPL9P9,0.045395798287242876,0.045395798287242876
