,selector,gene_names,weights,absolute weights
2,ENSG00000203875,SNHG5,0.2593862677994485,0.2593862677994485
4,ENSG00000215908,CROCCP2,0.23488019460303705,0.23488019460303705
1,ENSG00000236552,RPL13AP5,0.1867194527257877,0.1867194527257877
5,ENSG00000234741,GAS5,0.14479228490134854,0.14479228490134854
0,ENSG00000213442,RPL18AP3,0.09418409823585452,0.09418409823585452
3,ENSG00000215030,RPL13P12,0.04684814456101863,0.04684814456101863
6,ENSG00000237550,RPL9P9,0.01704556855361484,0.01704556855361484
7,ENSG00000214485,RPL7P1,0.01614398861988996,0.01614398861988996
