,selector,gene_names,weights,absolute weights
3,ENSG00000203875,SNHG5,0.2633449141908195,0.2633449141908195
5,ENSG00000215908,CROCCP2,0.2385909092426153,0.2385909092426153
1,ENSG00000236552,RPL13AP5,0.16168073721928025,0.16168073721928025
6,ENSG00000234741,GAS5,0.12021884017878154,0.12021884017878154
0,ENSG00000213442,RPL18AP3,0.07945371440558983,0.07945371440558983
4,ENSG00000215030,RPL13P12,0.04170524247181642,0.04170524247181642
2,ENSG00000225178,RPSAP58,0.03645598643789431,0.03645598643789431
7,ENSG00000237550,RPL9P9,0.031105139930469806,0.031105139930469806
8,ENSG00000214485,RPL7P1,0.027444515922733004,0.027444515922733004
