,selector,gene_names,weights,absolute weights
0,ENSG00000204387,C6orf48,0.3493720719016407,0.3493720719016407
1,ENSG00000269893,SNHG8,0.331923972381112,0.331923972381112
2,ENSG00000145337,PYURF,0.31870395571724724,0.31870395571724724
