,selector,gene_names,weights,absolute weights
0,ENSG00000204387,C6orf48,0.3540534284729336,0.3540534284729336
2,ENSG00000269893,SNHG8,0.2431510397309274,0.2431510397309274
3,ENSG00000145337,PYURF,0.20855997024660802,0.20855997024660802
1,ENSG00000203875,SNHG5,0.19423556154953117,0.19423556154953117
