,selector,gene_names,weights,absolute weights
0,ENSG00000204387,C6orf48,0.28693181758766595,0.28693181758766595
1,ENSG00000269893,SNHG8,0.21269481671013252,0.21269481671013252
4,ENSG00000145337,PYURF,0.1884591122614239,0.1884591122614239
3,ENSG00000215908,CROCCP2,0.15843685755644546,0.15843685755644546
2,ENSG00000170889,RPS9,0.15347739588433237,0.15347739588433237
