,selector,gene_names,weights,absolute weights
0,ENSG00000204387,C6orf48,0.23463566083075355,0.23463566083075355
2,ENSG00000269893,SNHG8,0.1681444272704973,0.1681444272704973
1,ENSG00000203875,SNHG5,0.16149542238962294,0.16149542238962294
5,ENSG00000145337,PYURF,0.1559146385777757,0.1559146385777757
4,ENSG00000215908,CROCCP2,0.1488052652924585,0.1488052652924585
3,ENSG00000170889,RPS9,0.13100458563889214,0.13100458563889214
