,selector,gene_names,weights,absolute weights
0,ENSG00000204387,C6orf48,0.21681435420141476,0.21681435420141476
3,ENSG00000269893,SNHG8,0.16118014750881865,0.16118014750881865
6,ENSG00000145337,PYURF,0.14641423608829823,0.14641423608829823
2,ENSG00000203875,SNHG5,0.14169913950092825,0.14169913950092825
5,ENSG00000215908,CROCCP2,0.12684496655555674,0.12684496655555674
4,ENSG00000170889,RPS9,0.12668302572656573,0.12668302572656573
1,ENSG00000233493,TMEM238,0.08036413041841767,0.08036413041841767
