,selector,gene_names,weights,absolute weights
0,ENSG00000204387,C6orf48,0.2283346362677524,0.2283346362677524
4,ENSG00000269893,SNHG8,0.16553070627580832,0.16553070627580832
7,ENSG00000145337,PYURF,0.13415766172509502,0.13415766172509502
3,ENSG00000203875,SNHG5,0.1298195308125847,0.1298195308125847
6,ENSG00000215908,CROCCP2,0.11631765120864686,0.11631765120864686
5,ENSG00000170889,RPS9,0.10184660691848874,0.10184660691848874
1,ENSG00000233493,TMEM238,0.06691321562519144,0.06691321562519144
2,ENSG00000236552,RPL13AP5,0.0570799911664327,0.0570799911664327
