,selector,gene_names,weights,absolute weights
0,ENSG00000204387,C6orf48,0.19770860204016188,0.19770860204016188
4,ENSG00000269893,SNHG8,0.13977523529113858,0.13977523529113858
3,ENSG00000203875,SNHG5,0.13337569989271061,0.13337569989271061
8,ENSG00000145337,PYURF,0.11705232845846639,0.11705232845846639
7,ENSG00000215908,CROCCP2,0.11016830149356324,0.11016830149356324
6,ENSG00000170889,RPS9,0.09688704352198367,0.09688704352198367
1,ENSG00000233493,TMEM238,0.0889378145562761,0.0889378145562761
2,ENSG00000236552,RPL13AP5,0.06250323527677722,0.06250323527677722
5,ENSG00000278771,Metazoa_SRP,0.05359173946892234,0.05359173946892234
