,selector,gene_names,weights,absolute weights
1,ENSG00000155428,TRIM74,0.07525120530165215,0.07525120530165215
2,ENSG00000241772,AC092620.2,0.032911830795208846,0.032911830795208846
0,ENSG00000236977,ANKRD44-IT1,-0.027420298835971326,0.027420298835971326
