,selector,gene_names,weights,absolute weights
0,ENSG00000236977,ANKRD44-IT1,-0.028575619347873563,0.028575619347873563
2,ENSG00000155428,TRIM74,0.027829176465293343,0.027829176465293343
3,ENSG00000241772,AC092620.2,0.026859116490390633,0.026859116490390633
1,ENSG00000269893,SNHG8,0.014685588973406993,0.014685588973406993
