,selector,gene_names,weights,absolute weights
4,ENSG00000241772,AC092620.2,0.05746736134544191,0.05746736134544191
0,ENSG00000236977,ANKRD44-IT1,-0.05504795999154775,0.05504795999154775
2,ENSG00000155428,TRIM74,0.046737165461731144,0.046737165461731144
1,ENSG00000269893,SNHG8,0.0180183757335228,0.0180183757335228
3,ENSG00000188290,HES4,0.016363060737825973,0.016363060737825973
