,selector,gene_names,weights,absolute weights
5,ENSG00000241772,AC092620.2,0.06624428548415708,0.06624428548415708
0,ENSG00000236977,ANKRD44-IT1,-0.04780921283874342,0.04780921283874342
2,ENSG00000155428,TRIM74,0.047082215956432916,0.047082215956432916
1,ENSG00000269893,SNHG8,0.022993674901257612,0.022993674901257612
4,ENSG00000188290,HES4,0.0153905006533672,0.0153905006533672
3,ENSG00000173210,ABLIM3,-0.00751656667815436,0.00751656667815436
