,selector,gene_names,weights,absolute weights
5,ENSG00000241772,AC092620.2,0.06673184416494059,0.06673184416494059
0,ENSG00000236977,ANKRD44-IT1,-0.045143067851530126,0.045143067851530126
2,ENSG00000155428,TRIM74,0.04226631901117671,0.04226631901117671
1,ENSG00000269893,SNHG8,0.022744845236473382,0.022744845236473382
4,ENSG00000188290,HES4,0.015753935925759875,0.015753935925759875
3,ENSG00000173210,ABLIM3,-0.00832344629044365,0.00832344629044365
6,ENSG00000257246,PHBP19,-0.0025691597920564128,0.0025691597920564128
