,selector,gene_names,weights,absolute weights
6,ENSG00000241772,AC092620.2,0.23095030069178635,0.23095030069178635
3,ENSG00000155428,TRIM74,0.1781805023076894,0.1781805023076894
0,ENSG00000236977,ANKRD44-IT1,-0.13488100959348648,0.13488100959348648
5,ENSG00000188290,HES4,0.12654174604427862,0.12654174604427862
2,ENSG00000269893,SNHG8,0.1074836273271617,0.1074836273271617
7,ENSG00000257246,PHBP19,0.08281768628981899,0.08281768628981899
4,ENSG00000173210,ABLIM3,0.08181213413311708,0.08181213413311708
1,ENSG00000161911,TREML1,-0.0405537724658153,0.0405537724658153
