,selector,gene_names,weights,absolute weights
7,ENSG00000241772,AC092620.2,0.2226758288345764,0.2226758288345764
4,ENSG00000155428,TRIM74,0.1696759553466987,0.1696759553466987
1,ENSG00000236977,ANKRD44-IT1,-0.13132110744781406,0.13132110744781406
6,ENSG00000188290,HES4,0.12207883664278384,0.12207883664278384
3,ENSG00000269893,SNHG8,0.10202903890660825,0.10202903890660825
8,ENSG00000257246,PHBP19,0.07900960583673358,0.07900960583673358
5,ENSG00000173210,ABLIM3,0.07823493684108754,0.07823493684108754
2,ENSG00000161911,TREML1,-0.03864940095453947,0.03864940095453947
0,ENSG00000233493,TMEM238,-0.004016055513677161,0.004016055513677161
