{"3": {"ensembles": "ENSG00000269893, ENSG00000204387, ENSG00000203875", "genes": "SNHG8, C6orf48, SNHG5", "results": {"0": {"accuracy": 0.8717948717948718, "roc_auc": 0.9520052596975674}, "1": {"accuracy": 0.8974358974358975, "roc_auc": 0.9559500328731098}, "2": {"accuracy": 0.8717948717948718, "roc_auc": 0.9598948060486521}, "3": {"accuracy": 0.8717948717948718, "roc_auc": 0.9526627218934911}, "4": {"accuracy": 0.8717948717948718, "roc_auc": 0.9539776462853385}}, "plot_path": "./Predictions/All_GENES/best_genes/RFE/Pictures/3.png"}}