{"3": {"ensembles": "ENSG00000111678, ENSG00000152082, ENSG00000171858", "genes": "C12orf57, MZT2B, RPS21", "results": {"0": {"accuracy": 0.7948717948717948, "roc_auc": 0.8902038132807364}, "1": {"accuracy": 0.7948717948717948, "roc_auc": 0.8928336620644314}, "2": {"accuracy": 0.7948717948717948, "roc_auc": 0.8994082840236687}, "3": {"accuracy": 0.7948717948717948, "roc_auc": 0.8928336620644314}, "4": {"accuracy": 0.7948717948717948, "roc_auc": 0.8842866535174227}}, "plot_path": "./Predictions/CODING/Only combined libraries/chi2/Pictures/3.png"}, "4": {"ensembles": "ENSG00000198804, ENSG00000111678, ENSG00000152082, ENSG00000171858", "genes": "MT-CO1, C12orf57, MZT2B, RPS21", "results": {"0": {"accuracy": 0.782051282051282, "roc_auc": 0.8849441157133465}, "1": {"accuracy": 0.782051282051282, "roc_auc": 0.8902038132807363}, "2": {"accuracy": 0.7692307692307693, "roc_auc": 0.9007232084155161}, "3": {"accuracy": 0.8205128205128205, "roc_auc": 0.8971071663379355}, "4": {"accuracy": 0.7948717948717948, "roc_auc": 0.8823142669296515}}, "plot_path": "./Predictions/CODING/Only combined libraries/chi2/Pictures/4.png"}, "5": {"ensembles": "ENSG00000198804, ENSG00000111678, ENSG00000152082, ENSG00000175602, ENSG00000171858", "genes": "MT-CO1, C12orf57, MZT2B, CCDC85B, RPS21", "results": {"0": {"accuracy": 0.7564102564102564, "roc_auc": 0.883629191321499}, "1": {"accuracy": 0.7435897435897436, "roc_auc": 0.888888888888889}, "2": {"accuracy": 0.782051282051282, "roc_auc": 0.8829717291255753}, "3": {"accuracy": 0.7564102564102564, "roc_auc": 0.8915187376725839}, "4": {"accuracy": 0.7564102564102564, "roc_auc": 0.8777120315581853}}, "plot_path": "./Predictions/CODING/Only combined libraries/chi2/Pictures/5.png"}, "6": {"ensembles": "ENSG00000198804, ENSG00000111678, ENSG00000152082, ENSG00000175602, ENSG00000161179, ENSG00000171858", "genes": "MT-CO1, C12orf57, MZT2B, CCDC85B, YDJC, RPS21", "results": {"0": {"accuracy": 0.7564102564102564, "roc_auc": 0.886259040105194}, "1": {"accuracy": 0.8076923076923077, "roc_auc": 0.8921761998685076}, "2": {"accuracy": 0.7564102564102564, "roc_auc": 0.8809993425378041}, "3": {"accuracy": 0.7435897435897436, "roc_auc": 0.883629191321499}, "4": {"accuracy": 0.7564102564102564, "roc_auc": 0.8875739644970414}}, "plot_path": "./Predictions/CODING/Only combined libraries/chi2/Pictures/6.png"}, "7": {"ensembles": "ENSG00000198804, ENSG00000179085, ENSG00000111678, ENSG00000152082, ENSG00000175602, ENSG00000161179, ENSG00000171858", "genes": "MT-CO1, DPM3, C12orf57, MZT2B, CCDC85B, YDJC, RPS21", "results": {"0": {"accuracy": 0.8461538461538461, "roc_auc": 0.9020381328073636}, "1": {"accuracy": 0.8205128205128205, "roc_auc": 0.9000657462195923}, "2": {"accuracy": 0.8076923076923077, "roc_auc": 0.8980933596318212}, "3": {"accuracy": 0.8461538461538461, "roc_auc": 0.9046679815910585}, "4": {"accuracy": 0.8076923076923077, "roc_auc": 0.9013806706114399}}, "plot_path": "./Predictions/CODING/Only combined libraries/chi2/Pictures/7.png"}, "8": {"ensembles": "ENSG00000198804, ENSG00000179085, ENSG00000111678, ENSG00000152082, ENSG00000204387, ENSG00000175602, ENSG00000161179, ENSG00000171858", "genes": "MT-CO1, DPM3, C12orf57, MZT2B, C6orf48, CCDC85B, YDJC, RPS21", "results": {"0": {"accuracy": 0.8461538461538461, "roc_auc": 0.9230769230769231}, "1": {"accuracy": 0.8461538461538461, "roc_auc": 0.923076923076923}, "2": {"accuracy": 0.8461538461538461, "roc_auc": 0.9247205785667324}, "3": {"accuracy": 0.8461538461538461, "roc_auc": 0.9276791584483892}, "4": {"accuracy": 0.8205128205128205, "roc_auc": 0.9171597633136095}}, "plot_path": "./Predictions/CODING/Only combined libraries/chi2/Pictures/8.png"}, "9": {"ensembles": "ENSG00000198804, ENSG00000179085, ENSG00000111678, ENSG00000152082, ENSG00000204387, ENSG00000175602, ENSG00000103254, ENSG00000161179, ENSG00000171858", "genes": "MT-CO1, DPM3, C12orf57, MZT2B, C6orf48, CCDC85B, FAM173A, YDJC, RPS21", "results": {"0": {"accuracy": 0.8461538461538461, "roc_auc": 0.9270216962524654}, "1": {"accuracy": 0.8589743589743589, "roc_auc": 0.9247205785667325}, "2": {"accuracy": 0.8589743589743589, "roc_auc": 0.9148586456278764}, "3": {"accuracy": 0.8589743589743589, "roc_auc": 0.9224194608809994}, "4": {"accuracy": 0.8589743589743589, "roc_auc": 0.9211045364891518}}, "plot_path": "./Predictions/CODING/Only combined libraries/chi2/Pictures/9.png"}, "10": {"ensembles": "ENSG00000198804, ENSG00000179085, ENSG00000111678, ENSG00000152082, ENSG00000204387, ENSG00000175602, ENSG00000141933, ENSG00000103254, ENSG00000161179, ENSG00000171858", "genes": "MT-CO1, DPM3, C12orf57, MZT2B, C6orf48, CCDC85B, TPGS1, FAM173A, YDJC, RPS21", "results": {"0": {"accuracy": 0.8333333333333334, "roc_auc": 0.9243918474687706}, "1": {"accuracy": 0.8205128205128205, "roc_auc": 0.9178172255095333}, "2": {"accuracy": 0.8205128205128205, "roc_auc": 0.9217619986850756}, "3": {"accuracy": 0.8333333333333334, "roc_auc": 0.9197896120973044}, "4": {"accuracy": 0.8333333333333334, "roc_auc": 0.9204470742932281}}, "plot_path": "./Predictions/CODING/Only combined libraries/chi2/Pictures/10.png"}, "11": {"ensembles": "ENSG00000198804, ENSG00000179085, ENSG00000111678, ENSG00000152082, ENSG00000204387, ENSG00000175602, ENSG00000141933, ENSG00000103254, ENSG00000161179, ENSG00000130748, ENSG00000171858", "genes": "MT-CO1, DPM3, C12orf57, MZT2B, C6orf48, CCDC85B, TPGS1, FAM173A, YDJC, TMEM160, RPS21", "results": {"0": {"accuracy": 0.8333333333333334, "roc_auc": 0.918474687705457}, "1": {"accuracy": 0.8461538461538461, "roc_auc": 0.9171597633136095}, "2": {"accuracy": 0.8205128205128205, "roc_auc": 0.9204470742932281}, "3": {"accuracy": 0.8205128205128205, "roc_auc": 0.9178172255095333}, "4": {"accuracy": 0.8461538461538461, "roc_auc": 0.925706771860618}}, "plot_path": "./Predictions/CODING/Only combined libraries/chi2/Pictures/11.png"}, "12": {"ensembles": "ENSG00000198804, ENSG00000179085, ENSG00000111678, ENSG00000152082, ENSG00000204387, ENSG00000112667, ENSG00000175602, ENSG00000141933, ENSG00000103254, ENSG00000161179, ENSG00000130748, ENSG00000171858", "genes": "MT-CO1, DPM3, C12orf57, MZT2B, C6orf48, DNPH1, CCDC85B, TPGS1, FAM173A, YDJC, TMEM160, RPS21", "results": {"0": {"accuracy": 0.8333333333333334, "roc_auc": 0.9211045364891519}, "1": {"accuracy": 0.8076923076923077, "roc_auc": 0.9125575279421433}, "2": {"accuracy": 0.8076923076923077, "roc_auc": 0.9197896120973044}, "3": {"accuracy": 0.8333333333333334, "roc_auc": 0.9188034188034188}, "4": {"accuracy": 0.8461538461538461, "roc_auc": 0.9151873767258383}}, "plot_path": "./Predictions/CODING/Only combined libraries/chi2/Pictures/12.png"}, "13": {"ensembles": "ENSG00000198804, ENSG00000179085, ENSG00000111678, ENSG00000152082, ENSG00000204387, ENSG00000112667, ENSG00000175602, ENSG00000141933, ENSG00000103254, ENSG00000161179, ENSG00000130748, ENSG00000171858, ENSG00000188290", "genes": "MT-CO1, DPM3, C12orf57, MZT2B, C6orf48, DNPH1, CCDC85B, TPGS1, FAM173A, YDJC, TMEM160, RPS21, HES4", "results": {"0": {"accuracy": 0.8333333333333334, "roc_auc": 0.9289940828402367}, "1": {"accuracy": 0.8333333333333334, "roc_auc": 0.9171597633136095}, "2": {"accuracy": 0.8333333333333334, "roc_auc": 0.9148586456278764}, "3": {"accuracy": 0.8205128205128205, "roc_auc": 0.9197896120973045}, "4": {"accuracy": 0.8333333333333334, "roc_auc": 0.9211045364891519}}, "plot_path": "./Predictions/CODING/Only combined libraries/chi2/Pictures/13.png"}, "14": {"ensembles": "ENSG00000198804, ENSG00000179085, ENSG00000111678, ENSG00000152082, ENSG00000204387, ENSG00000112667, ENSG00000198727, ENSG00000175602, ENSG00000141933, ENSG00000103254, ENSG00000161179, ENSG00000130748, ENSG00000171858, ENSG00000188290", "genes": "MT-CO1, DPM3, C12orf57, MZT2B, C6orf48, DNPH1, MT-CYB, CCDC85B, TPGS1, FAM173A, YDJC, TMEM160, RPS21, HES4", "results": {"0": {"accuracy": 0.8461538461538461, "roc_auc": 0.9151873767258383}, "1": {"accuracy": 0.8205128205128205, "roc_auc": 0.9211045364891519}, "2": {"accuracy": 0.8333333333333334,