{"3": {"ensembles": "ENSG00000170889, ENSG00000145425, ENSG00000133112", "genes": "RPS9, RPS3A, TPT1", "results": {"0": {"accuracy": 0.8205128205128205, "roc_auc": 0.9086127547666009}, "1": {"accuracy": 0.8076923076923077, "roc_auc": 0.9079552925706772}, "2": {"accuracy": 0.7948717948717948, "roc_auc": 0.9040105193951348}, "3": {"accuracy": 0.8205128205128205, "roc_auc": 0.9026955950032873}, "4": {"accuracy": 0.782051282051282, "roc_auc": 0.9072978303747534}}, "plot_path": "./Predictions/CODING/DESeq2/chi2/Pictures/3.png"}, "4": {"ensembles": "ENSG00000170889, ENSG00000145425, ENSG00000229117, ENSG00000133112", "genes": "RPS9, RPS3A, RPL41, TPT1", "results": {"0": {"accuracy": 0.7692307692307693, "roc_auc": 0.903353057199211}, "1": {"accuracy": 0.7948717948717948, "roc_auc": 0.9099276791584483}, "2": {"accuracy": 0.7948717948717948, "roc_auc": 0.9040105193951348}, "3": {"accuracy": 0.7948717948717948, "roc_auc": 0.9125575279421433}, "4": {"accuracy": 0.7948717948717948, "roc_auc": 0.9125575279421433}}, "plot_path": "./Predictions/CODING/DESeq2/chi2/Pictures/4.png"}, "5": {"ensembles": "ENSG00000170889, ENSG00000145425, ENSG00000147604, ENSG00000229117, ENSG00000133112", "genes": "RPS9, RPS3A, RPL7, RPL41, TPT1", "results": {"0": {"accuracy": 0.7948717948717948, "roc_auc": 0.9072978303747534}, "1": {"accuracy": 0.8076923076923077, "roc_auc": 0.9007232084155161}, "2": {"accuracy": 0.782051282051282, "roc_auc": 0.9013806706114399}, "3": {"accuracy": 0.782051282051282, "roc_auc": 0.9000657462195923}, "4": {"accuracy": 0.8076923076923077, "roc_auc": 0.9082840236686391}}, "plot_path": "./Predictions/CODING/DESeq2/chi2/Pictures/5.png"}, "6": {"ensembles": "ENSG00000170889, ENSG00000145425, ENSG00000147604, ENSG00000229117, ENSG00000133112, ENSG00000143947", "genes": "RPS9, RPS3A, RPL7, RPL41, TPT1, RPS27A", "results": {"0": {"accuracy": 0.7692307692307693, "roc_auc": 0.8902038132807363}, "1": {"accuracy": 0.782051282051282, "roc_auc": 0.8994082840236686}, "2": {"accuracy": 0.782051282051282, "roc_auc": 0.9020381328073636}, "3": {"accuracy": 0.7564102564102564, "roc_auc": 0.8928336620644314}, "4": {"accuracy": 0.782051282051282, "roc_auc": 0.8967784352399737}}, "plot_path": "./Predictions/CODING/DESeq2/chi2/Pictures/6.png"}, "7": {"ensembles": "ENSG00000170889, ENSG00000145425, ENSG00000147604, ENSG00000131469, ENSG00000229117, ENSG00000133112, ENSG00000143947", "genes": "RPS9, RPS3A, RPL7, RPL27, RPL41, TPT1, RPS27A", "results": {"0": {"accuracy": 0.782051282051282, "roc_auc": 0.8888888888888888}, "1": {"accuracy": 0.782051282051282, "roc_auc": 0.8948060486522025}, "2": {"accuracy": 0.7564102564102564, "roc_auc": 0.9026955950032873}, "3": {"accuracy": 0.7692307692307693, "roc_auc": 0.8941485864562787}, "4": {"accuracy": 0.7692307692307693, "roc_auc": 0.8974358974358975}}, "plot_path": "./Predictions/CODING/DESeq2/chi2/Pictures/7.png"}, "8": {"ensembles": "ENSG00000170889, ENSG00000145425, ENSG00000147604, ENSG00000131469, ENSG00000163682, ENSG00000229117, ENSG00000133112, ENSG00000143947", "genes": "RPS9, RPS3A, RPL7, RPL27, RPL9, RPL41, TPT1, RPS27A", "results": {"0": {"accuracy": 0.8076923076923077, "roc_auc": 0.9119000657462196}, "1": {"accuracy": 0.782051282051282, "roc_auc": 0.9020381328073636}, "2": {"accuracy": 0.782051282051282, "roc_auc": 0.9020381328073636}, "3": {"accuracy": 0.7692307692307693, "roc_auc": 0.8967784352399737}, "4": {"accuracy": 0.782051282051282, "roc_auc": 0.9053254437869823}}, "plot_path": "./Predictions/CODING/DESeq2/chi2/Pictures/8.png"}, "9": {"ensembles": "ENSG00000170889, ENSG00000136942, ENSG00000145425, ENSG00000147604, ENSG00000131469, ENSG00000163682, ENSG00000229117, ENSG00000133112, ENSG00000143947", "genes": "RPS9, RPL35, RPS3A, RPL7, RPL27, RPL9, RPL41, TPT1, RPS27A", "results": {"0": {"accuracy": 0.782051282051282, "roc_auc": 0.9086127547666009}, "1": {"accuracy": 0.7948717948717948, "roc_auc": 0.8974358974358974}, "2": {"accuracy": 0.8076923076923077, "roc_auc": 0.89612097304405}, "3": {"accuracy": 0.7692307692307693, "roc_auc": 0.9007232084155161}, "4": {"accuracy": 0.7948717948717948, "roc_auc": 0.901051939513478}}, "plot_path": "./Predictions/CODING/DESeq2/chi2/Pictures/9.png"}, "10": {"ensembles": "ENSG00000170889, ENSG00000136942, ENSG00000145425, ENSG00000071082, ENSG00000147604, ENSG00000131469, ENSG00000163682, ENSG00000229117, ENSG00000133112, ENSG00000143947", "genes": "RPS9, RPL35, RPS3A, RPL31, RPL7, RPL27, RPL9, RPL41, TPT1, RPS27A", "results": {"0": {"accuracy": 0.7692307692307693, "roc_auc": 0.9007232084155161}, "1": {"accuracy": 0.7948717948717948, "roc_auc": 0.9046679815910585}, "2": {"accuracy": 0.7948717948717948, "roc_auc": 0.9053254437869823}, "3": {"accuracy": 0.7948717948717948, "roc_auc": 0.908612754766601}, "4": {"accuracy": 0.782051282051282, "roc_auc": 0.8954635108481261}}, "plot_path": "./Predictions/CODING/DESeq2/chi2/Pictures/10.png"}, "11": {"ensembles": "ENSG00000170889, ENSG00000136942, ENSG00000145425, ENSG00000071082, ENSG00000171863, ENSG00000147604, ENSG00000131469, ENSG00000163682, ENSG00000229117, ENSG00000133112, ENSG00000143947", "genes": "RPS9, RPL35, RPS3A, RPL31, RPS7, RPL7, RPL27, RPL9, RPL41, TPT1, RPS27A", "results": {"0": {"accuracy": 0.7948717948717948, "roc_auc": 0.8990795529257067}, "1": {"accuracy": 0.7948717948717948, "roc_auc": 0.9020381328073636}, "2": {"accuracy": 0.782051282051282, "roc_auc": 0.9092702169625246}, "3": {"accuracy": 0.7948717948717948, "roc_auc": 0.9092702169625246}, "4": {"accuracy": 0.7948717948717948, "roc_auc": 0.8895463510848126}}, "plot_path": "./Predictions/CODING/DESeq2/chi2/Pictures/11.png"}, "12": {"ensembles": "ENSG00000170889, ENSG00000136942, ENSG00000145425, ENSG00000071082, ENSG00000171863, ENSG00000125691, ENSG00000147604, ENSG00000131469, ENSG00000163682, ENSG00000229117, ENSG00000133112, ENSG00000143947", "genes": "RPS9, RPL35, RPS3A, RPL31, RPS7, RPL23, RPL7, RPL27, RPL9, RPL41, TPT1, RPS27A", "results": {"0": {"accuracy": 0.782051282051282, "roc_auc": 0.8948060486522025}, "1": {"accuracy": 0.7692307692307693, "roc_auc": 0.9026955950032873}, "2": {"accuracy": 0.7948717948717948, "roc_auc": 0.9013806706114397}, "3": {"accuracy": 0.7948717948717948, "roc_auc": 0.8980933596318212}, "4": {"accuracy": 0.7948717948717948, "roc_auc": 0.9007232084155161}}, "plot_path": "./Predictions/CODING/DESeq2/chi2/Pictures/12.png"}, "13": {"ensembles": "ENSG00000170889, ENSG00000136942, ENSG00000145425, ENSG00000071082, ENSG00000171863, ENSG00000125691, ENSG00000147604, ENSG00000131469, ENSG00000163682, ENSG00000229117, ENSG00000213741, ENSG00000133112, ENSG00000143947", "genes": "RPS9, RPL35, RPS3A, RPL31, RPS7, RPL23, RPL7, RPL27, RPL9, RPL41, RPS29, TPT1, RPS27A", "results": {"0": {"accuracy": 0.7692307692307693, "roc_auc": 0.888888888888889}, "1": {"accuracy": 0.7692307692307693, "roc_auc": 0.9013806706114398}, "2": {"accuracy": 0.782051282051282, "roc_auc": 0.8796844181459567}, "3": {"accuracy": 0.782051282051282, "roc_auc": 0.8921761998685075}, "4": {"accuracy": 0.782051282051282, "roc_auc": 0.8941485864562788}}, "plot_path": "./Predictions/CODING/DESeq2/chi2/Pictures/13.png"}, "14": {"ensembles": "ENSG00000171858, ENSG00000170889, ENSG00000136942, ENSG00000145425, ENSG00000071082, ENSG00000171863, ENSG00000125691, ENSG00000147604, ENSG00000131469, ENSG00000163682, ENSG00000229117, ENSG00000213741, ENSG00000133112, ENSG00000143947", "genes": "RPS21, RPS9, RPL35, RPS3A, RPL31, RPS7, RPL23, RPL7, RPL27, RPL9, RPL41, RPS29, TPT1, RPS27A", "results": {"0": {"accuracy": 0.7948717948717948, "roc_auc": 0.8967784352399737}, "1": {"accuracy": 0.782051282051282, "roc_auc": 0.8980933596318211}, "2": {"accuracy": 0.7948717948717948, "roc_auc": 0.8948060486522025}, "3": {"accuracy": 0.7948717948717948, "roc_auc": 0.8941485864562787}, "4": {"accuracy": 0.8076923076923077, "roc_auc": 0.9013806706114398}}, "plot_path": "./Predictions/CODING/DESeq2/chi2/Pictures/14.png"},