,selector,gene_names,weights,absolute weights
0,ENSG00000170889,RPS9,0.5355434592204666,0.5355434592204666
2,ENSG00000133112,TPT1,0.23248741272192988,0.23248741272192988
1,ENSG00000145425,RPS3A,0.23196912805760356,0.23196912805760356
