,selector,gene_names,weights,absolute weights
0,ENSG00000170889,RPS9,0.6335446490062333,0.6335446490062333
3,ENSG00000133112,TPT1,0.17469973039947204,0.17469973039947204
1,ENSG00000145425,RPS3A,0.11381282899587497,0.11381282899587497
2,ENSG00000229117,RPL41,0.07794279159841985,0.07794279159841985
