,selector,gene_names,weights,absolute weights
0,ENSG00000170889,RPS9,0.5330116480822609,0.5330116480822609
2,ENSG00000147604,RPL7,0.18651441749803807,0.18651441749803807
4,ENSG00000133112,TPT1,0.13077319159313744,0.13077319159313744
1,ENSG00000145425,RPS3A,0.0923975547996899,0.0923975547996899
3,ENSG00000229117,RPL41,0.05730318802687382,0.05730318802687382
