,selector,gene_names,weights,absolute weights
0,ENSG00000170889,RPS9,0.44754473393334937,0.44754473393334937
5,ENSG00000143947,RPS27A,0.21970966776208292,0.21970966776208292
2,ENSG00000147604,RPL7,0.1326617168305142,0.1326617168305142
4,ENSG00000133112,TPT1,0.09151989183671362,0.09151989183671362
1,ENSG00000145425,RPS3A,0.06474649629774085,0.06474649629774085
3,ENSG00000229117,RPL41,0.04381749333959902,0.04381749333959902
