,selector,gene_names,weights,absolute weights
0,ENSG00000170889,RPS9,0.452145413100002,0.452145413100002
7,ENSG00000143947,RPS27A,0.18986411581876636,0.18986411581876636
3,ENSG00000131469,RPL27,0.1320306188112056,0.1320306188112056
2,ENSG00000147604,RPL7,0.07655873368938367,0.07655873368938367
6,ENSG00000133112,TPT1,0.04079324881827684,0.04079324881827684
4,ENSG00000163682,RPL9,0.04064462908885109,0.04064462908885109
1,ENSG00000145425,RPS3A,0.03637485069619369,0.03637485069619369
5,ENSG00000229117,RPL41,0.03158838997732071,0.03158838997732071
