,selector,gene_names,weights,absolute weights
0,ENSG00000170889,RPS9,0.3485166943123528,0.3485166943123528
1,ENSG00000136942,RPL35,0.19242044793389218,0.19242044793389218
8,ENSG00000143947,RPS27A,0.15409986496805464,0.15409986496805464
4,ENSG00000131469,RPL27,0.09999232453064219,0.09999232453064219
3,ENSG00000147604,RPL7,0.05252806268606277,0.05252806268606277
6,ENSG00000229117,RPL41,0.04346232857840091,0.04346232857840091
7,ENSG00000133112,TPT1,0.0388366755876996,0.0388366755876996
5,ENSG00000163682,RPL9,0.0364034259224406,0.0364034259224406
2,ENSG00000145425,RPS3A,0.03374017548045434,0.03374017548045434
