,selector,gene_names,weights,absolute weights
2,ENSG00000204387,C6orf48,0.3967372909839587,0.3967372909839587
0,ENSG00000179085,DPM3,0.3041037889197363,0.3041037889197363
1,ENSG00000111678,C12orf57,0.2991589200963052,0.2991589200963052
