,selector,gene_names,weights,absolute weights
2,ENSG00000204387,C6orf48,0.46060435302020236,0.46060435302020236
0,ENSG00000179085,DPM3,0.2120888117622826,0.2120888117622826
1,ENSG00000111678,C12orf57,0.19293700488251375,0.19293700488251375
3,ENSG00000141933,TPGS1,0.13436983033500122,0.13436983033500122
