,selector,gene_names,weights,absolute weights
2,ENSG00000204387,C6orf48,0.38669718179311463,0.38669718179311463
0,ENSG00000179085,DPM3,0.1860250517337608,0.1860250517337608
1,ENSG00000111678,C12orf57,0.1790797039710886,0.1790797039710886
3,ENSG00000233493,TMEM238,0.15892191778701212,0.15892191778701212
4,ENSG00000171858,RPS21,0.08927614471502368,0.08927614471502368
