,selector,gene_names,weights,absolute weights
2,ENSG00000204387,C6orf48,0.3278505075250421,0.3278505075250421
0,ENSG00000179085,DPM3,0.17424327884845203,0.17424327884845203
1,ENSG00000111678,C12orf57,0.1597400861437234,0.1597400861437234
3,ENSG00000233493,TMEM238,0.1321208421044184,0.1321208421044184
4,ENSG00000141933,TPGS1,0.12397354528390458,0.12397354528390458
5,ENSG00000167700,MFSD3,0.08207174009445933,0.08207174009445933
