,selector,gene_names,weights,absolute weights
2,ENSG00000204387,C6orf48,0.2744626969950772,0.2744626969950772
0,ENSG00000179085,DPM3,0.1500534006167632,0.1500534006167632
1,ENSG00000111678,C12orf57,0.14030873633425228,0.14030873633425228
3,ENSG00000233493,TMEM238,0.13270541358722962,0.13270541358722962
4,ENSG00000141933,TPGS1,0.11809126990034875,0.11809126990034875
6,ENSG00000171858,RPS21,0.09735556149753107,0.09735556149753107
5,ENSG00000167700,MFSD3,0.08702292106879772,0.08702292106879772
