,selector,gene_names,weights,absolute weights
3,ENSG00000204387,C6orf48,0.2607218060049994,0.2607218060049994
0,ENSG00000179085,DPM3,0.14767891065820754,0.14767891065820754
1,ENSG00000111678,C12orf57,0.1331905756448066,0.1331905756448066
4,ENSG00000233493,TMEM238,0.12288077967449773,0.12288077967449773
2,ENSG00000152082,MZT2B,0.10152762907848838,0.10152762907848838
5,ENSG00000141933,TPGS1,0.10071745176487748,0.10071745176487748
7,ENSG00000188290,HES4,0.07301370699574991,0.07301370699574991
6,ENSG00000212123,PRR22,0.060269140178372996,0.060269140178372996
