,selector,gene_names,weights,absolute weights
3,ENSG00000204387,C6orf48,0.29952750970143793,0.29952750970143793
0,ENSG00000179085,DPM3,0.13167974823942816,0.13167974823942816
1,ENSG00000111678,C12orf57,0.11591099474168234,0.11591099474168234
4,ENSG00000233493,TMEM238,0.10906705754333572,0.10906705754333572
5,ENSG00000141933,TPGS1,0.09560877700738754,0.09560877700738754
2,ENSG00000152082,MZT2B,0.07162922087560496,0.07162922087560496
7,ENSG00000171858,RPS21,0.06405049663184065,0.06405049663184065
8,ENSG00000188290,HES4,0.061777405453541545,0.061777405453541545
6,ENSG00000172803,SNX32,0.05074878980574121,0.05074878980574121
