,selector,gene_names,weights,absolute weights
0,ENSG00000170889,RPS9,0.6054772100778998,0.6054772100778998
2,ENSG00000229117,RPL41,0.14984164125924454,0.14984164125924454
3,ENSG00000133112,TPT1,0.14536045816241383,0.14536045816241383
1,ENSG00000145425,RPS3A,0.09932069050044184,0.09932069050044184
