,selector,gene_names,weights,absolute weights
0,ENSG00000170889,RPS9,0.5391192597374493,0.5391192597374493
2,ENSG00000147604,RPL7,0.18567813845840495,0.18567813845840495
4,ENSG00000133112,TPT1,0.12863882640542654,0.12863882640542654
1,ENSG00000145425,RPS3A,0.09012972061146786,0.09012972061146786
3,ENSG00000229117,RPL41,0.056434054787251324,0.056434054787251324
