,selector,gene_names,weights,absolute weights
0,ENSG00000170889,RPS9,0.44590227330731846,0.44590227330731846
5,ENSG00000143947,RPS27A,0.21611709604959578,0.21611709604959578
2,ENSG00000147604,RPL7,0.13338946284913833,0.13338946284913833
4,ENSG00000133112,TPT1,0.09234887668793676,0.09234887668793676
1,ENSG00000145425,RPS3A,0.06685859060498663,0.06685859060498663
3,ENSG00000229117,RPL41,0.04538370050102387,0.04538370050102387
