,selector,gene_names,weights,absolute weights
0,ENSG00000170889,RPS9,0.388187943956826,0.388187943956826
6,ENSG00000143947,RPS27A,0.18774031115377346,0.18774031115377346
3,ENSG00000131469,RPL27,0.14929455895707933,0.14929455895707933
2,ENSG00000147604,RPL7,0.09900718743064267,0.09900718743064267
5,ENSG00000133112,TPT1,0.07197689003790587,0.07197689003790587
1,ENSG00000145425,RPS3A,0.05822625226798491,0.05822625226798491
4,ENSG00000229117,RPL41,0.04556685619578784,0.04556685619578784
