,selector,gene_names,weights,absolute weights
0,ENSG00000170889,RPS9,0.4129214134359218,0.4129214134359218
7,ENSG00000143947,RPS27A,0.18774864314122197,0.18774864314122197
3,ENSG00000131469,RPL27,0.13925770562804038,0.13925770562804038
2,ENSG00000147604,RPL7,0.06770928928525853,0.06770928928525853
5,ENSG00000229117,RPL41,0.06049725783489066,0.06049725783489066
6,ENSG00000133112,TPT1,0.05437220492895474,0.05437220492895474
4,ENSG00000163682,RPL9,0.03949182187132354,0.03949182187132354
1,ENSG00000145425,RPS3A,0.03800166387438836,0.03800166387438836
