,selector,gene_names,weights,absolute weights
0,ENSG00000233493,TMEM238,0.08205462961801555,0.08205462961801555
1,ENSG00000172803,SNX32,0.07167306956468421,0.07167306956468421
3,ENSG00000273599,RP11-59C5.3,0.07063897283184331,0.07063897283184331
2,ENSG00000155428,TRIM74,0.02412512863646227,0.02412512863646227
