,selector,gene_names,weights,absolute weights
0,ENSG00000233493,TMEM238,0.09241214986930495,0.09241214986930495
4,ENSG00000273599,RP11-59C5.3,0.09139764172407,0.09139764172407
2,ENSG00000172803,SNX32,0.08622500005320821,0.08622500005320821
3,ENSG00000155428,TRIM74,0.028183753671076957,0.028183753671076957
1,ENSG00000225864,HCG4P11,0.02745726508466894,0.02745726508466894
