,selector,gene_names,weights,absolute weights
0,ENSG00000233493,TMEM238,0.12241508707974787,0.12241508707974787
5,ENSG00000273599,RP11-59C5.3,0.11542139056182044,0.11542139056182044
3,ENSG00000172803,SNX32,0.11110450258920096,0.11110450258920096
1,ENSG00000225864,HCG4P11,0.06855409574335095,0.06855409574335095
4,ENSG00000155428,TRIM74,0.061690971295186615,0.061690971295186615
2,ENSG00000167476,JSRP1,-0.04174274555620235,0.04174274555620235
