,selector,gene_names,weights,absolute weights
1,ENSG00000225864,HCG4P11,0.07251238987159661,0.07251238987159661
3,ENSG00000172803,SNX32,0.0511778866143061,0.0511778866143061
6,ENSG00000279948,CTD-2233K9.1,-0.04870322737099578,0.04870322737099578
0,ENSG00000233493,TMEM238,0.044924811970739505,0.044924811970739505
5,ENSG00000273599,RP11-59C5.3,0.033117548837638684,0.033117548837638684
4,ENSG00000155428,TRIM74,0.032313060880294064,0.032313060880294064
2,ENSG00000167476,JSRP1,-0.009376929080663864,0.009376929080663864
