,selector,gene_names,weights,absolute weights
5,ENSG00000143776,CDC42BPA,-0.02670330783690435,0.02670330783690435
0,ENSG00000233493,TMEM238,0.02387123360854508,0.02387123360854508
7,ENSG00000279948,CTD-2233K9.1,-0.015909066691773572,0.015909066691773572
2,ENSG00000167476,JSRP1,0.010521248200195099,0.010521248200195099
1,ENSG00000225864,HCG4P11,0.0,0.0
3,ENSG00000172803,SNX32,0.0,0.0
4,ENSG00000155428,TRIM74,0.0,0.0
6,ENSG00000273599,RP11-59C5.3,0.0,0.0
