,selector,gene_names,weights,absolute weights
0,ENSG00000233493,TMEM238,0.1394459916334517,0.1394459916334517
3,ENSG00000172803,SNX32,0.10486813374888825,0.10486813374888825
7,ENSG00000273599,RP11-59C5.3,0.1031639189664515,0.1031639189664515
4,ENSG00000155428,TRIM74,0.10094241371186868,0.10094241371186868
1,ENSG00000225864,HCG4P11,0.0983820390718495,0.0983820390718495
2,ENSG00000167476,JSRP1,-0.06591361742824106,0.06591361742824106
6,ENSG00000143776,CDC42BPA,0.025222503788953837,0.025222503788953837
8,ENSG00000279948,CTD-2233K9.1,-0.024884613682818565,0.024884613682818565
5,ENSG00000188290,HES4,0.023855603903307585,0.023855603903307585
