,selector,gene_names,weights,absolute weights
0,ENSG00000170889,RPS9,0.532327267906669,0.532327267906669
2,ENSG00000133112,TPT1,0.23494872336226544,0.23494872336226544
1,ENSG00000145425,RPS3A,0.2327240087310657,0.2327240087310657
