,selector,gene_names,weights,absolute weights
0,ENSG00000170889,RPS9,0.6148033029007377,0.6148033029007377
2,ENSG00000229117,RPL41,0.14674289927883005,0.14674289927883005
3,ENSG00000133112,TPT1,0.14521919167430736,0.14521919167430736
1,ENSG00000145425,RPS3A,0.09323460614612487,0.09323460614612487
