,selector,gene_names,weights,absolute weights
0,ENSG00000170889,RPS9,0.5406797983463736,0.5406797983463736
2,ENSG00000147604,RPL7,0.18501465812281212,0.18501465812281212
4,ENSG00000133112,TPT1,0.12762980547243002,0.12762980547243002
1,ENSG00000145425,RPS3A,0.0915971324520466,0.0915971324520466
3,ENSG00000229117,RPL41,0.05507860560633766,0.05507860560633766
