,selector,gene_names,weights,absolute weights
0,ENSG00000170889,RPS9,0.44264653384570507,0.44264653384570507
5,ENSG00000143947,RPS27A,0.21258783603260356,0.21258783603260356
2,ENSG00000147604,RPL7,0.1387415506292107,0.1387415506292107
4,ENSG00000133112,TPT1,0.0917436297800414,0.0917436297800414
1,ENSG00000145425,RPS3A,0.06810377533724764,0.06810377533724764
3,ENSG00000229117,RPL41,0.04617667437519147,0.04617667437519147
