,selector,gene_names,weights,absolute weights
0,ENSG00000170889,RPS9,0.3548300629028636,0.3548300629028636
6,ENSG00000143947,RPS27A,0.18871863296668315,0.18871863296668315
3,ENSG00000131469,RPL27,0.15391776012080527,0.15391776012080527
4,ENSG00000229117,RPL41,0.08488196907270004,0.08488196907270004
2,ENSG00000147604,RPL7,0.08399732146302272,0.08399732146302272
5,ENSG00000133112,TPT1,0.07537147532911664,0.07537147532911664
1,ENSG00000145425,RPS3A,0.05828277814480847,0.05828277814480847
