,selector,gene_names,weights,absolute weights
0,ENSG00000170889,RPS9,0.4491049670620403,0.4491049670620403
7,ENSG00000143947,RPS27A,0.19613257734162118,0.19613257734162118
3,ENSG00000131469,RPL27,0.12688572751375699,0.12688572751375699
2,ENSG00000147604,RPL7,0.07804216910269919,0.07804216910269919
6,ENSG00000133112,TPT1,0.041073058646278665,0.041073058646278665
4,ENSG00000163682,RPL9,0.0403264058997713,0.0403264058997713
1,ENSG00000145425,RPS3A,0.036418594777517244,0.036418594777517244
5,ENSG00000229117,RPL41,0.03201649965631512,0.03201649965631512
