,selector,gene_names,weights,absolute weights
0,ENSG00000170889,RPS9,0.3432490377889129,0.3432490377889129
1,ENSG00000136942,RPL35,0.19383245126042992,0.19383245126042992
8,ENSG00000143947,RPS27A,0.15428604835819,0.15428604835819
4,ENSG00000131469,RPL27,0.09921496665078026,0.09921496665078026
3,ENSG00000147604,RPL7,0.055188986023226666,0.055188986023226666
6,ENSG00000229117,RPL41,0.045525123286497604,0.045525123286497604
7,ENSG00000133112,TPT1,0.04025879085823013,0.04025879085823013
5,ENSG00000163682,RPL9,0.03577121725396763,0.03577121725396763
2,ENSG00000145425,RPS3A,0.03267337851976496,0.03267337851976496
