,selector,gene_names,weights,absolute weights
1,ENSG00000269893,SNHG8,0.3440947565755464,0.3440947565755464
0,ENSG00000203875,SNHG5,0.3307648891794212,0.3307648891794212
2,ENSG00000215908,CROCCP2,0.3251403542450322,0.3251403542450322
