,selector,gene_names,weights,absolute weights
2,ENSG00000269893,SNHG8,0.43045147349336704,0.43045147349336704
1,ENSG00000203875,SNHG5,0.3087299903040614,0.3087299903040614
3,ENSG00000215908,CROCCP2,0.21185626893802834,0.21185626893802834
0,ENSG00000236552,RPL13AP5,0.04896226726454313,0.04896226726454313
