,selector,gene_names,weights,absolute weights
2,ENSG00000269893,SNHG8,0.27075903408714674,0.27075903408714674
1,ENSG00000203875,SNHG5,0.2305254133248451,0.2305254133248451
3,ENSG00000215908,CROCCP2,0.22018428829357278,0.22018428829357278
0,ENSG00000236552,RPL13AP5,0.15461672432448562,0.15461672432448562
4,ENSG00000234741,GAS5,0.12391453996994993,0.12391453996994993
