,selector,gene_names,weights,absolute weights
3,ENSG00000269893,SNHG8,0.22799462574193624,0.22799462574193624
2,ENSG00000203875,SNHG5,0.20165663499902337,0.20165663499902337
4,ENSG00000215908,CROCCP2,0.20125838990530814,0.20125838990530814
0,ENSG00000236552,RPL13AP5,0.14530908341954693,0.14530908341954693
5,ENSG00000234741,GAS5,0.12305911569242352,0.12305911569242352
1,ENSG00000272906,RP11-533E19.7,0.1007221502417617,0.1007221502417617
