,selector,gene_names,weights,absolute weights
4,ENSG00000269893,SNHG8,0.20950445069791704,0.20950445069791704
3,ENSG00000203875,SNHG5,0.17738356316194578,0.17738356316194578
5,ENSG00000215908,CROCCP2,0.17408294797388957,0.17408294797388957
0,ENSG00000236552,RPL13AP5,0.1307470709367146,0.1307470709367146
6,ENSG00000234741,GAS5,0.11446075139298796,0.11446075139298796
1,ENSG00000272906,RP11-533E19.7,0.10304181851688608,0.10304181851688608
2,ENSG00000225864,HCG4P11,0.09077939731965902,0.09077939731965902
