,selector,gene_names,weights,absolute weights
3,ENSG00000269893,SNHG8,0.19333403190810144,0.19333403190810144
2,ENSG00000203875,SNHG5,0.16770126528127552,0.16770126528127552
5,ENSG00000215908,CROCCP2,0.16417019243298758,0.16417019243298758
0,ENSG00000236552,RPL13AP5,0.12300696705327603,0.12300696705327603
6,ENSG00000234741,GAS5,0.1037837716819918,0.1037837716819918
1,ENSG00000272906,RP11-533E19.7,0.09920932241978962,0.09920932241978962
4,ENSG00000278771,Metazoa_SRP,0.08151130974558865,0.08151130974558865
7,ENSG00000253683,CTB-79E8.3,0.06728313947698931,0.06728313947698931
