,selector,gene_names,weights,absolute weights
4,ENSG00000269893,SNHG8,0.2625513020523921,0.2625513020523921
3,ENSG00000203875,SNHG5,0.2091788660443055,0.2091788660443055
6,ENSG00000215908,CROCCP2,0.156361135075925,0.156361135075925
1,ENSG00000236552,RPL13AP5,0.0982880979104556,0.0982880979104556
2,ENSG00000272906,RP11-533E19.7,0.06695853710752683,0.06695853710752683
5,ENSG00000265393,CTD-2517M22.17,0.06275839059998206,0.06275839059998206
7,ENSG00000234741,GAS5,0.061004605426092644,0.061004605426092644
8,ENSG00000253683,CTB-79E8.3,0.05162920049324293,0.05162920049324293
0,ENSG00000213442,RPL18AP3,0.03126986529007731,0.03126986529007731
