{"3": {"ensembles": "ENSG00000204387, ENSG00000170889, ENSG00000145337", "genes": "C6orf48, RPS9, PYURF", "results": {"0": {"accuracy": 0.8589743589743589, "roc_auc": 0.9467455621301775}, "1": {"accuracy": 0.8461538461538461, "roc_auc": 0.9388560157790927}, "2": {"accuracy": 0.8589743589743589, "roc_auc": 0.9401709401709402}, "3": {"accuracy": 0.8461538461538461, "roc_auc": 0.9408284023668639}, "4": {"accuracy": 0.8461538461538461, "roc_auc": 0.94543063773833}}, "plot_path": "./Predictions/CODING/All/RFE/Pictures/3.png"}, "4": {"ensembles": "ENSG00000204387, ENSG00000170889, ENSG00000145337, ENSG00000125995", "genes": "C6orf48, RPS9, PYURF, ROMO1", "results": {"0": {"accuracy": 0.8333333333333334, "roc_auc": 0.9391847468770546}, "1": {"accuracy": 0.8461538461538461, "roc_auc": 0.9388560157790927}, "2": {"accuracy": 0.8205128205128205, "roc_auc": 0.9388560157790927}, "3": {"accuracy": 0.8333333333333334, "roc_auc": 0.9388560157790927}, "4": {"accuracy": 0.8461538461538461, "roc_auc": 0.9401709401709402}}, "plot_path": "./Predictions/CODING/All/RFE/Pictures/4.png"}, "5": {"ensembles": "ENSG00000204387, ENSG00000170889, ENSG00000172428, ENSG00000145337, ENSG00000125995", "genes": "C6orf48, RPS9, COPS9, PYURF, ROMO1", "results": {"0": {"accuracy": 0.8205128205128205, "roc_auc": 0.9349112426035504}, "1": {"accuracy": 0.8333333333333334, "roc_auc": 0.9408284023668639}, "2": {"accuracy": 0.8589743589743589, "roc_auc": 0.9388560157790926}, "3": {"accuracy": 0.8333333333333334, "roc_auc": 0.9388560157790927}, "4": {"accuracy": 0.8461538461538461, "roc_auc": 0.938198553583169}}, "plot_path": "./Predictions/CODING/All/RFE/Pictures/5.png"}, "6": {"ensembles": "ENSG00000204387, ENSG00000233493, ENSG00000170889, ENSG00000172428, ENSG00000145337, ENSG00000125995", "genes": "C6orf48, TMEM238, RPS9, COPS9, PYURF, ROMO1", "results": {"0": {"accuracy": 0.8589743589743589, "roc_auc": 0.9539776462853387}, "1": {"accuracy": 0.8589743589743589, "roc_auc": 0.94543063773833}, "2": {"accuracy": 0.8589743589743589, "roc_auc": 0.9434582511505589}, "3": {"accuracy": 0.8589743589743589, "roc_auc": 0.9487179487179487}, "4": {"accuracy": 0.8461538461538461, "roc_auc": 0.9487179487179488}}, "plot_path": "./Predictions/CODING/All/RFE/Pictures/6.png"}, "7": {"ensembles": "ENSG00000179085, ENSG00000204387, ENSG00000233493, ENSG00000170889, ENSG00000145337, ENSG00000117543, ENSG00000125995", "genes": "DPM3, C6orf48, TMEM238, RPS9, PYURF, DPH5, ROMO1", "results": {"0": {"accuracy": 0.8717948717948718, "roc_auc": 0.9414858645627877}, "1": {"accuracy": 0.8717948717948718, "roc_auc": 0.9467455621301775}, "2": {"accuracy": 0.8589743589743589, "roc_auc": 0.9460880999342538}, "3": {"accuracy": 0.8589743589743589, "roc_auc": 0.9395134779750165}, "4": {"accuracy": 0.8461538461538461, "roc_auc": 0.9460880999342538}}, "plot_path": "./Predictions/CODING/All/RFE/Pictures/7.png"}, "8": {"ensembles": "ENSG00000179085, ENSG00000204387, ENSG00000233493, ENSG00000188290, ENSG00000170889, ENSG00000145337, ENSG00000164405, ENSG00000125995", "genes": "DPM3, C6orf48, TMEM238, HES4, RPS9, PYURF, UQCRQ, ROMO1", "results": {"0": {"accuracy": 0.8589743589743589, "roc_auc": 0.9460880999342538}, "1": {"accuracy": 0.8717948717948718, "roc_auc": 0.9421433267587114}, "2": {"accuracy": 0.8461538461538461, "roc_auc": 0.9434582511505588}, "3": {"accuracy": 0.8461538461538461, "roc_auc": 0.9506903353057199}, "4": {"accuracy": 0.8589743589743589, "roc_auc": 0.942800788954635}}, "plot_path": "./Predictions/CODING/All/RFE/Pictures/8.png"}, "9": {"ensembles": "ENSG00000204387, ENSG00000233493, ENSG00000141933, ENSG00000170889, ENSG00000172428, ENSG00000145337, ENSG00000117543, ENSG00000164405, ENSG00000125995", "genes": "C6orf48, TMEM238, TPGS1, RPS9, COPS9, PYURF, DPH5, UQCRQ, ROMO1", "results": {"0": {"accuracy": 0.8589743589743589, "roc_auc": 0.9414858645627876}, "1": {"accuracy": 0.8333333333333334, "roc_auc": 0.948060486522025}, "2": {"accuracy": 0.8589743589743589, "roc_auc": 0.9441157133464826}, "3": {"accuracy": 0.8333333333333334, "roc_auc": 0.9421433267587114}, "4": {"accuracy": 0.8333333333333334, "roc_auc": 0.9408284023668638}}, "plot_path": "./Predictions/CODING/All/RFE/Pictures/9.png"}, "10": {"ensembles": "ENSG00000111678, ENSG00000204387, ENSG00000233493, ENSG00000141933, ENSG00000188290, ENSG00000170889, ENSG00000145337, ENSG00000117543, ENSG00000164405, ENSG00000125995", "genes": "C12orf57, C6orf48, TMEM238, TPGS1, HES4, RPS9, PYURF, DPH5, UQCRQ, ROMO1", "results": {"0": {"accuracy": 0.8589743589743589, "roc_auc": 0.9414858645627876}, "1": {"accuracy": 0.8717948717948718, "roc_auc": 0.9408284023668638}, "2": {"accuracy": 0.8461538461538461, "roc_auc": 0.938198553583169}, "3": {"accuracy": 0.8461538461538461, "roc_auc": 0.9395134779750164}, "4": {"accuracy": 0.8333333333333334, "roc_auc": 0.9408284023668639}}, "plot_path": "./Predictions/CODING/All/RFE/Pictures/10.png"}, "11": {"ensembles": "ENSG00000179085, ENSG00000204387, ENSG00000233493, ENSG00000141933, ENSG00000188290, ENSG00000170889, ENSG00000172428, ENSG00000145337, ENSG00000136942, ENSG00000117543, ENSG00000125995", "genes": "DPM3, C6orf48, TMEM238, TPGS1, HES4, RPS9, COPS9, PYURF, RPL35, DPH5, ROMO1", "results": {"0": {"accuracy": 0.8461538461538461, "roc_auc": 0.9447731755424064}, "1": {"accuracy": 0.8461538461538461, "roc_auc": 0.9460880999342538}, "2": {"accuracy": 0.8461538461538461, "roc_auc": 0.9493754109138725}, "3": {"accuracy": 0.8461538461538461, "roc_auc": 0.9460880999342538}, "4": {"accuracy": 0.8461538461538461, "roc_auc": 0.9434582511505589}}, "plot_path": "./Predictions/CODING/All/RFE/Pictures/11.png"}, "12": {"ensembles": "ENSG00000179085, ENSG00000111678, ENSG00000204387, ENSG00000233493, ENSG00000188290, ENSG00000170889, ENSG00000172428, ENSG00000145337, ENSG00000196683, ENSG00000117543, ENSG00000164405, ENSG00000125995", "genes": "DPM3, C12orf57, C6orf48, TMEM238, HES4, RPS9, COPS9, PYURF, TOMM7, DPH5, UQCRQ, ROMO1", "results": {"0": {"accuracy": 0.8589743589743589, "roc_auc": 0.9500328731097962}, "1": {"accuracy": 0.8461538461538461, "roc_auc": 0.94543063773833}, "2": {"accuracy": 0.8589743589743589, "roc_auc": 0.940828402366864}, "3": {"accuracy": 0.8461538461538461, "roc_auc": 0.9418145956607495}, "4": {"accuracy": 0.8461538461538461, "roc_auc": 0.9424720578566733}}, "plot_path": "./Predictions/CODING/All/RFE/Pictures/12.png"}, "13": {"ensembles": "ENSG00000179085, ENSG00000111678, ENSG00000204387, ENSG00000233493, ENSG00000141933, ENSG00000167700, ENSG00000170889, ENSG00000172428, ENSG00000145337, ENSG00000117543, ENSG00000164405, ENSG00000177469, ENSG00000125995", "genes": "DPM3, C12orf57, C6orf48, TMEM238, TPGS1, MFSD3, RPS9, COPS9, PYURF, DPH5, UQCRQ, PTRF, ROMO1", "results": {"0": {"accuracy": 0.8461538461538461, "roc_auc": 0.9533201840894148}, "1": {"accuracy": 0.8589743589743589, "roc_auc": 0.9546351084812623}, "2": {"accuracy": 0.8589743589743589, "roc_auc": 0.955292570677186}, "3": {"accuracy": 0.8333333333333334, "roc_auc": 0.9533201840894149}, "4": {"accuracy": 0.8461538461538461, "roc_auc": 0.9460880999342537}}, "plot_path": "./Predictions/CODING/All/RFE/Pictures/13.png"}, "14": {"ensembles": "ENSG00000179085, ENSG00000111678, ENSG00000204387, ENSG00000233493, ENSG00000141933, ENSG00000172803, ENSG00000212123, ENSG00000170889, ENSG00000145337, ENSG00000114942, ENSG00000117543, ENSG00000164405, ENSG00000177469, ENSG00000125995", "genes": "DPM3, C12orf57, C6orf48, TMEM238, TPGS1, SNX32, PRR22, RPS9, PYURF, EEF1B2, DPH5, UQCRQ, PTRF, ROMO1", "results": {"0": {"accuracy": 0.8461538461538461, "roc_auc": 0.9546351084812623}, "1": {"accuracy": 0.8461538461538461, "roc_auc": 0.9572649572649573}, "2": {"accuracy": 0.8589743589743589, "roc_auc": 0.955292570677186}, "3": {"accuracy": 0.8333333333333334, "roc_auc": 0.9526627218934911}, "4": {"accuracy": 0.8846153846153846, "roc_auc": 0.9552925706771861}}, "plot_path": "./Predictions/CODING/All/RFE/Pictures/14.png"},