{"3": {"ensembles": "ENSG00000170889, ENSG00000145425, ENSG00000133112", "genes": "RPS9, RPS3A, TPT1", "results": {"0": {"accuracy": 0.7948717948717948, "roc_auc": 0.8987508218277448}, "1": {"accuracy": 0.8076923076923077, "roc_auc": 0.9079552925706772}, "2": {"accuracy": 0.8076923076923077, "roc_auc": 0.9053254437869822}, "3": {"accuracy": 0.7948717948717948, "roc_auc": 0.9046679815910585}, "4": {"accuracy": 0.8076923076923077, "roc_auc": 0.9046679815910585}}, "plot_path": "./Predictions/CODING/All/chi2/Pictures/3.png"}, "4": {"ensembles": "ENSG00000170889, ENSG00000145425, ENSG00000229117, ENSG00000133112", "genes": "RPS9, RPS3A, RPL41, TPT1", "results": {"0": {"accuracy": 0.7948717948717948, "roc_auc": 0.9099276791584483}, "1": {"accuracy": 0.7948717948717948, "roc_auc": 0.910913872452334}, "2": {"accuracy": 0.7692307692307693, "roc_auc": 0.9086127547666009}, "3": {"accuracy": 0.8076923076923077, "roc_auc": 0.9145299145299145}, "4": {"accuracy": 0.782051282051282, "roc_auc": 0.9023668639053254}}, "plot_path": "./Predictions/CODING/All/chi2/Pictures/4.png"}, "5": {"ensembles": "ENSG00000170889, ENSG00000145425, ENSG00000147604, ENSG00000229117, ENSG00000133112", "genes": "RPS9, RPS3A, RPL7, RPL41, TPT1", "results": {"0": {"accuracy": 0.782051282051282, "roc_auc": 0.8875739644970414}, "1": {"accuracy": 0.7948717948717948, "roc_auc": 0.8980933596318212}, "2": {"accuracy": 0.8205128205128205, "roc_auc": 0.9046679815910584}, "3": {"accuracy": 0.782051282051282, "roc_auc": 0.8928336620644313}, "4": {"accuracy": 0.7948717948717948, "roc_auc": 0.9020381328073636}}, "plot_path": "./Predictions/CODING/All/chi2/Pictures/5.png"}, "6": {"ensembles": "ENSG00000170889, ENSG00000145425, ENSG00000147604, ENSG00000229117, ENSG00000133112, ENSG00000143947", "genes": "RPS9, RPS3A, RPL7, RPL41, TPT1, RPS27A", "results": {"0": {"accuracy": 0.7564102564102564, "roc_auc": 0.8974358974358975}, "1": {"accuracy": 0.7692307692307693, "roc_auc": 0.9000657462195923}, "2": {"accuracy": 0.782051282051282, "roc_auc": 0.8961209730440499}, "3": {"accuracy": 0.7692307692307693, "roc_auc": 0.8974358974358975}, "4": {"accuracy": 0.782051282051282, "roc_auc": 0.8964497041420117}}, "plot_path": "./Predictions/CODING/All/chi2/Pictures/6.png"}, "7": {"ensembles": "ENSG00000170889, ENSG00000145425, ENSG00000147604, ENSG00000131469, ENSG00000229117, ENSG00000133112, ENSG00000143947", "genes": "RPS9, RPS3A, RPL7, RPL27, RPL41, TPT1, RPS27A", "results": {"0": {"accuracy": 0.782051282051282, "roc_auc": 0.8892176199868508}, "1": {"accuracy": 0.7692307692307693, "roc_auc": 0.9000657462195922}, "2": {"accuracy": 0.782051282051282, "roc_auc": 0.8895463510848126}, "3": {"accuracy": 0.7692307692307693, "roc_auc": 0.8928336620644313}, "4": {"accuracy": 0.7692307692307693, "roc_auc": 0.89086127547666}}, "plot_path": "./Predictions/CODING/All/chi2/Pictures/7.png"}, "8": {"ensembles": "ENSG00000170889, ENSG00000145425, ENSG00000147604, ENSG00000131469, ENSG00000163682, ENSG00000229117, ENSG00000133112, ENSG00000143947", "genes": "RPS9, RPS3A, RPL7, RPL27, RPL9, RPL41, TPT1, RPS27A", "results": {"0": {"accuracy": 0.782051282051282, "roc_auc": 0.9072978303747534}, "1": {"accuracy": 0.782051282051282, "roc_auc": 0.9066403681788298}, "2": {"accuracy": 0.782051282051282, "roc_auc": 0.9020381328073636}, "3": {"accuracy": 0.7948717948717948, "roc_auc": 0.8994082840236687}, "4": {"accuracy": 0.7948717948717948, "roc_auc": 0.9046679815910585}}, "plot_path": "./Predictions/CODING/All/chi2/Pictures/8.png"}, "9": {"ensembles": "ENSG00000170889, ENSG00000136942, ENSG00000145425, ENSG00000147604, ENSG00000131469, ENSG00000163682, ENSG00000229117, ENSG00000133112, ENSG00000143947", "genes": "RPS9, RPL35, RPS3A, RPL7, RPL27, RPL9, RPL41, TPT1, RPS27A", "results": {"0": {"accuracy": 0.7692307692307693, "roc_auc": 0.9072978303747535}, "1": {"accuracy": 0.7948717948717948, "roc_auc": 0.905982905982906}, "2": {"accuracy": 0.782051282051282, "roc_auc": 0.903353057199211}, "3": {"accuracy": 0.8076923076923077, "roc_auc": 0.9026955950032873}, "4": {"accuracy": 0.7692307692307693, "roc_auc": 0.9046679815910584}}, "plot_path": "./Predictions/CODING/All/chi2/Pictures/9.png"}, "10": {"ensembles": "ENSG00000170889, ENSG00000136942, ENSG00000145425, ENSG00000071082, ENSG00000147604, ENSG00000131469, ENSG00000163682, ENSG00000229117, ENSG00000133112, ENSG00000143947", "genes": "RPS9, RPL35, RPS3A, RPL31, RPL7, RPL27, RPL9, RPL41, TPT1, RPS27A", "results": {"0": {"accuracy": 0.7692307692307693, "roc_auc": 0.8948060486522025}, "1": {"accuracy": 0.7948717948717948, "roc_auc": 0.905982905982906}, "2": {"accuracy": 0.7948717948717948, "roc_auc": 0.9000657462195925}, "3": {"accuracy": 0.782051282051282, "roc_auc": 0.9053254437869822}, "4": {"accuracy": 0.782051282051282, "roc_auc": 0.8987508218277448}}, "plot_path": "./Predictions/CODING/All/chi2/Pictures/10.png"}, "11": {"ensembles": "ENSG00000170889, ENSG00000136942, ENSG00000145425, ENSG00000071082, ENSG00000171863, ENSG00000147604, ENSG00000131469, ENSG00000163682, ENSG00000229117, ENSG00000133112, ENSG00000143947", "genes": "RPS9, RPL35, RPS3A, RPL31, RPS7, RPL7, RPL27, RPL9, RPL41, TPT1, RPS27A", "results": {"0": {"accuracy": 0.782051282051282, "roc_auc": 0.8980933596318211}, "1": {"accuracy": 0.7692307692307693, "roc_auc": 0.9013806706114398}, "2": {"accuracy": 0.7948717948717948, "roc_auc": 0.9007232084155161}, "3": {"accuracy": 0.782051282051282, "roc_auc": 0.8997370151216305}, "4": {"accuracy": 0.782051282051282, "roc_auc": 0.89612097304405}}, "plot_path": "./Predictions/CODING/All/chi2/Pictures/11.png"}, "12": {"ensembles": "ENSG00000170889, ENSG00000136942, ENSG00000145425, ENSG00000071082, ENSG00000171863, ENSG00000125691, ENSG00000147604, ENSG00000131469, ENSG00000163682, ENSG00000229117, ENSG00000133112, ENSG00000143947", "genes": "RPS9, RPL35, RPS3A, RPL31, RPS7, RPL23, RPL7, RPL27, RPL9, RPL41, TPT1, RPS27A", "results": {"0": {"accuracy": 0.7948717948717948, "roc_auc": 0.9046679815910584}, "1": {"accuracy": 0.7948717948717948, "roc_auc": 0.8987508218277448}, "2": {"accuracy": 0.782051282051282, "roc_auc": 0.8908612754766602}, "3": {"accuracy": 0.7948717948717948, "roc_auc": 0.9132149901380671}, "4": {"accuracy": 0.782051282051282, "roc_auc": 0.9026955950032873}}, "plot_path": "./Predictions/CODING/All/chi2/Pictures/12.png"}, "13": {"ensembles": "ENSG00000170889, ENSG00000136942, ENSG00000145425, ENSG00000071082, ENSG00000171863, ENSG00000125691, ENSG00000147604, ENSG00000131469, ENSG00000163682, ENSG00000229117, ENSG00000213741, ENSG00000133112, ENSG00000143947", "genes": "RPS9, RPL35, RPS3A, RPL31, RPS7, RPL23, RPL7, RPL27, RPL9, RPL41, RPS29, TPT1, RPS27A", "results": {"0": {"accuracy": 0.7948717948717948, "roc_auc": 0.8928336620644313}, "1": {"accuracy": 0.7948717948717948, "roc_auc": 0.9000657462195925}, "2": {"accuracy": 0.7692307692307693, "roc_auc": 0.8842866535174227}, "3": {"accuracy": 0.782051282051282, "roc_auc": 0.8941485864562787}, "4": {"accuracy": 0.7948717948717948, "roc_auc": 0.89086127547666}}, "plot_path": "./Predictions/CODING/All/chi2/Pictures/13.png"}, "14": {"ensembles": "ENSG00000171858, ENSG00000170889, ENSG00000136942, ENSG00000145425, ENSG00000071082, ENSG00000171863, ENSG00000125691, ENSG00000147604, ENSG00000131469, ENSG00000163682, ENSG00000229117, ENSG00000213741, ENSG00000133112, ENSG00000143947", "genes": "RPS21, RPS9, RPL35, RPS3A, RPL31, RPS7, RPL23, RPL7, RPL27, RPL9, RPL41, RPS29, TPT1, RPS27A", "results": {"0": {"accuracy": 0.7948717948717948, "roc_auc": 0.888560157790927}, "1": {"accuracy": 0.8076923076923077, "roc_auc": 0.9040105193951348}, "2": {"accuracy": 0.782051282051282, "roc_auc": 0.8931623931623932}, "3": {"accuracy": 0.782051282051282, "roc_auc": 0.89086127547666}, "4": {"accuracy": 0.7948717948717948, "roc_auc": 0.9007232084155161}}, "plot_path": "./Predictions/CODING/All/chi2/Pictures/14.png"},