{"3": {"ensembles": "ENSG00000170889, ENSG00000145425, ENSG00000133112", "genes": "RPS9, RPS3A, TPT1", "results": {"0": {"accuracy": 0.7948717948717948, "roc_auc": 0.9026955950032873}, "1": {"accuracy": 0.8076923076923077, "roc_auc": 0.903353057199211}, "2": {"accuracy": 0.7948717948717948, "roc_auc": 0.9092702169625246}, "3": {"accuracy": 0.8076923076923077, "roc_auc": 0.9066403681788298}, "4": {"accuracy": 0.7948717948717948, "roc_auc": 0.903353057199211}}, "plot_path": "./Predictions/CODING/All/chi2/Pictures/3.png"}, "4": {"ensembles": "ENSG00000170889, ENSG00000145425, ENSG00000229117, ENSG00000133112", "genes": "RPS9, RPS3A, RPL41, TPT1", "results": {"0": {"accuracy": 0.7692307692307693, "roc_auc": 0.9053254437869822}, "1": {"accuracy": 0.782051282051282, "roc_auc": 0.9178172255095332}, "2": {"accuracy": 0.7692307692307693, "roc_auc": 0.9112426035502958}, "3": {"accuracy": 0.7692307692307693, "roc_auc": 0.9138724523339908}, "4": {"accuracy": 0.7692307692307693, "roc_auc": 0.9079552925706772}}, "plot_path": "./Predictions/CODING/All/chi2/Pictures/4.png"}, "5": {"ensembles": "ENSG00000170889, ENSG00000145425, ENSG00000147604, ENSG00000229117, ENSG00000133112", "genes": "RPS9, RPS3A, RPL7, RPL41, TPT1", "results": {"0": {"accuracy": 0.782051282051282, "roc_auc": 0.905982905982906}, "1": {"accuracy": 0.782051282051282, "roc_auc": 0.9092702169625247}, "2": {"accuracy": 0.7948717948717948, "roc_auc": 0.9040105193951348}, "3": {"accuracy": 0.7948717948717948, "roc_auc": 0.9020381328073636}, "4": {"accuracy": 0.8205128205128205, "roc_auc": 0.9066403681788298}}, "plot_path": "./Predictions/CODING/All/chi2/Pictures/5.png"}, "6": {"ensembles": "ENSG00000170889, ENSG00000145425, ENSG00000147604, ENSG00000229117, ENSG00000133112, ENSG00000143947", "genes": "RPS9, RPS3A, RPL7, RPL41, TPT1, RPS27A", "results": {"0": {"accuracy": 0.7564102564102564, "roc_auc": 0.8974358974358975}, "1": {"accuracy": 0.782051282051282, "roc_auc": 0.9066403681788296}, "2": {"accuracy": 0.7692307692307693, "roc_auc": 0.893491124260355}, "3": {"accuracy": 0.8076923076923077, "roc_auc": 0.9072978303747534}, "4": {"accuracy": 0.7692307692307693, "roc_auc": 0.8974358974358975}}, "plot_path": "./Predictions/CODING/All/chi2/Pictures/6.png"}, "7": {"ensembles": "ENSG00000170889, ENSG00000145425, ENSG00000147604, ENSG00000131469, ENSG00000229117, ENSG00000133112, ENSG00000143947", "genes": "RPS9, RPS3A, RPL7, RPL27, RPL41, TPT1, RPS27A", "results": {"0": {"accuracy": 0.782051282051282, "roc_auc": 0.8974358974358974}, "1": {"accuracy": 0.782051282051282, "roc_auc": 0.8862590401051939}, "2": {"accuracy": 0.782051282051282, "roc_auc": 0.8915187376725838}, "3": {"accuracy": 0.7692307692307693, "roc_auc": 0.8994082840236687}, "4": {"accuracy": 0.7692307692307693, "roc_auc": 0.8921761998685076}}, "plot_path": "./Predictions/CODING/All/chi2/Pictures/7.png"}, "8": {"ensembles": "ENSG00000170889, ENSG00000145425, ENSG00000147604, ENSG00000131469, ENSG00000163682, ENSG00000229117, ENSG00000133112, ENSG00000143947", "genes": "RPS9, RPS3A, RPL7, RPL27, RPL9, RPL41, TPT1, RPS27A", "results": {"0": {"accuracy": 0.7692307692307693, "roc_auc": 0.9066403681788296}, "1": {"accuracy": 0.7948717948717948, "roc_auc": 0.8994082840236686}, "2": {"accuracy": 0.8076923076923077, "roc_auc": 0.9007232084155161}, "3": {"accuracy": 0.8076923076923077, "roc_auc": 0.8987508218277449}, "4": {"accuracy": 0.782051282051282, "roc_auc": 0.8974358974358975}}, "plot_path": "./Predictions/CODING/All/chi2/Pictures/8.png"}, "9": {"ensembles": "ENSG00000170889, ENSG00000136942, ENSG00000145425, ENSG00000147604, ENSG00000131469, ENSG00000163682, ENSG00000229117, ENSG00000133112, ENSG00000143947", "genes": "RPS9, RPL35, RPS3A, RPL7, RPL27, RPL9, RPL41, TPT1, RPS27A", "results": {"0": {"accuracy": 0.8076923076923077, "roc_auc": 0.9079552925706773}, "1": {"accuracy": 0.7948717948717948, "roc_auc": 0.8987508218277449}, "2": {"accuracy": 0.782051282051282, "roc_auc": 0.8994082840236687}, "3": {"accuracy": 0.7692307692307693, "roc_auc": 0.8994082840236686}, "4": {"accuracy": 0.782051282051282, "roc_auc": 0.903353057199211}}, "plot_path": "./Predictions/CODING/All/chi2/Pictures/9.png"}, "10": {"ensembles": "ENSG00000170889, ENSG00000136942, ENSG00000145425, ENSG00000071082, ENSG00000147604, ENSG00000131469, ENSG00000163682, ENSG00000229117, ENSG00000133112, ENSG00000143947", "genes": "RPS9, RPL35, RPS3A, RPL31, RPL7, RPL27, RPL9, RPL41, TPT1, RPS27A", "results": {"0": {"accuracy": 0.782051282051282, "roc_auc": 0.8928336620644313}, "1": {"accuracy": 0.7692307692307693, "roc_auc": 0.905982905982906}, "2": {"accuracy": 0.7692307692307693, "roc_auc": 0.8974358974358974}, "3": {"accuracy": 0.782051282051282, "roc_auc": 0.9000657462195923}, "4": {"accuracy": 0.7692307692307693, "roc_auc": 0.9000657462195923}}, "plot_path": "./Predictions/CODING/All/chi2/Pictures/10.png"}, "11": {"ensembles": "ENSG00000170889, ENSG00000136942, ENSG00000145425, ENSG00000071082, ENSG00000171863, ENSG00000147604, ENSG00000131469, ENSG00000163682, ENSG00000229117, ENSG00000133112, ENSG00000143947", "genes": "RPS9, RPL35, RPS3A, RPL31, RPS7, RPL7, RPL27, RPL9, RPL41, TPT1, RPS27A", "results": {"0": {"accuracy": 0.782051282051282, "roc_auc": 0.9026955950032872}, "1": {"accuracy": 0.782051282051282, "roc_auc": 0.8954635108481263}, "2": {"accuracy": 0.782051282051282, "roc_auc": 0.8967784352399738}, "3": {"accuracy": 0.7948717948717948, "roc_auc": 0.8987508218277449}, "4": {"accuracy": 0.782051282051282, "roc_auc": 0.8954635108481263}}, "plot_path": "./Predictions/CODING/All/chi2/Pictures/11.png"}, "12": {"ensembles": "ENSG00000170889, ENSG00000136942, ENSG00000145425, ENSG00000071082, ENSG00000171863, ENSG00000125691, ENSG00000147604, ENSG00000131469, ENSG00000163682, ENSG00000229117, ENSG00000133112, ENSG00000143947", "genes": "RPS9, RPL35, RPS3A, RPL31, RPS7, RPL23, RPL7, RPL27, RPL9, RPL41, TPT1, RPS27A", "results": {"0": {"accuracy": 0.782051282051282, "roc_auc": 0.9020381328073636}, "1": {"accuracy": 0.782051282051282, "roc_auc": 0.8994082840236686}, "2": {"accuracy": 0.7948717948717948, "roc_auc": 0.9010519395134781}, "3": {"accuracy": 0.782051282051282, "roc_auc": 0.9046679815910584}, "4": {"accuracy": 0.8076923076923077, "roc_auc": 0.9086127547666009}}, "plot_path": "./Predictions/CODING/All/chi2/Pictures/12.png"}, "13": {"ensembles": "ENSG00000170889, ENSG00000136942, ENSG00000145425, ENSG00000071082, ENSG00000171863, ENSG00000125691, ENSG00000147604, ENSG00000131469, ENSG00000163682, ENSG00000229117, ENSG00000213741, ENSG00000133112, ENSG00000143947", "genes": "RPS9, RPL35, RPS3A, RPL31, RPS7, RPL23, RPL7, RPL27, RPL9, RPL41, RPS29, TPT1, RPS27A", "results": {"0": {"accuracy": 0.7948717948717948, "roc_auc": 0.8948060486522025}, "1": {"accuracy": 0.782051282051282, "roc_auc": 0.908612754766601}, "2": {"accuracy": 0.7948717948717948, "roc_auc": 0.89086127547666}, "3": {"accuracy": 0.7692307692307693, "roc_auc": 0.8934911242603549}, "4": {"accuracy": 0.7948717948717948, "roc_auc": 0.8856015779092702}}, "plot_path": "./Predictions/CODING/All/chi2/Pictures/13.png"}, "14": {"ensembles": "ENSG00000171858, ENSG00000170889, ENSG00000136942, ENSG00000145425, ENSG00000071082, ENSG00000171863, ENSG00000125691, ENSG00000147604, ENSG00000131469, ENSG00000163682, ENSG00000229117, ENSG00000213741, ENSG00000133112, ENSG00000143947", "genes": "RPS21, RPS9, RPL35, RPS3A, RPL31, RPS7, RPL23, RPL7, RPL27, RPL9, RPL41, RPS29, TPT1, RPS27A", "results": {"0": {"accuracy": 0.782051282051282, "roc_auc": 0.89086127547666}, "1": {"accuracy": 0.782051282051282, "roc_auc": 0.8997370151216305}, "2": {"accuracy": 0.7948717948717948, "roc_auc": 0.8994082840236687}, "3": {"accuracy": 0.7948717948717948, "roc_auc": 0.9007232084155161}, "4": {"accuracy": 0.8076923076923077, "roc_auc": 0.8898750821827746}}, "plot_path": "./Predictions/CODING/All/chi2/Pictures/14.png"},