{"3": {"ensembles": "ENSG00000213442, ENSG00000236552, ENSG00000237550", "genes": "RPL18AP3, RPL13AP5, RPL9P9", "results": {"0": {"accuracy": 0.8333333333333334, "roc_auc": 0.8980933596318212}, "1": {"accuracy": 0.8205128205128205, "roc_auc": 0.8836291913214991}, "2": {"accuracy": 0.8333333333333334, "roc_auc": 0.8921761998685076}, "3": {"accuracy": 0.8333333333333334, "roc_auc": 0.8961209730440499}, "4": {"accuracy": 0.8461538461538461, "roc_auc": 0.8856015779092703}}, "plot_path": "./Predictions/NON_CODING/EdgeR/chi2/Pictures/3.png"}, "4": {"ensembles": "ENSG00000213442, ENSG00000236552, ENSG00000203875, ENSG00000237550", "genes": "RPL18AP3, RPL13AP5, SNHG5, RPL9P9", "results": {"0": {"accuracy": 0.8076923076923077, "roc_auc": 0.9125575279421433}, "1": {"accuracy": 0.8076923076923077, "roc_auc": 0.9197896120973044}, "2": {"accuracy": 0.8076923076923077, "roc_auc": 0.9125575279421434}, "3": {"accuracy": 0.8205128205128205, "roc_auc": 0.9115713346482577}, "4": {"accuracy": 0.7948717948717948, "roc_auc": 0.910913872452334}}, "plot_path": "./Predictions/NON_CODING/EdgeR/chi2/Pictures/4.png"}, "5": {"ensembles": "ENSG00000213442, ENSG00000236552, ENSG00000203875, ENSG00000215908, ENSG00000237550", "genes": "RPL18AP3, RPL13AP5, SNHG5, CROCCP2, RPL9P9", "results": {"0": {"accuracy": 0.8717948717948718, "roc_auc": 0.9355687047994741}, "1": {"accuracy": 0.8461538461538461, "roc_auc": 0.9391847468770546}, "2": {"accuracy": 0.8333333333333334, "roc_auc": 0.9398422090729783}, "3": {"accuracy": 0.8333333333333334, "roc_auc": 0.9342537804076265}, "4": {"accuracy": 0.8333333333333334, "roc_auc": 0.9296515450361604}}, "plot_path": "./Predictions/NON_CODING/EdgeR/chi2/Pictures/5.png"}, "6": {"ensembles": "ENSG00000213442, ENSG00000236552, ENSG00000203875, ENSG00000215908, ENSG00000234741, ENSG00000237550", "genes": "RPL18AP3, RPL13AP5, SNHG5, CROCCP2, GAS5, RPL9P9", "results": {"0": {"accuracy": 0.8846153846153846, "roc_auc": 0.945759368836292}, "1": {"accuracy": 0.8974358974358975, "roc_auc": 0.942800788954635}, "2": {"accuracy": 0.8974358974358975, "roc_auc": 0.9467455621301776}, "3": {"accuracy": 0.8717948717948718, "roc_auc": 0.9421433267587114}, "4": {"accuracy": 0.8846153846153846, "roc_auc": 0.9437869822485206}}, "plot_path": "./Predictions/NON_CODING/EdgeR/chi2/Pictures/6.png"}, "7": {"ensembles": "ENSG00000213442, ENSG00000236552, ENSG00000203875, ENSG00000215030, ENSG00000215908, ENSG00000234741, ENSG00000237550", "genes": "RPL18AP3, RPL13AP5, SNHG5, RPL13P12, CROCCP2, GAS5, RPL9P9", "results": {"0": {"accuracy": 0.8846153846153846, "roc_auc": 0.9441157133464826}, "1": {"accuracy": 0.8589743589743589, "roc_auc": 0.942800788954635}, "2": {"accuracy": 0.8717948717948718, "roc_auc": 0.938198553583169}, "3": {"accuracy": 0.8974358974358975, "roc_auc": 0.9391847468770546}, "4": {"accuracy": 0.8846153846153846, "roc_auc": 0.9414858645627876}}, "plot_path": "./Predictions/NON_CODING/EdgeR/chi2/Pictures/7.png"}, "8": {"ensembles": "ENSG00000213442, ENSG00000236552, ENSG00000203875, ENSG00000215030, ENSG00000215908, ENSG00000234741, ENSG00000237550, ENSG00000214485", "genes": "RPL18AP3, RPL13AP5, SNHG5, RPL13P12, CROCCP2, GAS5, RPL9P9, RPL7P1", "results": {"0": {"accuracy": 0.8846153846153846, "roc_auc": 0.9355687047994741}, "1": {"accuracy": 0.8717948717948718, "roc_auc": 0.935568704799474}, "2": {"accuracy": 0.8846153846153846, "roc_auc": 0.9460880999342538}, "3": {"accuracy": 0.8717948717948718, "roc_auc": 0.9355687047994741}, "4": {"accuracy": 0.8846153846153846, "roc_auc": 0.9362261669953977}}, "plot_path": "./Predictions/NON_CODING/EdgeR/chi2/Pictures/8.png"}, "9": {"ensembles": "ENSG00000213442, ENSG00000236552, ENSG00000225178, ENSG00000203875, ENSG00000215030, ENSG00000215908, ENSG00000234741, ENSG00000237550, ENSG00000214485", "genes": "RPL18AP3, RPL13AP5, RPSAP58, SNHG5, RPL13P12, CROCCP2, GAS5, RPL9P9, RPL7P1", "results": {"0": {"accuracy": 0.8589743589743589, "roc_auc": 0.9293228139381986}, "1": {"accuracy": 0.8589743589743589, "roc_auc": 0.9322813938198554}, "2": {"accuracy": 0.8589743589743589, "roc_auc": 0.9358974358974359}, "3": {"accuracy": 0.8589743589743589, "roc_auc": 0.9362261669953977}, "4": {"accuracy": 0.8717948717948718, "roc_auc": 0.9316239316239316}}, "plot_path": "./Predictions/NON_CODING/EdgeR/chi2/Pictures/9.png"}, "10": {"ensembles": "ENSG00000213442, ENSG00000236552, ENSG00000225178, ENSG00000203875, ENSG00000215030, ENSG00000215908, ENSG00000263266, ENSG00000234741, ENSG00000237550, ENSG00000214485", "genes": "RPL18AP3, RPL13AP5, RPSAP58, SNHG5, RPL13P12, CROCCP2, RPS7P1, GAS5, RPL9P9, RPL7P1", "results": {"0": {"accuracy": 0.8461538461538461, "roc_auc": 0.9266929651545036}, "1": {"accuracy": 0.8461538461538461, "roc_auc": 0.9319526627218936}, "2": {"accuracy": 0.8589743589743589, "roc_auc": 0.9309664694280079}, "3": {"accuracy": 0.8589743589743589, "roc_auc": 0.9273504273504274}, "4": {"accuracy": 0.8717948717948718, "roc_auc": 0.9296515450361604}}, "plot_path": "./Predictions/NON_CODING/EdgeR/chi2/Pictures/10.png"}, "11": {"ensembles": "ENSG00000213442, ENSG00000236552, ENSG00000225178, ENSG00000203875, ENSG00000215030, ENSG00000215908, ENSG00000263266, ENSG00000234741, ENSG00000237550, ENSG00000214485, ENSG00000244398", "genes": "RPL18AP3, RPL13AP5, RPSAP58, SNHG5, RPL13P12, CROCCP2, RPS7P1, GAS5, RPL9P9, RPL7P1, RP11-466H18.1", "results": {"0": {"accuracy": 0.8589743589743589, "roc_auc": 0.9293228139381986}, "1": {"accuracy": 0.8717948717948718, "roc_auc": 0.9342537804076266}, "2": {"accuracy": 0.8589743589743589, "roc_auc": 0.9316239316239315}, "3": {"accuracy": 0.8589743589743589, "roc_auc": 0.930637738330046}, "4": {"accuracy": 0.8846153846153846, "roc_auc": 0.9401709401709402}}, "plot_path": "./Predictions/NON_CODING/EdgeR/chi2/Pictures/11.png"}, "12": {"ensembles": "ENSG00000213442, ENSG00000236552, ENSG00000225178, ENSG00000203875, ENSG00000269893, ENSG00000215030, ENSG00000215908, ENSG00000263266, ENSG00000234741, ENSG00000237550, ENSG00000214485, ENSG00000244398", "genes": "RPL18AP3, RPL13AP5, RPSAP58, SNHG5, SNHG8, RPL13P12, CROCCP2, RPS7P1, GAS5, RPL9P9, RPL7P1, RP11-466H18.1", "results": {"0": {"accuracy": 0.8589743589743589, "roc_auc": 0.9418145956607495}, "1": {"accuracy": 0.8589743589743589, "roc_auc": 0.9421433267587114}, "2": {"accuracy": 0.8461538461538461, "roc_auc": 0.938198553583169}, "3": {"accuracy": 0.8589743589743589, "roc_auc": 0.94543063773833}, "4": {"accuracy": 0.8846153846153846, "roc_auc": 0.9447731755424063}}, "plot_path": "./Predictions/NON_CODING/EdgeR/chi2/Pictures/12.png"}, "13": {"ensembles": "ENSG00000213442, ENSG00000236552, ENSG00000225178, ENSG00000203875, ENSG00000269893, ENSG00000215030, ENSG00000215908, ENSG00000263266, ENSG00000234741, ENSG00000237550, ENSG00000214485, ENSG00000227063, ENSG00000244398", "genes": "RPL18AP3, RPL13AP5, RPSAP58, SNHG5, SNHG8, RPL13P12, CROCCP2, RPS7P1, GAS5, RPL9P9, RPL7P1, RPL41P1, RP11-466H18.1", "results": {"0": {"accuracy": 0.8589743589743589, "roc_auc": 0.9434582511505588}, "1": {"accuracy": 0.8717948717948718, "roc_auc": 0.9375410913872453}, "2": {"accuracy": 0.8461538461538461, "roc_auc": 0.9296515450361604}, "3": {"accuracy": 0.8846153846153846, "roc_auc": 0.9539776462853387}, "4": {"accuracy": 0.8461538461538461, "roc_auc": 0.9421433267587114}}, "plot_path": "./Predictions/NON_CODING/EdgeR/chi2/Pictures/13.png"}, "14": {"ensembles": "ENSG00000213442, ENSG00000236552, ENSG00000225178, ENSG00000203875, ENSG00000269893, ENSG00000215030, ENSG00000215908, ENSG00000263266, ENSG00000234741, ENSG00000264281, ENSG00000237550, ENSG00000214485, ENSG00000227063, ENSG00000244398", "genes": "RPL18AP3, RPL13AP5, RPSAP58, SNHG5, SNHG8, RPL13P12, CROCCP2, RPS7P1, GAS5, CTD-2031P19.4, RPL9P9, RPL7P1, RPL41P1, RP11-466H18.1", "results": {"0": {"accuracy": 0.8589743589743589, "roc_auc": 0.9421433267587114}, "1": {"accuracy": 0.8461538461538461, "roc_auc": 0.9385272846811308}, "2": {"accuracy": 0.8589743589743589, "roc_auc": 0.9441157133464826},