{"3": {"ensembles": "ENSG00000213442, ENSG00000236552, ENSG00000237550", "genes": "RPL18AP3, RPL13AP5, RPL9P9", "results": {"0": {"accuracy": 0.8205128205128205, "roc_auc": 0.891190006574622}, "1": {"accuracy": 0.8205128205128205, "roc_auc": 0.8902038132807364}, "2": {"accuracy": 0.8333333333333334, "roc_auc": 0.8895463510848127}, "3": {"accuracy": 0.8333333333333334, "roc_auc": 0.888888888888889}, "4": {"accuracy": 0.8205128205128205, "roc_auc": 0.8875739644970415}}, "plot_path": "./Predictions/NON_CODING/EdgeR/chi2/Pictures/3.png"}, "4": {"ensembles": "ENSG00000213442, ENSG00000236552, ENSG00000215908, ENSG00000237550", "genes": "RPL18AP3, RPL13AP5, CROCCP2, RPL9P9", "results": {"0": {"accuracy": 0.8205128205128205, "roc_auc": 0.9099276791584484}, "1": {"accuracy": 0.7948717948717948, "roc_auc": 0.9003944773175543}, "2": {"accuracy": 0.8205128205128205, "roc_auc": 0.9102564102564102}, "3": {"accuracy": 0.7948717948717948, "roc_auc": 0.8997370151216304}, "4": {"accuracy": 0.8333333333333334, "roc_auc": 0.9125575279421433}}, "plot_path": "./Predictions/NON_CODING/EdgeR/chi2/Pictures/4.png"}, "5": {"ensembles": "ENSG00000213442, ENSG00000236552, ENSG00000215030, ENSG00000215908, ENSG00000237550", "genes": "RPL18AP3, RPL13AP5, RPL13P12, CROCCP2, RPL9P9", "results": {"0": {"accuracy": 0.8333333333333334, "roc_auc": 0.9158448389217619}, "1": {"accuracy": 0.8333333333333334, "roc_auc": 0.908612754766601}, "2": {"accuracy": 0.8717948717948718, "roc_auc": 0.9053254437869822}, "3": {"accuracy": 0.8205128205128205, "roc_auc": 0.8997370151216305}, "4": {"accuracy": 0.8205128205128205, "roc_auc": 0.9066403681788298}}, "plot_path": "./Predictions/NON_CODING/EdgeR/chi2/Pictures/5.png"}, "6": {"ensembles": "ENSG00000213442, ENSG00000236552, ENSG00000215030, ENSG00000215908, ENSG00000237550, ENSG00000214485", "genes": "RPL18AP3, RPL13AP5, RPL13P12, CROCCP2, RPL9P9, RPL7P1", "results": {"0": {"accuracy": 0.8076923076923077, "roc_auc": 0.9076265614727153}, "1": {"accuracy": 0.8205128205128205, "roc_auc": 0.9013806706114398}, "2": {"accuracy": 0.8333333333333334, "roc_auc": 0.9119000657462195}, "3": {"accuracy": 0.8205128205128205, "roc_auc": 0.9095989480604866}, "4": {"accuracy": 0.8205128205128205, "roc_auc": 0.910913872452334}}, "plot_path": "./Predictions/NON_CODING/EdgeR/chi2/Pictures/6.png"}, "7": {"ensembles": "ENSG00000213442, ENSG00000236552, ENSG00000225178, ENSG00000215030, ENSG00000215908, ENSG00000237550, ENSG00000214485", "genes": "RPL18AP3, RPL13AP5, RPSAP58, RPL13P12, CROCCP2, RPL9P9, RPL7P1", "results": {"0": {"accuracy": 0.8205128205128205, "roc_auc": 0.9056541748849442}, "1": {"accuracy": 0.8589743589743589, "roc_auc": 0.9007232084155161}, "2": {"accuracy": 0.8461538461538461, "roc_auc": 0.9030243261012493}, "3": {"accuracy": 0.8205128205128205, "roc_auc": 0.9000657462195923}, "4": {"accuracy": 0.8205128205128205, "roc_auc": 0.9030243261012492}}, "plot_path": "./Predictions/NON_CODING/EdgeR/chi2/Pictures/7.png"}, "8": {"ensembles": "ENSG00000213442, ENSG00000236552, ENSG00000225178, ENSG00000215030, ENSG00000215908, ENSG00000263266, ENSG00000237550, ENSG00000214485", "genes": "RPL18AP3, RPL13AP5, RPSAP58, RPL13P12, CROCCP2, RPS7P1, RPL9P9, RPL7P1", "results": {"0": {"accuracy": 0.8333333333333334, "roc_auc": 0.9072978303747534}, "1": {"accuracy": 0.8205128205128205, "roc_auc": 0.9040105193951349}, "2": {"accuracy": 0.8333333333333334, "roc_auc": 0.915844838921762}, "3": {"accuracy": 0.8461538461538461, "roc_auc": 0.9099276791584483}, "4": {"accuracy": 0.8333333333333334, "roc_auc": 0.9053254437869822}}, "plot_path": "./Predictions/NON_CODING/EdgeR/chi2/Pictures/8.png"}, "9": {"ensembles": "ENSG00000213442, ENSG00000236552, ENSG00000225178, ENSG00000215030, ENSG00000215908, ENSG00000263266, ENSG00000237550, ENSG00000214485, ENSG00000244398", "genes": "RPL18AP3, RPL13AP5, RPSAP58, RPL13P12, CROCCP2, RPS7P1, RPL9P9, RPL7P1, RP11-466H18.1", "results": {"0": {"accuracy": 0.8461538461538461, "roc_auc": 0.9099276791584484}, "1": {"accuracy": 0.8205128205128205, "roc_auc": 0.9053254437869822}, "2": {"accuracy": 0.8461538461538461, "roc_auc": 0.9072978303747534}, "3": {"accuracy": 0.8205128205128205, "roc_auc": 0.9148586456278764}, "4": {"accuracy": 0.8333333333333334, "roc_auc": 0.9165023011176857}}, "plot_path": "./Predictions/NON_CODING/EdgeR/chi2/Pictures/9.png"}, "10": {"ensembles": "ENSG00000213442, ENSG00000236552, ENSG00000225178, ENSG00000269893, ENSG00000215030, ENSG00000215908, ENSG00000263266, ENSG00000237550, ENSG00000214485, ENSG00000244398", "genes": "RPL18AP3, RPL13AP5, RPSAP58, SNHG8, RPL13P12, CROCCP2, RPS7P1, RPL9P9, RPL7P1, RP11-466H18.1", "results": {"0": {"accuracy": 0.8461538461538461, "roc_auc": 0.9276791584483892}, "1": {"accuracy": 0.8333333333333334, "roc_auc": 0.9263642340565418}, "2": {"accuracy": 0.8205128205128205, "roc_auc": 0.9220907297830374}, "3": {"accuracy": 0.8461538461538461, "roc_auc": 0.9237343852728468}, "4": {"accuracy": 0.8461538461538461, "roc_auc": 0.9289940828402368}}, "plot_path": "./Predictions/NON_CODING/EdgeR/chi2/Pictures/10.png"}, "11": {"ensembles": "ENSG00000213442, ENSG00000236552, ENSG00000225178, ENSG00000269893, ENSG00000215030, ENSG00000215908, ENSG00000263266, ENSG00000237550, ENSG00000214485, ENSG00000227063, ENSG00000244398", "genes": "RPL18AP3, RPL13AP5, RPSAP58, SNHG8, RPL13P12, CROCCP2, RPS7P1, RPL9P9, RPL7P1, RPL41P1, RP11-466H18.1", "results": {"0": {"accuracy": 0.8205128205128205, "roc_auc": 0.9250493096646942}, "1": {"accuracy": 0.8205128205128205, "roc_auc": 0.9309664694280079}, "2": {"accuracy": 0.8333333333333334, "roc_auc": 0.925706771860618}, "3": {"accuracy": 0.8333333333333334, "roc_auc": 0.9197896120973045}, "4": {"accuracy": 0.8333333333333334, "roc_auc": 0.925706771860618}}, "plot_path": "./Predictions/NON_CODING/EdgeR/chi2/Pictures/11.png"}, "12": {"ensembles": "ENSG00000213442, ENSG00000236552, ENSG00000225178, ENSG00000269893, ENSG00000215030, ENSG00000215908, ENSG00000263266, ENSG00000264281, ENSG00000237550, ENSG00000214485, ENSG00000227063, ENSG00000244398", "genes": "RPL18AP3, RPL13AP5, RPSAP58, SNHG8, RPL13P12, CROCCP2, RPS7P1, CTD-2031P19.4, RPL9P9, RPL7P1, RPL41P1, RP11-466H18.1", "results": {"0": {"accuracy": 0.8333333333333334, "roc_auc": 0.9250493096646942}, "1": {"accuracy": 0.8461538461538461, "roc_auc": 0.9178172255095333}, "2": {"accuracy": 0.8333333333333334, "roc_auc": 0.923076923076923}, "3": {"accuracy": 0.8205128205128205, "roc_auc": 0.9237343852728468}, "4": {"accuracy": 0.8333333333333334, "roc_auc": 0.9243918474687706}}, "plot_path": "./Predictions/NON_CODING/EdgeR/chi2/Pictures/12.png"}, "13": {"ensembles": "ENSG00000213442, ENSG00000236552, ENSG00000225178, ENSG00000269893, ENSG00000215030, ENSG00000215908, ENSG00000234797, ENSG00000263266, ENSG00000264281, ENSG00000237550, ENSG00000214485, ENSG00000227063, ENSG00000244398", "genes": "RPL18AP3, RPL13AP5, RPSAP58, SNHG8, RPL13P12, CROCCP2, RPS3AP6, RPS7P1, CTD-2031P19.4, RPL9P9, RPL7P1, RPL41P1, RP11-466H18.1", "results": {"0": {"accuracy": 0.8205128205128205, "roc_auc": 0.9237343852728468}, "1": {"accuracy": 0.8461538461538461, "roc_auc": 0.925706771860618}, "2": {"accuracy": 0.8461538461538461, "roc_auc": 0.9165023011176858}, "3": {"accuracy": 0.8333333333333334, "roc_auc": 0.9211045364891518}, "4": {"accuracy": 0.8205128205128205, "roc_auc": 0.9204470742932281}}, "plot_path": "./Predictions/NON_CODING/EdgeR/chi2/Pictures/13.png"}, "14": {"ensembles": "ENSG00000213442, ENSG00000236552, ENSG00000225178, ENSG00000269893, ENSG00000215030, ENSG00000215908, ENSG00000234797, ENSG00000263266, ENSG00000214389, ENSG00000264281, ENSG00000237550, ENSG00000214485, ENSG00000227063, ENSG00000244398", "genes": "RPL18AP3, RPL13AP5, RPSAP58, SNHG8, RPL13P12, CROCCP2, RPS3AP6, RPS7P1, RPS3AP26, CTD-2031P19.4, RPL9P9, RPL7P1, RPL41P1, RP11-466H18.1", "results": {"0": {"accuracy": 0.8205128205128205, "roc_auc": 0.9171597633136095}, "1": {"accuracy": 0.8205128205128205, "roc_auc": 0.9224194608809992},