,selector,gene_names,weights,absolute weights
1,ENSG00000152082,MZT2B,0.0022870448653971873,0.0022870448653971873
2,ENSG00000171858,RPS21,0.0005835088524295004,0.0005835088524295004
0,ENSG00000111678,C12orf57,-0.0003881682017592009,0.0003881682017592009
