,selector,gene_names,weights,absolute weights
2,ENSG00000152082,MZT2B,0.003333427268995456,0.003333427268995456
3,ENSG00000171858,RPS21,0.000675759884221582,0.000675759884221582
1,ENSG00000111678,C12orf57,-0.000606674619652524,0.000606674619652524
0,ENSG00000198804,MT-CO1,-1.0121563788995117e-05,1.0121563788995117e-05
