,selector,gene_names,weights,absolute weights
2,ENSG00000152082,MZT2B,0.0018324712454100762,0.0018324712454100762
1,ENSG00000111678,C12orf57,0.000808237000631037,0.000808237000631037
3,ENSG00000175602,CCDC85B,0.0005698734667717785,0.0005698734667717785
4,ENSG00000171858,RPS21,-7.93202277136014e-05,7.93202277136014e-05
0,ENSG00000198804,MT-CO1,-3.285627137913683e-05,3.285627137913683e-05
