,selector,gene_names,weights,absolute weights
4,ENSG00000161179,YDJC,0.004065715923046397,0.004065715923046397
3,ENSG00000175602,CCDC85B,0.002355026670871855,0.002355026670871855
5,ENSG00000171858,RPS21,0.001001251750044659,0.001001251750044659
1,ENSG00000111678,C12orf57,-0.0009756808392469799,0.0009756808392469799
2,ENSG00000152082,MZT2B,0.0004130851030134508,0.0004130851030134508
0,ENSG00000198804,MT-CO1,-1.529694284358722e-05,1.529694284358722e-05
