,selector,gene_names,weights,absolute weights
1,ENSG00000179085,DPM3,0.009977791449957462,0.009977791449957462
5,ENSG00000161179,YDJC,0.003878639979243501,0.003878639979243501
2,ENSG00000111678,C12orf57,-0.001202041884201919,0.001202041884201919
6,ENSG00000171858,RPS21,0.0005719011140937403,0.0005719011140937403
3,ENSG00000152082,MZT2B,0.0004691363610379246,0.0004691363610379246
4,ENSG00000175602,CCDC85B,0.00010460864333168945,0.00010460864333168945
0,ENSG00000198804,MT-CO1,-2.8089259953586334e-05,2.8089259953586334e-05
