,selector,gene_names,weights,absolute weights
4,ENSG00000204387,C6orf48,0.02664676676456654,0.02664676676456654
1,ENSG00000179085,DPM3,0.011888833554640245,0.011888833554640245
2,ENSG00000111678,C12orf57,-0.008241021122684803,0.008241021122684803
3,ENSG00000152082,MZT2B,0.006310088693558942,0.006310088693558942
6,ENSG00000161179,YDJC,-0.0024348650816286535,0.0024348650816286535
7,ENSG00000171858,RPS21,0.0008570817098235411,0.0008570817098235411
5,ENSG00000175602,CCDC85B,0.0005114630473298799,0.0005114630473298799
0,ENSG00000198804,MT-CO1,-4.200707591735102e-05,4.200707591735102e-05
