,selector,gene_names,weights,absolute weights
4,ENSG00000204387,C6orf48,0.026288117548265155,0.026288117548265155
1,ENSG00000179085,DPM3,0.01259250952977142,0.01259250952977142
2,ENSG00000111678,C12orf57,-0.008042884053778126,0.008042884053778126
3,ENSG00000152082,MZT2B,0.006526730846757978,0.006526730846757978
6,ENSG00000103254,FAM173A,-0.004623788354995492,0.004623788354995492
7,ENSG00000161179,YDJC,-0.0012102599229842825,0.0012102599229842825
8,ENSG00000171858,RPS21,0.000835879991393442,0.000835879991393442
5,ENSG00000175602,CCDC85B,0.00067830805535211,0.00067830805535211
0,ENSG00000198804,MT-CO1,-4.2775401591493156e-05,4.2775401591493156e-05
