,selector,gene_names,weights,absolute weights
0,ENSG00000269893,SNHG8,0.36268147609654916,0.36268147609654916
1,ENSG00000215908,CROCCP2,0.3224646075862828,0.3224646075862828
2,ENSG00000274012,RN7SL2,0.314853916317168,0.314853916317168
