,selector,gene_names,weights,absolute weights
2,ENSG00000269893,SNHG8,0.4535058730030393,0.4535058730030393
1,ENSG00000203875,SNHG5,0.3079061353819989,0.3079061353819989
3,ENSG00000215908,CROCCP2,0.19143160810847026,0.19143160810847026
0,ENSG00000236552,RPL13AP5,0.04715638350649148,0.04715638350649148
