,selector,gene_names,weights,absolute weights
1,ENSG00000269893,SNHG8,0.2605000876392166,0.2605000876392166
0,ENSG00000203875,SNHG5,0.22199158349259251,0.22199158349259251
2,ENSG00000215908,CROCCP2,0.21103015594510907,0.21103015594510907
4,ENSG00000274012,RN7SL2,0.16570927139611458,0.16570927139611458
3,ENSG00000226287,TMEM191A,0.1407689015269674,0.1407689015269674
