,selector,gene_names,weights,absolute weights
2,ENSG00000269893,SNHG8,0.30675618702995505,0.30675618702995505
1,ENSG00000203875,SNHG5,0.24347740342621454,0.24347740342621454
3,ENSG00000215908,CROCCP2,0.19036902183478263,0.19036902183478263
0,ENSG00000236552,RPL13AP5,0.11105607698543629,0.11105607698543629
5,ENSG00000274012,RN7SL2,0.09002006653702536,0.09002006653702536
4,ENSG00000226287,TMEM191A,0.058321244186586144,0.058321244186586144
