,selector,gene_names,weights,absolute weights
2,ENSG00000269893,SNHG8,0.26491120976140703,0.26491120976140703
1,ENSG00000203875,SNHG5,0.22637751746789592,0.22637751746789592
3,ENSG00000215908,CROCCP2,0.16325483219015252,0.16325483219015252
0,ENSG00000236552,RPL13AP5,0.12910035304511586,0.12910035304511586
4,ENSG00000226287,TMEM191A,0.09216379233583648,0.09216379233583648
6,ENSG00000258920,FOXN3-AS1,0.0645089736952618,0.0645089736952618
5,ENSG00000255559,ZNF252P-AS1,0.05968332150433049,0.05968332150433049
