,selector,gene_names,weights,absolute weights
3,ENSG00000269893,SNHG8,0.18120323762774168,0.18120323762774168
2,ENSG00000203875,SNHG5,0.16357691804691357,0.16357691804691357
4,ENSG00000215908,CROCCP2,0.1482107177045136,0.1482107177045136
6,ENSG00000274012,RN7SL2,0.13016225272542714,0.13016225272542714
0,ENSG00000236552,RPL13AP5,0.11082592799982703,0.11082592799982703
5,ENSG00000226287,TMEM191A,0.10373641116200805,0.10373641116200805
1,ENSG00000272906,RP11-533E19.7,0.08177502667943207,0.08177502667943207
7,ENSG00000255559,ZNF252P-AS1,0.08050950805413694,0.08050950805413694
