,selector,gene_names,weights,absolute weights
4,ENSG00000269893,SNHG8,0.19256413978588668,0.19256413978588668
3,ENSG00000203875,SNHG5,0.16122063919801294,0.16122063919801294
5,ENSG00000215908,CROCCP2,0.13820894366694988,0.13820894366694988
8,ENSG00000274012,RN7SL2,0.11873481555112125,0.11873481555112125
7,ENSG00000226287,TMEM191A,0.0894962657371527,0.0894962657371527
0,ENSG00000236552,RPL13AP5,0.08370215289959525,0.08370215289959525
6,ENSG00000234741,GAS5,0.08119072944656594,0.08119072944656594
1,ENSG00000272906,RP11-533E19.7,0.06913118736310155,0.06913118736310155
2,ENSG00000225864,HCG4P11,0.06575112635161383,0.06575112635161383
