,selector,gene_names,weights,absolute weights
1,ENSG00000152082,MZT2B,0.014277447939950715,0.014277447939950715
0,ENSG00000111678,C12orf57,-0.009599306516269607,0.009599306516269607
2,ENSG00000171858,RPS21,0.005444640757513042,0.005444640757513042
