,selector,gene_names,weights,absolute weights
2,ENSG00000152082,MZT2B,10.44050868483339,10.44050868483339
3,ENSG00000171858,RPS21,1.4952838401081396,1.4952838401081396
1,ENSG00000111678,C12orf57,-0.38930152714578103,0.38930152714578103
0,ENSG00000198804,MT-CO1,-0.09069193826461486,0.09069193826461486
