,selector,gene_names,weights,absolute weights
3,ENSG00000175602,CCDC85B,9.204550355077199,9.204550355077199
4,ENSG00000171858,RPS21,2.2096013374605903,2.2096013374605903
1,ENSG00000111678,C12orf57,-1.6456238395765597,1.6456238395765597
2,ENSG00000152082,MZT2B,-0.6803364286451526,0.6803364286451526
0,ENSG00000198804,MT-CO1,-0.028104202703010134,0.028104202703010134
