,selector,gene_names,weights,absolute weights
4,ENSG00000161179,YDJC,31.160777827810016,31.160777827810016
1,ENSG00000111678,C12orf57,-3.44068299706248,3.44068299706248
5,ENSG00000171858,RPS21,2.579548401824403,2.579548401824403
3,ENSG00000175602,CCDC85B,1.4219594933983357,1.4219594933983357
2,ENSG00000152082,MZT2B,-0.4997362824448322,0.4997362824448322
0,ENSG00000198804,MT-CO1,-0.0842827277371568,0.0842827277371568
