,selector,gene_names,weights,absolute weights
1,ENSG00000179085,DPM3,47.23402543549759,47.23402543549759
5,ENSG00000161179,YDJC,14.331421228027892,14.331421228027892
2,ENSG00000111678,C12orf57,-4.992283846866089,4.992283846866089
6,ENSG00000171858,RPS21,2.2277474147169607,2.2277474147169607
3,ENSG00000152082,MZT2B,-1.78533339157539,1.78533339157539
4,ENSG00000175602,CCDC85B,1.7637868511216208,1.7637868511216208
0,ENSG00000198804,MT-CO1,-0.11214139813641967,0.11214139813641967
