,selector,gene_names,weights,absolute weights
4,ENSG00000204387,C6orf48,19.710735628395785,19.710735628395785
1,ENSG00000179085,DPM3,12.387531629196582,12.387531629196582
6,ENSG00000161179,YDJC,-5.349228261979448,5.349228261979448
3,ENSG00000152082,MZT2B,4.727294308201763,4.727294308201763
2,ENSG00000111678,C12orf57,-4.558219884514673,4.558219884514673
5,ENSG00000175602,CCDC85B,-0.9997077885085818,0.9997077885085818
7,ENSG00000171858,RPS21,0.39137412278236855,0.39137412278236855
0,ENSG00000198804,MT-CO1,-0.058469618306098245,0.058469618306098245
