,selector,gene_names,weights,absolute weights
1,ENSG00000179085,DPM3,17.876399772704175,17.876399772704175
4,ENSG00000204387,C6orf48,15.931227226697155,15.931227226697155
7,ENSG00000161179,YDJC,-14.155340945292417,14.155340945292417
3,ENSG00000152082,MZT2B,8.43003057977227,8.43003057977227
2,ENSG00000111678,C12orf57,-4.67137679981468,4.67137679981468
6,ENSG00000103254,FAM173A,1.4134361812916842,1.4134361812916842
5,ENSG00000175602,CCDC85B,-0.6901477073479814,0.6901477073479814
8,ENSG00000171858,RPS21,0.32960859112406876,0.32960859112406876
0,ENSG00000198804,MT-CO1,-0.0560699992624788,0.0560699992624788
