{"3": {"ensembles": "ENSG00000213442, ENSG00000236552, ENSG00000215030", "genes": "RPL18AP3, RPL13AP5, RPL13P12", "results": {"0": {"accuracy": 0.8205128205128205, "roc_auc": 0.8757396449704142}, "1": {"accuracy": 0.8076923076923077, "roc_auc": 0.883629191321499}, "2": {"accuracy": 0.8205128205128205, "roc_auc": 0.8744247205785667}, "3": {"accuracy": 0.8205128205128205, "roc_auc": 0.8796844181459565}, "4": {"accuracy": 0.8076923076923077, "roc_auc": 0.8869165023011177}}, "plot_path": "./Predictions/NON_CODING/Only combined libraries/chi2/Pictures/3.png"}, "4": {"ensembles": "ENSG00000213442, ENSG00000236552, ENSG00000225178, ENSG00000215030", "genes": "RPL18AP3, RPL13AP5, RPSAP58, RPL13P12", "results": {"0": {"accuracy": 0.7948717948717948, "roc_auc": 0.8777120315581853}, "1": {"accuracy": 0.8076923076923077, "roc_auc": 0.8652202498356345}, "2": {"accuracy": 0.8076923076923077, "roc_auc": 0.8665351742274819}, "3": {"accuracy": 0.8076923076923077, "roc_auc": 0.8685075608152532}, "4": {"accuracy": 0.8076923076923077, "roc_auc": 0.8665351742274819}}, "plot_path": "./Predictions/NON_CODING/Only combined libraries/chi2/Pictures/4.png"}, "5": {"ensembles": "ENSG00000213442, ENSG00000236552, ENSG00000225178, ENSG00000269893, ENSG00000215030", "genes": "RPL18AP3, RPL13AP5, RPSAP58, SNHG8, RPL13P12", "results": {"0": {"accuracy": 0.8461538461538461, "roc_auc": 0.8980933596318211}, "1": {"accuracy": 0.8333333333333334, "roc_auc": 0.900723208415516}, "2": {"accuracy": 0.8461538461538461, "roc_auc": 0.8928336620644313}, "3": {"accuracy": 0.8589743589743589, "roc_auc": 0.9023668639053254}, "4": {"accuracy": 0.8461538461538461, "roc_auc": 0.8951347797501643}}, "plot_path": "./Predictions/NON_CODING/Only combined libraries/chi2/Pictures/5.png"}, "6": {"ensembles": "ENSG00000213442, ENSG00000236552, ENSG00000225178, ENSG00000269893, ENSG00000215030, ENSG00000276791", "genes": "RPL18AP3, RPL13AP5, RPSAP58, SNHG8, RPL13P12, CTD-2270P14.5", "results": {"0": {"accuracy": 0.8461538461538461, "roc_auc": 0.8948060486522026}, "1": {"accuracy": 0.8589743589743589, "roc_auc": 0.893491124260355}, "2": {"accuracy": 0.8333333333333334, "roc_auc": 0.8931623931623931}, "3": {"accuracy": 0.8461538461538461, "roc_auc": 0.8961209730440499}, "4": {"accuracy": 0.8461538461538461, "roc_auc": 0.9007232084155161}}, "plot_path": "./Predictions/NON_CODING/Only combined libraries/chi2/Pictures/6.png"}, "7": {"ensembles": "ENSG00000213442, ENSG00000236552, ENSG00000272906, ENSG00000225178, ENSG00000269893, ENSG00000215030, ENSG00000276791", "genes": "RPL18AP3, RPL13AP5, RP11-533E19.7, RPSAP58, SNHG8, RPL13P12, CTD-2270P14.5", "results": {"0": {"accuracy": 0.8461538461538461, "roc_auc": 0.9132149901380671}, "1": {"accuracy": 0.8461538461538461, "roc_auc": 0.9119000657462195}, "2": {"accuracy": 0.8333333333333334, "roc_auc": 0.9151873767258383}, "3": {"accuracy": 0.8461538461538461, "roc_auc": 0.900723208415516}, "4": {"accuracy": 0.8333333333333334, "roc_auc": 0.9119000657462195}}, "plot_path": "./Predictions/NON_CODING/Only combined libraries/chi2/Pictures/7.png"}, "8": {"ensembles": "ENSG00000213442, ENSG00000236552, ENSG00000272906, ENSG00000225178, ENSG00000269893, ENSG00000215030, ENSG00000276791, ENSG00000232229", "genes": "RPL18AP3, RPL13AP5, RP11-533E19.7, RPSAP58, SNHG8, RPL13P12, CTD-2270P14.5, LINC00865", "results": {"0": {"accuracy": 0.8333333333333334, "roc_auc": 0.9040105193951348}, "1": {"accuracy": 0.8076923076923077, "roc_auc": 0.9000657462195925}, "2": {"accuracy": 0.8205128205128205, "roc_auc": 0.9119000657462195}, "3": {"accuracy": 0.8333333333333334, "roc_auc": 0.9122287968441815}, "4": {"accuracy": 0.8333333333333334, "roc_auc": 0.9046679815910585}}, "plot_path": "./Predictions/NON_CODING/Only combined libraries/chi2/Pictures/8.png"}, "9": {"ensembles": "ENSG00000213442, ENSG00000236552, ENSG00000272906, ENSG00000225178, ENSG00000269893, ENSG00000215030, ENSG00000277383, ENSG00000276791, ENSG00000232229", "genes": "RPL18AP3, RPL13AP5, RP11-533E19.7, RPSAP58, SNHG8, RPL13P12, CTD-3001H11.2, CTD-2270P14.5, LINC00865", "results": {"0": {"accuracy": 0.8205128205128205, "roc_auc": 0.9099276791584484}, "1": {"accuracy": 0.8076923076923077, "roc_auc": 0.9020381328073636}, "2": {"accuracy": 0.8205128205128205, "roc_auc": 0.8944773175542408}, "3": {"accuracy": 0.8076923076923077, "roc_auc": 0.8994082840236687}, "4": {"accuracy": 0.8205128205128205, "roc_auc": 0.9056541748849442}}, "plot_path": "./Predictions/NON_CODING/Only combined libraries/chi2/Pictures/9.png"}, "10": {"ensembles": "ENSG00000213442, ENSG00000236552, ENSG00000272906, ENSG00000225178, ENSG00000269893, ENSG00000215030, ENSG00000277383, ENSG00000222020, ENSG00000276791, ENSG00000232229", "genes": "RPL18AP3, RPL13AP5, RP11-533E19.7, RPSAP58, SNHG8, RPL13P12, CTD-3001H11.2, AC062017.1, CTD-2270P14.5, LINC00865", "results": {"0": {"accuracy": 0.8076923076923077, "roc_auc": 0.9026955950032873}, "1": {"accuracy": 0.8333333333333334, "roc_auc": 0.9000657462195923}, "2": {"accuracy": 0.8205128205128205, "roc_auc": 0.901051939513478}, "3": {"accuracy": 0.8205128205128205, "roc_auc": 0.9000657462195923}, "4": {"accuracy": 0.8461538461538461, "roc_auc": 0.9000657462195923}}, "plot_path": "./Predictions/NON_CODING/Only combined libraries/chi2/Pictures/10.png"}, "11": {"ensembles": "ENSG00000213442, ENSG00000236552, ENSG00000272906, ENSG00000225178, ENSG00000269893, ENSG00000215030, ENSG00000277383, ENSG00000222020, ENSG00000276791, ENSG00000272677, ENSG00000232229", "genes": "RPL18AP3, RPL13AP5, RP11-533E19.7, RPSAP58, SNHG8, RPL13P12, CTD-3001H11.2, AC062017.1, CTD-2270P14.5, RP11-127B20.3, LINC00865", "results": {"0": {"accuracy": 0.8333333333333334, "roc_auc": 0.8974358974358975}, "1": {"accuracy": 0.7948717948717948, "roc_auc": 0.9000657462195923}, "2": {"accuracy": 0.8333333333333334, "roc_auc": 0.8954635108481263}, "3": {"accuracy": 0.8205128205128205, "roc_auc": 0.8980933596318211}, "4": {"accuracy": 0.8461538461538461, "roc_auc": 0.8954635108481263}}, "plot_path": "./Predictions/NON_CODING/Only combined libraries/chi2/Pictures/11.png"}, "12": {"ensembles": "ENSG00000213442, ENSG00000236552, ENSG00000272906, ENSG00000225864, ENSG00000225178, ENSG00000269893, ENSG00000215030, ENSG00000277383, ENSG00000222020, ENSG00000276791, ENSG00000272677, ENSG00000232229", "genes": "RPL18AP3, RPL13AP5, RP11-533E19.7, HCG4P11, RPSAP58, SNHG8, RPL13P12, CTD-3001H11.2, AC062017.1, CTD-2270P14.5, RP11-127B20.3, LINC00865", "results": {"0": {"accuracy": 0.8333333333333334, "roc_auc": 0.915844838921762}, "1": {"accuracy": 0.8461538461538461, "roc_auc": 0.9184746877054569}, "2": {"accuracy": 0.8461538461538461, "roc_auc": 0.9197896120973045}, "3": {"accuracy": 0.8461538461538461, "roc_auc": 0.9125575279421434}, "4": {"accuracy": 0.8461538461538461, "roc_auc": 0.9243918474687706}}, "plot_path": "./Predictions/NON_CODING/Only combined libraries/chi2/Pictures/12.png"}, "13": {"ensembles": "ENSG00000213442, ENSG00000236552, ENSG00000272906, ENSG00000225864, ENSG00000225178, ENSG00000269893, ENSG00000215030, ENSG00000277383, ENSG00000228205, ENSG00000222020, ENSG00000276791, ENSG00000272677, ENSG00000232229", "genes": "RPL18AP3, RPL13AP5, RP11-533E19.7, HCG4P11, RPSAP58, SNHG8, RPL13P12, CTD-3001H11.2, RP11-778D9.4, AC062017.1, CTD-2270P14.5, RP11-127B20.3, LINC00865", "results": {"0": {"accuracy": 0.8589743589743589, "roc_auc": 0.9230769230769231}, "1": {"accuracy": 0.8461538461538461, "roc_auc": 0.9171597633136095}, "2": {"accuracy": 0.8205128205128205, "roc_auc": 0.9243918474687706}, "3": {"accuracy": 0.8333333333333334, "roc_auc": 0.9138724523339907}, "4": {"accuracy": 0.8333333333333334, "roc_auc": 0.925706771860618}}, "plot_path": "./Predictions/NON_CODING/Only combined libraries/chi2/Pictures/13.png"},