{"3": {"ensembles": "ENSG00000204387, ENSG00000203875, ENSG00000145337", "genes": "C6orf48, SNHG5, PYURF", "results": {"0": {"accuracy": 0.8974358974358975, "roc_auc": 0.9513477975016437}, "1": {"accuracy": 0.8974358974358975, "roc_auc": 0.9572649572649573}, "2": {"accuracy": 0.8974358974358975, "roc_auc": 0.9589086127547666}, "3": {"accuracy": 0.8974358974358975, "roc_auc": 0.9572649572649573}, "4": {"accuracy": 0.8974358974358975, "roc_auc": 0.960552268244576}}, "plot_path": "./Predictions/CODING/All/RFE/Pictures/3.png"}, "4": {"ensembles": "ENSG00000204387, ENSG00000203875, ENSG00000170889, ENSG00000145337", "genes": "C6orf48, SNHG5, RPS9, PYURF", "results": {"0": {"accuracy": 0.8717948717948718, "roc_auc": 0.9500328731097962}, "1": {"accuracy": 0.8717948717948718, "roc_auc": 0.9526627218934912}, "2": {"accuracy": 0.8846153846153846, "roc_auc": 0.9552925706771861}, "3": {"accuracy": 0.8717948717948718, "roc_auc": 0.9533201840894149}, "4": {"accuracy": 0.8846153846153846, "roc_auc": 0.9513477975016437}}, "plot_path": "./Predictions/CODING/All/RFE/Pictures/4.png"}, "5": {"ensembles": "ENSG00000204387, ENSG00000203875, ENSG00000170889, ENSG00000145337, ENSG00000117543", "genes": "C6orf48, SNHG5, RPS9, PYURF, DPH5", "results": {"0": {"accuracy": 0.8717948717948718, "roc_auc": 0.9480604865220251}, "1": {"accuracy": 0.8717948717948718, "roc_auc": 0.9474030243261012}, "2": {"accuracy": 0.8846153846153846, "roc_auc": 0.9474030243261012}, "3": {"accuracy": 0.8846153846153846, "roc_auc": 0.948060486522025}, "4": {"accuracy": 0.8846153846153846, "roc_auc": 0.9487179487179488}}, "plot_path": "./Predictions/CODING/All/RFE/Pictures/5.png"}, "6": {"ensembles": "ENSG00000111678, ENSG00000204387, ENSG00000203875, ENSG00000170889, ENSG00000145337, ENSG00000117543", "genes": "C12orf57, C6orf48, SNHG5, RPS9, PYURF, DPH5", "results": {"0": {"accuracy": 0.8846153846153846, "roc_auc": 0.9487179487179487}, "1": {"accuracy": 0.8589743589743589, "roc_auc": 0.9434582511505589}, "2": {"accuracy": 0.8717948717948718, "roc_auc": 0.9520052596975674}, "3": {"accuracy": 0.8846153846153846, "roc_auc": 0.9520052596975674}, "4": {"accuracy": 0.8717948717948718, "roc_auc": 0.9447731755424064}}, "plot_path": "./Predictions/CODING/All/RFE/Pictures/6.png"}, "7": {"ensembles": "ENSG00000179085, ENSG00000204387, ENSG00000203875, ENSG00000170889, ENSG00000145337, ENSG00000117543, ENSG00000125995", "genes": "DPM3, C6orf48, SNHG5, RPS9, PYURF, DPH5, ROMO1", "results": {"0": {"accuracy": 0.8589743589743589, "roc_auc": 0.9506903353057199}, "1": {"accuracy": 0.8589743589743589, "roc_auc": 0.94543063773833}, "2": {"accuracy": 0.8717948717948718, "roc_auc": 0.9500328731097961}, "3": {"accuracy": 0.8589743589743589, "roc_auc": 0.9546351084812623}, "4": {"accuracy": 0.8717948717948718, "roc_auc": 0.9493754109138725}}, "plot_path": "./Predictions/CODING/All/RFE/Pictures/7.png"}, "8": {"ensembles": "ENSG00000179085, ENSG00000204387, ENSG00000233493, ENSG00000141933, ENSG00000203875, ENSG00000170889, ENSG00000145337, ENSG00000125995", "genes": "DPM3, C6orf48, TMEM238, TPGS1, SNHG5, RPS9, PYURF, ROMO1", "results": {"0": {"accuracy": 0.8846153846153846, "roc_auc": 0.965154503616042}, "1": {"accuracy": 0.8333333333333334, "roc_auc": 0.9533201840894149}, "2": {"accuracy": 0.8461538461538461, "roc_auc": 0.9566074950690335}, "3": {"accuracy": 0.8589743589743589, "roc_auc": 0.957922419460881}, "4": {"accuracy": 0.8333333333333334, "roc_auc": 0.9572649572649572}}, "plot_path": "./Predictions/CODING/All/RFE/Pictures/8.png"}, "9": {"ensembles": "ENSG00000179085, ENSG00000204387, ENSG00000233493, ENSG00000203875, ENSG00000170889, ENSG00000145337, ENSG00000117543, ENSG00000234741, ENSG00000125995", "genes": "DPM3, C6orf48, TMEM238, SNHG5, RPS9, PYURF, DPH5, GAS5, ROMO1", "results": {"0": {"accuracy": 0.8589743589743589, "roc_auc": 0.9566074950690335}, "1": {"accuracy": 0.8717948717948718, "roc_auc": 0.957922419460881}, "2": {"accuracy": 0.8589743589743589, "roc_auc": 0.9559500328731098}, "3": {"accuracy": 0.8589743589743589, "roc_auc": 0.957922419460881}, "4": {"accuracy": 0.8589743589743589, "roc_auc": 0.9592373438527284}}, "plot_path": "./Predictions/CODING/All/RFE/Pictures/9.png"}, "10": {"ensembles": "ENSG00000204387, ENSG00000233493, ENSG00000203875, ENSG00000170889, ENSG00000172428, ENSG00000145337, ENSG00000117543, ENSG00000164405, ENSG00000234741, ENSG00000125995", "genes": "C6orf48, TMEM238, SNHG5, RPS9, COPS9, PYURF, DPH5, UQCRQ, GAS5, ROMO1", "results": {"0": {"accuracy": 0.8717948717948718, "roc_auc": 0.9592373438527285}, "1": {"accuracy": 0.8717948717948718, "roc_auc": 0.9598948060486522}, "2": {"accuracy": 0.8717948717948718, "roc_auc": 0.9644970414201183}, "3": {"accuracy": 0.8846153846153846, "roc_auc": 0.9598948060486522}, "4": {"accuracy": 0.8846153846153846, "roc_auc": 0.960552268244576}}, "plot_path": "./Predictions/CODING/All/RFE/Pictures/10.png"}, "11": {"ensembles": "ENSG00000179085, ENSG00000111678, ENSG00000204387, ENSG00000233493, ENSG00000203875, ENSG00000170889, ENSG00000172428, ENSG00000145337, ENSG00000117543, ENSG00000234741, ENSG00000125995", "genes": "DPM3, C12orf57, C6orf48, TMEM238, SNHG5, RPS9, COPS9, PYURF, DPH5, GAS5, ROMO1", "results": {"0": {"accuracy": 0.8717948717948718, "roc_auc": 0.9612097304404997}, "1": {"accuracy": 0.8717948717948718, "roc_auc": 0.9585798816568047}, "2": {"accuracy": 0.8717948717948718, "roc_auc": 0.9612097304404996}, "3": {"accuracy": 0.8589743589743589, "roc_auc": 0.955292570677186}, "4": {"accuracy": 0.8717948717948718, "roc_auc": 0.9585798816568047}}, "plot_path": "./Predictions/CODING/All/RFE/Pictures/11.png"}, "12": {"ensembles": "ENSG00000179085, ENSG00000111678, ENSG00000204387, ENSG00000233493, ENSG00000203875, ENSG00000170889, ENSG00000172428, ENSG00000145337, ENSG00000117543, ENSG00000164405, ENSG00000234741, ENSG00000125995", "genes": "DPM3, C12orf57, C6orf48, TMEM238, SNHG5, RPS9, COPS9, PYURF, DPH5, UQCRQ, GAS5, ROMO1", "results": {"0": {"accuracy": 0.8717948717948718, "roc_auc": 0.9612097304404996}, "1": {"accuracy": 0.8717948717948718, "roc_auc": 0.9579224194608811}, "2": {"accuracy": 0.8589743589743589, "roc_auc": 0.9585798816568047}, "3": {"accuracy": 0.8717948717948718, "roc_auc": 0.9559500328731098}, "4": {"accuracy": 0.8589743589743589, "roc_auc": 0.9546351084812623}}, "plot_path": "./Predictions/CODING/All/RFE/Pictures/12.png"}, "13": {"ensembles": "ENSG00000152082, ENSG00000204387, ENSG00000233493, ENSG00000141933, ENSG00000203875, ENSG00000188290, ENSG00000170889, ENSG00000145337, ENSG00000117543, ENSG00000164405, ENSG00000234741, ENSG00000140104, ENSG00000125995", "genes": "MZT2B, C6orf48, TMEM238, TPGS1, SNHG5, HES4, RPS9, PYURF, DPH5, UQCRQ, GAS5, C14orf79, ROMO1", "results": {"0": {"accuracy": 0.8589743589743589, "roc_auc": 0.9592373438527284}, "1": {"accuracy": 0.8589743589743589, "roc_auc": 0.9546351084812623}, "2": {"accuracy": 0.8461538461538461, "roc_auc": 0.9612097304404996}, "3": {"accuracy": 0.8461538461538461, "roc_auc": 0.9598948060486522}, "4": {"accuracy": 0.8461538461538461, "roc_auc": 0.9533201840894149}}, "plot_path": "./Predictions/CODING/All/RFE/Pictures/13.png"}, "14": {"ensembles": "ENSG00000204387, ENSG00000233493, ENSG00000141933, ENSG00000167700, ENSG00000203875, ENSG00000172803, ENSG00000188290, ENSG00000170889, ENSG00000172428, ENSG00000145337, ENSG00000117543, ENSG00000164405, ENSG00000234741, ENSG00000125995", "genes": "C6orf48, TMEM238, TPGS1, MFSD3, SNHG5, SNX32, HES4, RPS9, COPS9, PYURF, DPH5, UQCRQ, GAS5, ROMO1", "results": {"0": {"accuracy": 0.8589743589743589, "roc_auc": 0.9585798816568046}, "1": {"accuracy": 0.8589743589743589, "roc_auc": 0.9618671926364233}, "2": {"accuracy": 0.8589743589743589, "roc_auc": 0.9552925706771861}, "3": {"accuracy": 0.8846153846153846, "roc_auc": 0.9566074950690334}, "4": {"accuracy": 0.8589743589743589, "roc_auc": 0.957922419460881}}, "plot_path": "./Predictions/CODING/All/RFE/Pictures/14.png"},