,selector,gene_names,weights,absolute weights
2,ENSG00000274012,RN7SL2,0.4013494549513535,0.4013494549513535
0,ENSG00000213442,RPL18AP3,0.3662863260713755,0.3662863260713755
1,ENSG00000237550,RPL9P9,0.23236421897727086,0.23236421897727086
