,selector,gene_names,weights,absolute weights
1,ENSG00000236552,RPL13AP5,0.3606909790534223,0.3606909790534223
3,ENSG00000274012,RN7SL2,0.3435770003760209,0.3435770003760209
0,ENSG00000213442,RPL18AP3,0.23844560941314064,0.23844560941314064
2,ENSG00000237550,RPL9P9,0.05728641115741622,0.05728641115741622
