,selector,gene_names,weights,absolute weights
2,ENSG00000203875,SNHG5,0.3079730336989695,0.3079730336989695
1,ENSG00000236552,RPL13AP5,0.25351823096472703,0.25351823096472703
4,ENSG00000274012,RN7SL2,0.25208204542013574,0.25208204542013574
0,ENSG00000213442,RPL18AP3,0.15848514936085725,0.15848514936085725
3,ENSG00000237550,RPL9P9,0.02794154055531032,0.02794154055531032
