,selector,gene_names,weights,absolute weights
2,ENSG00000203875,SNHG5,0.2497337287695814,0.2497337287695814
3,ENSG00000215908,CROCCP2,0.21793175047488142,0.21793175047488142
1,ENSG00000236552,RPL13AP5,0.19677032797513117,0.19677032797513117
5,ENSG00000274012,RN7SL2,0.19232036677422695,0.19232036677422695
0,ENSG00000213442,RPL18AP3,0.12076638918629937,0.12076638918629937
4,ENSG00000237550,RPL9P9,0.022477436819879945,0.022477436819879945
