,selector,gene_names,weights,absolute weights
2,ENSG00000203875,SNHG5,0.21091529975047024,0.21091529975047024
3,ENSG00000215908,CROCCP2,0.20891657041714348,0.20891657041714348
1,ENSG00000236552,RPL13AP5,0.16716147427426065,0.16716147427426065
6,ENSG00000274012,RN7SL2,0.15932293339081838,0.15932293339081838
4,ENSG00000234741,GAS5,0.13302892018929566,0.13302892018929566
0,ENSG00000213442,RPL18AP3,0.10121515542074917,0.10121515542074917
5,ENSG00000237550,RPL9P9,0.01943964655726243,0.01943964655726243
