,selector,gene_names,weights,absolute weights
2,ENSG00000203875,SNHG5,0.2434186545324196,0.2434186545324196
4,ENSG00000215908,CROCCP2,0.206835371908248,0.206835371908248
1,ENSG00000236552,RPL13AP5,0.16510051527437186,0.16510051527437186
7,ENSG00000274012,RN7SL2,0.1536467333372893,0.1536467333372893
5,ENSG00000234741,GAS5,0.09886708053563116,0.09886708053563116
0,ENSG00000213442,RPL18AP3,0.08124574751867,0.08124574751867
3,ENSG00000215030,RPL13P12,0.03393706559993342,0.03393706559993342
6,ENSG00000237550,RPL9P9,0.016948831293436738,0.016948831293436738
