,selector,gene_names,weights,absolute weights
2,ENSG00000203875,SNHG5,0.2066589125081238,0.2066589125081238
4,ENSG00000215908,CROCCP2,0.20019837339096436,0.20019837339096436
8,ENSG00000274012,RN7SL2,0.1634070157794055,0.1634070157794055
1,ENSG00000236552,RPL13AP5,0.15129235129795476,0.15129235129795476
5,ENSG00000234741,GAS5,0.11689693920981921,0.11689693920981921
0,ENSG00000213442,RPL18AP3,0.07336158956643705,0.07336158956643705
3,ENSG00000215030,RPL13P12,0.045200494951237215,0.045200494951237215
6,ENSG00000237550,RPL9P9,0.02278043082457795,0.02278043082457795
7,ENSG00000214485,RPL7P1,0.020203892471480387,0.020203892471480387
