,selector,gene_names,weights,absolute weights
0,ENSG00000111678,C12orf57,0.34655742406875395,0.34655742406875395
1,ENSG00000152082,MZT2B,0.3413769439850323,0.3413769439850323
2,ENSG00000171858,RPS21,0.3120656319462137,0.3120656319462137
