,selector,gene_names,weights,absolute weights
1,ENSG00000111678,C12orf57,0.39039969992113743,0.39039969992113743
2,ENSG00000152082,MZT2B,0.3240791123247246,0.3240791123247246
3,ENSG00000171858,RPS21,0.24226646659811488,0.24226646659811488
0,ENSG00000198804,MT-CO1,0.04325472115602319,0.04325472115602319
