,selector,gene_names,weights,absolute weights
1,ENSG00000111678,C12orf57,0.31703230934855686,0.31703230934855686
2,ENSG00000152082,MZT2B,0.274168209768775,0.274168209768775
4,ENSG00000171858,RPS21,0.2115849572140865,0.2115849572140865
3,ENSG00000175602,CCDC85B,0.15789715865570877,0.15789715865570877
0,ENSG00000198804,MT-CO1,0.039317365012872814,0.039317365012872814
