,selector,gene_names,weights,absolute weights
1,ENSG00000111678,C12orf57,0.2622149911590775,0.2622149911590775
2,ENSG00000152082,MZT2B,0.22846179976039208,0.22846179976039208
5,ENSG00000171858,RPS21,0.18821011996714673,0.18821011996714673
3,ENSG00000175602,CCDC85B,0.14731098262956727,0.14731098262956727
4,ENSG00000161179,YDJC,0.11656698531618187,0.11656698531618187
0,ENSG00000198804,MT-CO1,0.05723512116763452,0.05723512116763452
