,selector,gene_names,weights,absolute weights
4,ENSG00000204387,C6orf48,0.3648959156619712,0.3648959156619712
1,ENSG00000179085,DPM3,0.1785284743503621,0.1785284743503621
2,ENSG00000111678,C12orf57,0.16252286743171754,0.16252286743171754
3,ENSG00000152082,MZT2B,0.11320897679748544,0.11320897679748544
7,ENSG00000171858,RPS21,0.0811191301851638,0.0811191301851638
5,ENSG00000175602,CCDC85B,0.049355788847647186,0.049355788847647186
6,ENSG00000161179,YDJC,0.02979558804930123,0.02979558804930123
0,ENSG00000198804,MT-CO1,0.02057325867635149,0.02057325867635149
