,selector,gene_names,weights,absolute weights
4,ENSG00000204387,C6orf48,0.3149719473113252,0.3149719473113252
1,ENSG00000179085,DPM3,0.1656639699499761,0.1656639699499761
2,ENSG00000111678,C12orf57,0.14332021854125054,0.14332021854125054
3,ENSG00000152082,MZT2B,0.10770871137717156,0.10770871137717156
8,ENSG00000171858,RPS21,0.08881914859722528,0.08881914859722528
5,ENSG00000175602,CCDC85B,0.0566582373207693,0.0566582373207693
6,ENSG00000103254,FAM173A,0.044846541252678056,0.044846541252678056
7,ENSG00000161179,YDJC,0.04003434118131978,0.04003434118131978
0,ENSG00000198804,MT-CO1,0.03797688446828457,0.03797688446828457
