{"3": {"ensembles": "ENSG00000204387, ENSG00000269893, ENSG00000145337", "genes": "C6orf48, SNHG8, PYURF", "results": {"0": {"accuracy": 0.8589743589743589, "roc_auc": 0.9460880999342537}, "1": {"accuracy": 0.8846153846153846, "roc_auc": 0.9408284023668639}, "2": {"accuracy": 0.8717948717948718, "roc_auc": 0.9375410913872453}, "3": {"accuracy": 0.8589743589743589, "roc_auc": 0.9421433267587114}, "4": {"accuracy": 0.8717948717948718, "roc_auc": 0.9434582511505588}}, "plot_path": "./Predictions/All_GENES/All/RFE/Pictures/3.png"}, "4": {"ensembles": "ENSG00000204387, ENSG00000203875, ENSG00000269893, ENSG00000145337", "genes": "C6orf48, SNHG5, SNHG8, PYURF", "results": {"0": {"accuracy": 0.8846153846153846, "roc_auc": 0.9546351084812623}, "1": {"accuracy": 0.8846153846153846, "roc_auc": 0.9474030243261012}, "2": {"accuracy": 0.8846153846153846, "roc_auc": 0.9474030243261014}, "3": {"accuracy": 0.8846153846153846, "roc_auc": 0.9474030243261012}, "4": {"accuracy": 0.8846153846153846, "roc_auc": 0.9477317554240631}}, "plot_path": "./Predictions/All_GENES/All/RFE/Pictures/4.png"}, "5": {"ensembles": "ENSG00000204387, ENSG00000233493, ENSG00000203875, ENSG00000269893, ENSG00000215908", "genes": "C6orf48, TMEM238, SNHG5, SNHG8, CROCCP2", "results": {"0": {"accuracy": 0.8589743589743589, "roc_auc": 0.9671268902038134}, "1": {"accuracy": 0.8846153846153846, "roc_auc": 0.9690992767915845}, "2": {"accuracy": 0.8589743589743589, "roc_auc": 0.9671268902038133}, "3": {"accuracy": 0.8846153846153846, "roc_auc": 0.9638395792241946}, "4": {"accuracy": 0.8717948717948718, "roc_auc": 0.965154503616042}}, "plot_path": "./Predictions/All_GENES/All/RFE/Pictures/5.png"}, "6": {"ensembles": "ENSG00000204387, ENSG00000203875, ENSG00000269893, ENSG00000170889, ENSG00000145337, ENSG00000125995", "genes": "C6orf48, SNHG5, SNHG8, RPS9, PYURF, ROMO1", "results": {"0": {"accuracy": 0.8589743589743589, "roc_auc": 0.9546351084812623}, "1": {"accuracy": 0.8461538461538461, "roc_auc": 0.9533201840894149}, "2": {"accuracy": 0.8461538461538461, "roc_auc": 0.9546351084812623}, "3": {"accuracy": 0.8461538461538461, "roc_auc": 0.9506903353057199}, "4": {"accuracy": 0.8461538461538461, "roc_auc": 0.9506903353057199}}, "plot_path": "./Predictions/All_GENES/All/RFE/Pictures/6.png"}, "7": {"ensembles": "ENSG00000204387, ENSG00000233493, ENSG00000236552, ENSG00000203875, ENSG00000269893, ENSG00000215908, ENSG00000145337", "genes": "C6orf48, TMEM238, RPL13AP5, SNHG5, SNHG8, CROCCP2, PYURF", "results": {"0": {"accuracy": 0.8717948717948718, "roc_auc": 0.9618671926364234}, "1": {"accuracy": 0.8974358974358975, "roc_auc": 0.960552268244576}, "2": {"accuracy": 0.8717948717948718, "roc_auc": 0.9559500328731099}, "3": {"accuracy": 0.8846153846153846, "roc_auc": 0.9631821170282708}, "4": {"accuracy": 0.8717948717948718, "roc_auc": 0.9625246548323472}}, "plot_path": "./Predictions/All_GENES/All/RFE/Pictures/7.png"}, "8": {"ensembles": "ENSG00000204387, ENSG00000203875, ENSG00000269893, ENSG00000170889, ENSG00000215908, ENSG00000145337, ENSG00000117543, ENSG00000274012", "genes": "C6orf48, SNHG5, SNHG8, RPS9, CROCCP2, PYURF, DPH5, RN7SL2", "results": {"0": {"accuracy": 0.8846153846153846, "roc_auc": 0.9618671926364234}, "1": {"accuracy": 0.8717948717948718, "roc_auc": 0.9651545036160422}, "2": {"accuracy": 0.8717948717948718, "roc_auc": 0.9625246548323471}, "3": {"accuracy": 0.8717948717948718, "roc_auc": 0.9598948060486522}, "4": {"accuracy": 0.8846153846153846, "roc_auc": 0.9559500328731099}}, "plot_path": "./Predictions/All_GENES/All/RFE/Pictures/8.png"}, "9": {"ensembles": "ENSG00000204387, ENSG00000233493, ENSG00000203875, ENSG00000269893, ENSG00000170889, ENSG00000215908, ENSG00000145337, ENSG00000234741, ENSG00000274012", "genes": "C6orf48, TMEM238, SNHG5, SNHG8, RPS9, CROCCP2, PYURF, GAS5, RN7SL2", "results": {"0": {"accuracy": 0.8717948717948718, "roc_auc": 0.9664694280078895}, "1": {"accuracy": 0.8717948717948718, "roc_auc": 0.9710716633793557}, "2": {"accuracy": 0.8717948717948718, "roc_auc": 0.9638395792241946}, "3": {"accuracy": 0.8717948717948718, "roc_auc": 0.9658119658119658}, "4": {"accuracy": 0.8717948717948718, "roc_auc": 0.9664694280078896}}, "plot_path": "./Predictions/All_GENES/All/RFE/Pictures/9.png"}, "10": {"ensembles": "ENSG00000204387, ENSG00000233493, ENSG00000236552, ENSG00000203875, ENSG00000269893, ENSG00000170889, ENSG00000215908, ENSG00000145337, ENSG00000274012, ENSG00000125995", "genes": "C6orf48, TMEM238, RPL13AP5, SNHG5, SNHG8, RPS9, CROCCP2, PYURF, RN7SL2, ROMO1", "results": {"0": {"accuracy": 0.8846153846153846, "roc_auc": 0.9605522682445758}, "1": {"accuracy": 0.8717948717948718, "roc_auc": 0.9631821170282708}, "2": {"accuracy": 0.8589743589743589, "roc_auc": 0.9644970414201183}, "3": {"accuracy": 0.8589743589743589, "roc_auc": 0.9644970414201183}, "4": {"accuracy": 0.8846153846153846, "roc_auc": 0.9671268902038133}}, "plot_path": "./Predictions/All_GENES/All/RFE/Pictures/10.png"}, "11": {"ensembles": "ENSG00000204387, ENSG00000233493, ENSG00000203875, ENSG00000269893, ENSG00000170889, ENSG00000215908, ENSG00000172428, ENSG00000145337, ENSG00000226287, ENSG00000274012, ENSG00000125995", "genes": "C6orf48, TMEM238, SNHG5, SNHG8, RPS9, CROCCP2, COPS9, PYURF, TMEM191A, RN7SL2, ROMO1", "results": {"0": {"accuracy": 0.8717948717948718, "roc_auc": 0.9671268902038133}, "1": {"accuracy": 0.8461538461538461, "roc_auc": 0.9684418145956608}, "2": {"accuracy": 0.8589743589743589, "roc_auc": 0.9618671926364234}, "3": {"accuracy": 0.8717948717948718, "roc_auc": 0.960552268244576}, "4": {"accuracy": 0.8461538461538461, "roc_auc": 0.9677843523997369}}, "plot_path": "./Predictions/All_GENES/All/RFE/Pictures/11.png"}, "12": {"ensembles": "ENSG00000204387, ENSG00000233493, ENSG00000203875, ENSG00000269893, ENSG00000170889, ENSG00000215908, ENSG00000145337, ENSG00000117543, ENSG00000234741, ENSG00000226287, ENSG00000274012, ENSG00000125995", "genes": "C6orf48, TMEM238, SNHG5, SNHG8, RPS9, CROCCP2, PYURF, DPH5, GAS5, TMEM191A, RN7SL2, ROMO1", "results": {"0": {"accuracy": 0.8846153846153846, "roc_auc": 0.9612097304404996}, "1": {"accuracy": 0.8717948717948718, "roc_auc": 0.9631821170282708}, "2": {"accuracy": 0.8717948717948718, "roc_auc": 0.9631821170282708}, "3": {"accuracy": 0.8717948717948718, "roc_auc": 0.9638395792241946}, "4": {"accuracy": 0.8717948717948718, "roc_auc": 0.9618671926364234}}, "plot_path": "./Predictions/All_GENES/All/RFE/Pictures/12.png"}, "13": {"ensembles": "ENSG00000204387, ENSG00000233493, ENSG00000141933, ENSG00000203875, ENSG00000269893, ENSG00000170889, ENSG00000215908, ENSG00000145337, ENSG00000117543, ENSG00000226287, ENSG00000274012, ENSG00000255559, ENSG00000258920", "genes": "C6orf48, TMEM238, TPGS1, SNHG5, SNHG8, RPS9, CROCCP2, PYURF, DPH5, TMEM191A, RN7SL2, ZNF252P-AS1, FOXN3-AS1", "results": {"0": {"accuracy": 0.8846153846153846, "roc_auc": 0.9651545036160422}, "1": {"accuracy": 0.8717948717948718, "roc_auc": 0.9651545036160422}, "2": {"accuracy": 0.8846153846153846, "roc_auc": 0.9658119658119658}, "3": {"accuracy": 0.8589743589743589, "roc_auc": 0.9631821170282708}, "4": {"accuracy": 0.8589743589743589, "roc_auc": 0.9664694280078895}}, "plot_path": "./Predictions/All_GENES/All/RFE/Pictures/13.png"}, "14": {"ensembles": "ENSG00000204387, ENSG00000233493, ENSG00000236552, ENSG00000141933, ENSG00000203875, ENSG00000269893, ENSG00000188290, ENSG00000170889, ENSG00000215908, ENSG00000145337, ENSG00000253683, ENSG00000224066, ENSG00000274012, ENSG00000258920", "genes": "C6orf48, TMEM238, RPL13AP5, TPGS1, SNHG5, SNHG8, HES4, RPS9, CROCCP2, PYURF, CTB-79E8.3, RP4-622L5.7, RN7SL2, FOXN3-AS1", "results": {"0": {"accuracy": 0.8846153846153846, "roc_auc": 0.9723865877712031}, "1": {"accuracy": 0.8717948717948718, "roc_auc": 0.9658119658119657}, "2": {"accuracy": 0.8589743589743589, "roc_auc": 0.9664694280078895}, "3": {"accuracy": 0.8589743589743589, "roc_auc": 0.9664694280078895}, "4": {"accuracy": 0.8717948717948718, "roc_auc": 0.9638395792241946}},