,selector,gene_names,weights,absolute weights
0,ENSG00000170889,RPS9,0.531448747223173,0.531448747223173
1,ENSG00000145425,RPS3A,0.23737162723286845,0.23737162723286845
2,ENSG00000133112,TPT1,0.23117962554395874,0.23117962554395874
