,selector,gene_names,weights,absolute weights
0,ENSG00000170889,RPS9,0.6077838508796805,0.6077838508796805
2,ENSG00000229117,RPL41,0.149224663850618,0.149224663850618
3,ENSG00000133112,TPT1,0.14252578883937778,0.14252578883937778
1,ENSG00000145425,RPS3A,0.10046569643032374,0.10046569643032374
