,selector,gene_names,weights,absolute weights
0,ENSG00000170889,RPS9,0.5368482449803645,0.5368482449803645
2,ENSG00000147604,RPL7,0.18728592688247833,0.18728592688247833
4,ENSG00000133112,TPT1,0.1285641192040328,0.1285641192040328
1,ENSG00000145425,RPS3A,0.09088099465987425,0.09088099465987425
3,ENSG00000229117,RPL41,0.056420714273250155,0.056420714273250155
