,selector,gene_names,weights,absolute weights
0,ENSG00000170889,RPS9,0.4483914169186573,0.4483914169186573
3,ENSG00000131469,RPL27,0.20630995353582526,0.20630995353582526
2,ENSG00000147604,RPL7,0.12965650425520364,0.12965650425520364
5,ENSG00000133112,TPT1,0.08804445503194076,0.08804445503194076
1,ENSG00000145425,RPS3A,0.07128390562123196,0.07128390562123196
4,ENSG00000229117,RPL41,0.056313764637141314,0.056313764637141314
