,selector,gene_names,weights,absolute weights
0,ENSG00000170889,RPS9,0.40130660130139145,0.40130660130139145
3,ENSG00000131469,RPL27,0.18359761151838405,0.18359761151838405
2,ENSG00000147604,RPL7,0.12062771737985735,0.12062771737985735
6,ENSG00000133112,TPT1,0.08950602339026571,0.08950602339026571
1,ENSG00000145425,RPS3A,0.07700607736129411,0.07700607736129411
5,ENSG00000229117,RPL41,0.0663456418028876,0.0663456418028876
4,ENSG00000163682,RPL9,0.0616103272459199,0.0616103272459199
