,selector,gene_names,weights,absolute weights
0,ENSG00000170889,RPS9,0.3989798001468436,0.3989798001468436
1,ENSG00000136942,RPL35,0.22534128942619114,0.22534128942619114
4,ENSG00000131469,RPL27,0.1288020178590603,0.1288020178590603
3,ENSG00000147604,RPL7,0.059521681522264114,0.059521681522264114
6,ENSG00000229117,RPL41,0.05615891547886239,0.05615891547886239
7,ENSG00000133112,TPT1,0.04810258128017087,0.04810258128017087
5,ENSG00000163682,RPL9,0.042978796106581056,0.042978796106581056
2,ENSG00000145425,RPS3A,0.0401149181800264,0.0401149181800264
