,selector,gene_names,weights,absolute weights
0,ENSG00000170889,RPS9,0.36495216117476276,0.36495216117476276
1,ENSG00000136942,RPL35,0.21341205373126557,0.21341205373126557
5,ENSG00000131469,RPL27,0.12317360486183901,0.12317360486183901
4,ENSG00000147604,RPL7,0.05997765927636023,0.05997765927636023
7,ENSG00000229117,RPL41,0.05854029296644883,0.05854029296644883
8,ENSG00000133112,TPT1,0.04917423095864465,0.04917423095864465
3,ENSG00000071082,RPL31,0.048000188028549044,0.048000188028549044
6,ENSG00000163682,RPL9,0.0424903272886256,0.0424903272886256
2,ENSG00000145425,RPS3A,0.04027948171350436,0.04027948171350436
