,selector,gene_names,weights,absolute weights
2,ENSG00000269893,SNHG8,0.3464233517034541,0.3464233517034541
1,ENSG00000203875,SNHG5,0.34471483009727005,0.34471483009727005
0,ENSG00000236552,RPL13AP5,0.308861818199276,0.308861818199276
