,selector,gene_names,weights,absolute weights
2,ENSG00000269893,SNHG8,0.4318225319070916,0.4318225319070916
1,ENSG00000203875,SNHG5,0.3069216829350177,0.3069216829350177
0,ENSG00000236552,RPL13AP5,0.16364241174934355,0.16364241174934355
3,ENSG00000278771,Metazoa_SRP,0.09761337340854717,0.09761337340854717
