,selector,gene_names,weights,absolute weights
3,ENSG00000269893,SNHG8,0.28444963230991477,0.28444963230991477
2,ENSG00000203875,SNHG5,0.2537103605730803,0.2537103605730803
0,ENSG00000236552,RPL13AP5,0.19096591391296366,0.19096591391296366
1,ENSG00000225864,HCG4P11,0.14420246708000034,0.14420246708000034
4,ENSG00000278771,Metazoa_SRP,0.1266716261240412,0.1266716261240412
