,selector,gene_names,weights,absolute weights
4,ENSG00000269893,SNHG8,0.2788208018825505,0.2788208018825505
3,ENSG00000203875,SNHG5,0.22907755788240572,0.22907755788240572
1,ENSG00000236552,RPL13AP5,0.18717029210289954,0.18717029210289954
2,ENSG00000225864,HCG4P11,0.11797354706924255,0.11797354706924255
0,ENSG00000213442,RPL18AP3,0.11279029623995761,0.11279029623995761
5,ENSG00000265393,CTD-2517M22.17,0.07416750482294426,0.07416750482294426
