,selector,gene_names,weights,absolute weights
5,ENSG00000269893,SNHG8,0.23697918781319155,0.23697918781319155
4,ENSG00000203875,SNHG5,0.20167097064982628,0.20167097064982628
1,ENSG00000236552,RPL13AP5,0.16206509451619416,0.16206509451619416
2,ENSG00000272906,RP11-533E19.7,0.10763693236733385,0.10763693236733385
0,ENSG00000213442,RPL18AP3,0.09919662934299685,0.09919662934299685
3,ENSG00000225864,HCG4P11,0.09913635883311717,0.09913635883311717
6,ENSG00000278771,Metazoa_SRP,0.09331482647734006,0.09331482647734006
