,selector,gene_names,weights,absolute weights
5,ENSG00000269893,SNHG8,0.2720812126006483,0.2720812126006483
4,ENSG00000203875,SNHG5,0.21413862122439356,0.21413862122439356
0,ENSG00000236552,RPL13AP5,0.1596707092056014,0.1596707092056014
1,ENSG00000272906,RP11-533E19.7,0.10316972706068353,0.10316972706068353
2,ENSG00000225864,HCG4P11,0.09763615814737267,0.09763615814737267
6,ENSG00000278771,Metazoa_SRP,0.08591990764562392,0.08591990764562392
7,ENSG00000231351,AC111200.7,0.03375264907674565,0.03375264907674565
3,ENSG00000225178,RPSAP58,0.03363101503893106,0.03363101503893106
