,selector,gene_names,weights,absolute weights
5,ENSG00000269893,SNHG8,0.23341193201100607,0.23341193201100607
4,ENSG00000203875,SNHG5,0.1988224651868822,0.1988224651868822
1,ENSG00000236552,RPL13AP5,0.13649541618989922,0.13649541618989922
2,ENSG00000272906,RP11-533E19.7,0.10209025224574522,0.10209025224574522
3,ENSG00000225864,HCG4P11,0.09227388989306859,0.09227388989306859
8,ENSG00000278771,Metazoa_SRP,0.0887652527164836,0.0887652527164836
0,ENSG00000213442,RPL18AP3,0.06758131611127698,0.06758131611127698
7,ENSG00000226085,UQCRFS1P1,0.04481265975077672,0.04481265975077672
6,ENSG00000215030,RPL13P12,0.03574681589486155,0.03574681589486155
