{"3": {"ensembles": "ENSG00000111678, ENSG00000203875, ENSG00000171858", "genes": "C12orf57, SNHG5, RPS21", "results": {"0": {"accuracy": 0.8461538461538461, "roc_auc": 0.9296515450361604}, "1": {"accuracy": 0.8333333333333334, "roc_auc": 0.9299802761341224}, "2": {"accuracy": 0.8333333333333334, "roc_auc": 0.918474687705457}, "3": {"accuracy": 0.8461538461538461, "roc_auc": 0.9289940828402367}, "4": {"accuracy": 0.8589743589743589, "roc_auc": 0.9250493096646942}}, "plot_path": "./Predictions/CODING/Only combined libraries/chi2/Pictures/3.png"}, "4": {"ensembles": "ENSG00000111678, ENSG00000152082, ENSG00000203875, ENSG00000171858", "genes": "C12orf57, MZT2B, SNHG5, RPS21", "results": {"0": {"accuracy": 0.8461538461538461, "roc_auc": 0.9161735700197239}, "1": {"accuracy": 0.8461538461538461, "roc_auc": 0.9211045364891518}, "2": {"accuracy": 0.8076923076923077, "roc_auc": 0.9197896120973044}, "3": {"accuracy": 0.8333333333333334, "roc_auc": 0.9217619986850756}, "4": {"accuracy": 0.8333333333333334, "roc_auc": 0.9178172255095332}}, "plot_path": "./Predictions/CODING/Only combined libraries/chi2/Pictures/4.png"}, "5": {"ensembles": "ENSG00000198804, ENSG00000111678, ENSG00000152082, ENSG00000203875, ENSG00000171858", "genes": "MT-CO1, C12orf57, MZT2B, SNHG5, RPS21", "results": {"0": {"accuracy": 0.8205128205128205, "roc_auc": 0.9289940828402367}, "1": {"accuracy": 0.8205128205128205, "roc_auc": 0.9243918474687706}, "2": {"accuracy": 0.8076923076923077, "roc_auc": 0.9217619986850756}, "3": {"accuracy": 0.8205128205128205, "roc_auc": 0.9204470742932281}, "4": {"accuracy": 0.8333333333333334, "roc_auc": 0.9211045364891518}}, "plot_path": "./Predictions/CODING/Only combined libraries/chi2/Pictures/5.png"}, "6": {"ensembles": "ENSG00000198804, ENSG00000111678, ENSG00000152082, ENSG00000175602, ENSG00000203875, ENSG00000171858", "genes": "MT-CO1, C12orf57, MZT2B, CCDC85B, SNHG5, RPS21", "results": {"0": {"accuracy": 0.8333333333333334, "roc_auc": 0.9296515450361604}, "1": {"accuracy": 0.8333333333333334, "roc_auc": 0.9270216962524654}, "2": {"accuracy": 0.8205128205128205, "roc_auc": 0.9322813938198553}, "3": {"accuracy": 0.8205128205128205, "roc_auc": 0.9375410913872453}, "4": {"accuracy": 0.8461538461538461, "roc_auc": 0.9316239316239315}}, "plot_path": "./Predictions/CODING/Only combined libraries/chi2/Pictures/6.png"}, "7": {"ensembles": "ENSG00000198804, ENSG00000111678, ENSG00000152082, ENSG00000175602, ENSG00000161179, ENSG00000203875, ENSG00000171858", "genes": "MT-CO1, C12orf57, MZT2B, CCDC85B, YDJC, SNHG5, RPS21", "results": {"0": {"accuracy": 0.8333333333333334, "roc_auc": 0.9349112426035503}, "1": {"accuracy": 0.8205128205128205, "roc_auc": 0.9289940828402367}, "2": {"accuracy": 0.8076923076923077, "roc_auc": 0.9349112426035503}, "3": {"accuracy": 0.8205128205128205, "roc_auc": 0.9335963182117029}, "4": {"accuracy": 0.8461538461538461, "roc_auc": 0.9296515450361604}}, "plot_path": "./Predictions/CODING/Only combined libraries/chi2/Pictures/7.png"}, "8": {"ensembles": "ENSG00000198804, ENSG00000179085, ENSG00000111678, ENSG00000152082, ENSG00000175602, ENSG00000161179, ENSG00000203875, ENSG00000171858", "genes": "MT-CO1, DPM3, C12orf57, MZT2B, CCDC85B, YDJC, SNHG5, RPS21", "results": {"0": {"accuracy": 0.8333333333333334, "roc_auc": 0.9375410913872453}, "1": {"accuracy": 0.8333333333333334, "roc_auc": 0.9329388560157791}, "2": {"accuracy": 0.8589743589743589, "roc_auc": 0.9342537804076265}, "3": {"accuracy": 0.8333333333333334, "roc_auc": 0.9303090072320841}, "4": {"accuracy": 0.8205128205128205, "roc_auc": 0.9303090072320841}}, "plot_path": "./Predictions/CODING/Only combined libraries/chi2/Pictures/8.png"}, "9": {"ensembles": "ENSG00000198804, ENSG00000179085, ENSG00000111678, ENSG00000152082, ENSG00000204387, ENSG00000175602, ENSG00000161179, ENSG00000203875, ENSG00000171858", "genes": "MT-CO1, DPM3, C12orf57, MZT2B, C6orf48, CCDC85B, YDJC, SNHG5, RPS21", "results": {"0": {"accuracy": 0.8589743589743589, "roc_auc": 0.9493754109138725}, "1": {"accuracy": 0.8461538461538461, "roc_auc": 0.9500328731097961}, "2": {"accuracy": 0.8717948717948718, "roc_auc": 0.9500328731097961}, "3": {"accuracy": 0.8461538461538461, "roc_auc": 0.9513477975016437}, "4": {"accuracy": 0.8589743589743589, "roc_auc": 0.9467455621301776}}, "plot_path": "./Predictions/CODING/Only combined libraries/chi2/Pictures/9.png"}, "10": {"ensembles": "ENSG00000198804, ENSG00000179085, ENSG00000111678, ENSG00000152082, ENSG00000204387, ENSG00000175602, ENSG00000103254, ENSG00000161179, ENSG00000203875, ENSG00000171858", "genes": "MT-CO1, DPM3, C12orf57, MZT2B, C6orf48, CCDC85B, FAM173A, YDJC, SNHG5, RPS21", "results": {"0": {"accuracy": 0.8717948717948718, "roc_auc": 0.9434582511505588}, "1": {"accuracy": 0.8717948717948718, "roc_auc": 0.9467455621301775}, "2": {"accuracy": 0.8461538461538461, "roc_auc": 0.9460880999342538}, "3": {"accuracy": 0.8717948717948718, "roc_auc": 0.9421433267587114}, "4": {"accuracy": 0.8717948717948718, "roc_auc": 0.9460880999342538}}, "plot_path": "./Predictions/CODING/Only combined libraries/chi2/Pictures/10.png"}, "11": {"ensembles": "ENSG00000198804, ENSG00000179085, ENSG00000111678, ENSG00000152082, ENSG00000204387, ENSG00000175602, ENSG00000141933, ENSG00000103254, ENSG00000161179, ENSG00000203875, ENSG00000171858", "genes": "MT-CO1, DPM3, C12orf57, MZT2B, C6orf48, CCDC85B, TPGS1, FAM173A, YDJC, SNHG5, RPS21", "results": {"0": {"accuracy": 0.8461538461538461, "roc_auc": 0.9467455621301776}, "1": {"accuracy": 0.8461538461538461, "roc_auc": 0.9493754109138725}, "2": {"accuracy": 0.8717948717948718, "roc_auc": 0.9474030243261012}, "3": {"accuracy": 0.8461538461538461, "roc_auc": 0.94543063773833}, "4": {"accuracy": 0.8461538461538461, "roc_auc": 0.9408284023668639}}, "plot_path": "./Predictions/CODING/Only combined libraries/chi2/Pictures/11.png"}, "12": {"ensembles": "ENSG00000198804, ENSG00000179085, ENSG00000111678, ENSG00000152082, ENSG00000204387, ENSG00000175602, ENSG00000141933, ENSG00000103254, ENSG00000161179, ENSG00000203875, ENSG00000130748, ENSG00000171858", "genes": "MT-CO1, DPM3, C12orf57, MZT2B, C6orf48, CCDC85B, TPGS1, FAM173A, YDJC, SNHG5, TMEM160, RPS21", "results": {"0": {"accuracy": 0.8461538461538461, "roc_auc": 0.94543063773833}, "1": {"accuracy": 0.8333333333333334, "roc_auc": 0.9474030243261014}, "2": {"accuracy": 0.8589743589743589, "roc_auc": 0.9467455621301775}, "3": {"accuracy": 0.8461538461538461, "roc_auc": 0.9513477975016437}, "4": {"accuracy": 0.8461538461538461, "roc_auc": 0.9500328731097962}}, "plot_path": "./Predictions/CODING/Only combined libraries/chi2/Pictures/12.png"}, "13": {"ensembles": "ENSG00000198804, ENSG00000179085, ENSG00000111678, ENSG00000152082, ENSG00000204387, ENSG00000112667, ENSG00000175602, ENSG00000141933, ENSG00000103254, ENSG00000161179, ENSG00000203875, ENSG00000130748, ENSG00000171858", "genes": "MT-CO1, DPM3, C12orf57, MZT2B, C6orf48, DNPH1, CCDC85B, TPGS1, FAM173A, YDJC, SNHG5, TMEM160, RPS21", "results": {"0": {"accuracy": 0.8589743589743589, "roc_auc": 0.9434582511505588}, "1": {"accuracy": 0.8205128205128205, "roc_auc": 0.9441157133464826}, "2": {"accuracy": 0.8461538461538461, "roc_auc": 0.9428007889546351}, "3": {"accuracy": 0.8461538461538461, "roc_auc": 0.942800788954635}, "4": {"accuracy": 0.8461538461538461, "roc_auc": 0.9460880999342538}}, "plot_path": "./Predictions/CODING/Only combined libraries/chi2/Pictures/13.png"}, "14": {"ensembles": "ENSG00000198804, ENSG00000179085, ENSG00000111678, ENSG00000152082, ENSG00000204387, ENSG00000112667, ENSG00000175602, ENSG00000141933, ENSG00000103254, ENSG00000161179, ENSG00000203875, ENSG00000130748, ENSG00000171858, ENSG00000188290", "genes": "MT-CO1, DPM3, C12orf57, MZT2B, C6orf48, DNPH1, CCDC85B, TPGS1, FAM173A, YDJC, SNHG5, TMEM160, RPS21, HES4", "results": {"0": {"accuracy": 0.8589743589743589, "roc_auc": 0.9480604865220249}, "1": {"accuracy": 0.8461538461538461, "roc_auc": 0.942800788954635}, "2": {"accuracy": 0.8333333333333334,