,selector,gene_names,weights,absolute weights
2,ENSG00000225864,HCG4P11,0.09393688835684841,0.09393688835684841
1,ENSG00000233493,TMEM238,0.06955183224221415,0.06955183224221415
0,ENSG00000278771,Metazoa_SRP,0.0643978928528278,0.0643978928528278
