,selector,gene_names,weights,absolute weights
2,ENSG00000225864,HCG4P11,0.08063780874171171,0.08063780874171171
1,ENSG00000233493,TMEM238,0.0698518961152126,0.0698518961152126
0,ENSG00000278771,Metazoa_SRP,0.06658065569780529,0.06658065569780529
3,ENSG00000269893,SNHG8,0.009714143388931572,0.009714143388931572
