,selector,gene_names,weights,absolute weights
2,ENSG00000225864,HCG4P11,0.08335921563424398,0.08335921563424398
1,ENSG00000233493,TMEM238,0.07947800138472202,0.07947800138472202
0,ENSG00000278771,Metazoa_SRP,0.06877298256804638,0.06877298256804638
3,ENSG00000269893,SNHG8,0.010178476710419678,0.010178476710419678
4,ENSG00000204387,C6orf48,-0.0012224139942413777,0.0012224139942413777
