,selector,gene_names,weights,absolute weights
2,ENSG00000233493,TMEM238,0.34438900155872026,0.34438900155872026
1,ENSG00000278771,Metazoa_SRP,0.29934814190527126,0.29934814190527126
3,ENSG00000225864,HCG4P11,0.15001261764843446,0.15001261764843446
4,ENSG00000269893,SNHG8,0.03524546292147625,0.03524546292147625
5,ENSG00000204387,C6orf48,-0.015490876283642674,0.015490876283642674
0,ENSG00000203875,SNHG5,0.004157556181169297,0.004157556181169297
