,selector,gene_names,weights,absolute weights
3,ENSG00000233493,TMEM238,0.17695105634320302,0.17695105634320302
2,ENSG00000278771,Metazoa_SRP,0.12114172416386482,0.12114172416386482
4,ENSG00000225864,HCG4P11,0.08361508984286066,0.08361508984286066
6,ENSG00000204387,C6orf48,0.008343523112016806,0.008343523112016806
5,ENSG00000269893,SNHG8,0.004629308873310732,0.004629308873310732
0,ENSG00000203875,SNHG5,0.0026001957502971265,0.0026001957502971265
1,ENSG00000236552,RPL13AP5,-0.001942680300722056,0.001942680300722056
