,selector,gene_names,weights,absolute weights
4,ENSG00000233493,TMEM238,0.16820332980682415,0.16820332980682415
3,ENSG00000278771,Metazoa_SRP,0.1217724107127255,0.1217724107127255
5,ENSG00000225864,HCG4P11,0.09041121406832356,0.09041121406832356
7,ENSG00000204387,C6orf48,0.007461475978367872,0.007461475978367872
6,ENSG00000269893,SNHG8,0.004849366390471642,0.004849366390471642
0,ENSG00000203875,SNHG5,0.002495287018082366,0.002495287018082366
2,ENSG00000236552,RPL13AP5,-0.0019000307529818035,0.0019000307529818035
1,ENSG00000141933,TPGS1,-0.00030301076920946423,0.00030301076920946423
