{"3": {"ensembles": "ENSG00000203875, ENSG00000269893, ENSG00000204387", "genes": "SNHG5, SNHG8, C6orf48", "results": {"0": {"accuracy": 0.8717948717948718, "roc_auc": 0.9612097304404997}, "1": {"accuracy": 0.8846153846153846, "roc_auc": 0.9585798816568046}, "2": {"accuracy": 0.8846153846153846, "roc_auc": 0.9533201840894149}, "3": {"accuracy": 0.8846153846153846, "roc_auc": 0.9526627218934911}, "4": {"accuracy": 0.8589743589743589, "roc_auc": 0.9487179487179487}}, "plot_path": "./Predictions/Subset/Pictures/3.png"}, "4": {"ensembles": "ENSG00000203875, ENSG00000269893, ENSG00000204387, ENSG00000215908", "genes": "SNHG5, SNHG8, C6orf48, CROCCP2", "results": {"0": {"accuracy": 0.8717948717948718, "roc_auc": 0.9520052596975674}, "1": {"accuracy": 0.8589743589743589, "roc_auc": 0.9559500328731098}, "2": {"accuracy": 0.8589743589743589, "roc_auc": 0.9520052596975674}, "3": {"accuracy": 0.8589743589743589, "roc_auc": 0.9552925706771861}, "4": {"accuracy": 0.8589743589743589, "roc_auc": 0.9546351084812623}}, "plot_path": "./Predictions/Subset/Pictures/4.png"}, "5": {"ensembles": "ENSG00000203875, ENSG00000269893, ENSG00000204387, ENSG00000233493, ENSG00000215908", "genes": "SNHG5, SNHG8, C6orf48, TMEM238, CROCCP2", "results": {"0": {"accuracy": 0.8846153846153846, "roc_auc": 0.9743589743589743}, "1": {"accuracy": 0.8717948717948718, "roc_auc": 0.9723865877712031}, "2": {"accuracy": 0.8717948717948718, "roc_auc": 0.9677843523997369}, "3": {"accuracy": 0.8846153846153846, "roc_auc": 0.9697567389875081}, "4": {"accuracy": 0.8589743589743589, "roc_auc": 0.9717291255752795}}, "plot_path": "./Predictions/Subset/Pictures/5.png"}, "6": {"ensembles": "ENSG00000203875, ENSG00000269893, ENSG00000274012, ENSG00000258920, ENSG00000204387, ENSG00000215908", "genes": "SNHG5, SNHG8, RN7SL2, FOXN3-AS1, C6orf48, CROCCP2", "results": {"0": {"accuracy": 0.9102564102564102, "roc_auc": 0.9671268902038133}, "1": {"accuracy": 0.8846153846153846, "roc_auc": 0.9671268902038134}, "2": {"accuracy": 0.8717948717948718, "roc_auc": 0.9697567389875081}, "3": {"accuracy": 0.9102564102564102, "roc_auc": 0.972386587771203}, "4": {"accuracy": 0.8846153846153846, "roc_auc": 0.9723865877712032}}, "plot_path": "./Predictions/Subset/Pictures/6.png"}, "7": {"ensembles": "ENSG00000203875, ENSG00000269893, ENSG00000274012, ENSG00000258920, ENSG00000204387, ENSG00000233493, ENSG00000215908", "genes": "SNHG5, SNHG8, RN7SL2, FOXN3-AS1, C6orf48, TMEM238, CROCCP2", "results": {"0": {"accuracy": 0.9102564102564102, "roc_auc": 0.9802761341222879}, "1": {"accuracy": 0.8974358974358975, "roc_auc": 0.9783037475345168}, "2": {"accuracy": 0.8974358974358975, "roc_auc": 0.9704142011834318}, "3": {"accuracy": 0.8974358974358975, "roc_auc": 0.9769888231426692}, "4": {"accuracy": 0.8974358974358975, "roc_auc": 0.9743589743589745}}, "plot_path": "./Predictions/Subset/Pictures/7.png"}, "8": {"ensembles": "ENSG00000203875, ENSG00000269893, ENSG00000236552, ENSG00000258920, ENSG00000204387, ENSG00000215908, ENSG00000234741, ENSG00000179085", "genes": "SNHG5, SNHG8, RPL13AP5, FOXN3-AS1, C6orf48, CROCCP2, GAS5, DPM3", "results": {"0": {"accuracy": 0.8846153846153846, "roc_auc": 0.9598948060486522}, "1": {"accuracy": 0.8589743589743589, "roc_auc": 0.960552268244576}, "2": {"accuracy": 0.8717948717948718, "roc_auc": 0.9566074950690335}, "3": {"accuracy": 0.8717948717948718, "roc_auc": 0.9585798816568047}, "4": {"accuracy": 0.8717948717948718, "roc_auc": 0.9566074950690335}}, "plot_path": "./Predictions/Subset/Pictures/8.png"}, "9": {"ensembles": "ENSG00000203875, ENSG00000269893, ENSG00000236552, ENSG00000274012, ENSG00000255559, ENSG00000204387, ENSG00000233493, ENSG00000215908, ENSG00000234741", "genes": "SNHG5, SNHG8, RPL13AP5, RN7SL2, ZNF252P-AS1, C6orf48, TMEM238, CROCCP2, GAS5", "results": {"0": {"accuracy": 0.8717948717948718, "roc_auc": 0.9730440499671269}, "1": {"accuracy": 0.8846153846153846, "roc_auc": 0.9756738987508218}, "2": {"accuracy": 0.8974358974358975, "roc_auc": 0.9710716633793557}, "3": {"accuracy": 0.8846153846153846, "roc_auc": 0.975016436554898}, "4": {"accuracy": 0.8846153846153846, "roc_auc": 0.9763313609467456}}, "plot_path": "./Predictions/Subset/Pictures/9.png"}, "10": {"ensembles": "ENSG00000203875, ENSG00000269893, ENSG00000274012, ENSG00000258920, ENSG00000225864, ENSG00000204387, ENSG00000233493, ENSG00000215908, ENSG00000234741, ENSG00000179085", "genes": "SNHG5, SNHG8, RN7SL2, FOXN3-AS1, HCG4P11, C6orf48, TMEM238, CROCCP2, GAS5, DPM3", "results": {"0": {"accuracy": 0.8846153846153846, "roc_auc": 0.9723865877712032}, "1": {"accuracy": 0.8717948717948718, "roc_auc": 0.9730440499671268}, "2": {"accuracy": 0.8846153846153846, "roc_auc": 0.9710716633793556}, "3": {"accuracy": 0.8974358974358975, "roc_auc": 0.975016436554898}, "4": {"accuracy": 0.8974358974358975, "roc_auc": 0.9750164365548981}}, "plot_path": "./Predictions/Subset/Pictures/10.png"}, "11": {"ensembles": "ENSG00000203875, ENSG00000269893, ENSG00000236552, ENSG00000274012, ENSG00000278771, ENSG00000272906, ENSG00000226287, ENSG00000204387, ENSG00000233493, ENSG00000215908, ENSG00000179085", "genes": "SNHG5, SNHG8, RPL13AP5, RN7SL2, Metazoa_SRP, RP11-533E19.7, TMEM191A, C6orf48, TMEM238, CROCCP2, DPM3", "results": {"0": {"accuracy": 0.8846153846153846, "roc_auc": 0.9625246548323471}, "1": {"accuracy": 0.8846153846153846, "roc_auc": 0.9625246548323472}, "2": {"accuracy": 0.8846153846153846, "roc_auc": 0.965154503616042}, "3": {"accuracy": 0.8846153846153846, "roc_auc": 0.9697567389875081}, "4": {"accuracy": 0.8846153846153846, "roc_auc": 0.9612097304404996}}, "plot_path": "./Predictions/Subset/Pictures/11.png"}, "12": {"ensembles": "ENSG00000203875, ENSG00000269893, ENSG00000236552, ENSG00000274012, ENSG00000272906, ENSG00000258920, ENSG00000226287, ENSG00000204387, ENSG00000233493, ENSG00000215908, ENSG00000215414, ENSG00000230979", "genes": "SNHG5, SNHG8, RPL13AP5, RN7SL2, RP11-533E19.7, FOXN3-AS1, TMEM191A, C6orf48, TMEM238, CROCCP2, PSMA6P1, AC079250.1", "results": {"0": {"accuracy": 0.8717948717948718, "roc_auc": 0.9608809993425378}, "1": {"accuracy": 0.8846153846153846, "roc_auc": 0.9677843523997369}, "2": {"accuracy": 0.8846153846153846, "roc_auc": 0.9644970414201183}, "3": {"accuracy": 0.8846153846153846, "roc_auc": 0.967784352399737}, "4": {"accuracy": 0.8717948717948718, "roc_auc": 0.9664694280078896}}, "plot_path": "./Predictions/Subset/Pictures/12.png"}, "13": {"ensembles": "ENSG00000203875, ENSG00000269893, ENSG00000236552, ENSG00000274012, ENSG00000278771, ENSG00000272906, ENSG00000255559, ENSG00000226287, ENSG00000204387, ENSG00000233493, ENSG00000215908, ENSG00000234741, ENSG00000179085", "genes": "SNHG5, SNHG8, RPL13AP5, RN7SL2, Metazoa_SRP, RP11-533E19.7, ZNF252P-AS1, TMEM191A, C6orf48, TMEM238, CROCCP2, GAS5, DPM3", "results": {"0": {"accuracy": 0.8846153846153846, "roc_auc": 0.9697567389875081}, "1": {"accuracy": 0.8846153846153846, "roc_auc": 0.9690992767915846}, "2": {"accuracy": 0.8717948717948718, "roc_auc": 0.965154503616042}, "3": {"accuracy": 0.8974358974358975, "roc_auc": 0.9671268902038133}, "4": {"accuracy": 0.8846153846153846, "roc_auc": 0.9684418145956607}}, "plot_path": "./Predictions/Subset/Pictures/13.png"}, "14": {"ensembles": "ENSG00000203875, ENSG00000269893, ENSG00000236552, ENSG00000274012, ENSG00000278771, ENSG00000255559, ENSG00000258920, ENSG00000226287, ENSG00000204387, ENSG00000233493, ENSG00000215908, ENSG00000234741, ENSG00000230979, ENSG00000179085", "genes": "SNHG5, SNHG8, RPL13AP5, RN7SL2, Metazoa_SRP, ZNF252P-AS1, FOXN3-AS1, TMEM191A, C6orf48, TMEM238, CROCCP2, GAS5, AC079250.1, DPM3", "results": {"0": {"accuracy": 0.8846153846153846, "roc_auc": 0.9644970414201183}, "1": {"accuracy": 0.8974358974358975, "roc_auc": 0.9697567389875082}, "2": {"accuracy": 0.8974358974358975, "roc_auc": 0.9690992767915845}, "3": {"accuracy": 0.8717948717948718, "roc_auc": 0.967784352399737}, "4": {"accuracy": 0.8846153846153846, "roc_auc": 0.9644970414201184}},