{"3": {"ensembles": "ENSG00000203875, ENSG00000269893, ENSG00000204387", "genes": "SNHG5, SNHG8, C6orf48", "results": {"0": {"accuracy": 0.8846153846153846, "roc_auc": 0.9546351084812624}, "1": {"accuracy": 0.8717948717948718, "roc_auc": 0.9572649572649572}, "2": {"accuracy": 0.8974358974358975, "roc_auc": 0.9559500328731098}, "3": {"accuracy": 0.8589743589743589, "roc_auc": 0.9598948060486522}, "4": {"accuracy": 0.8846153846153846, "roc_auc": 0.9533201840894149}}, "plot_path": "./Predictions/Subset/Pictures/3.png"}, "4": {"ensembles": "ENSG00000203875, ENSG00000269893, ENSG00000204387, ENSG00000215908", "genes": "SNHG5, SNHG8, C6orf48, CROCCP2", "results": {"0": {"accuracy": 0.8461538461538461, "roc_auc": 0.9559500328731099}, "1": {"accuracy": 0.8589743589743589, "roc_auc": 0.9552925706771861}, "2": {"accuracy": 0.8717948717948718, "roc_auc": 0.9592373438527285}, "3": {"accuracy": 0.8461538461538461, "roc_auc": 0.9546351084812623}, "4": {"accuracy": 0.8589743589743589, "roc_auc": 0.9526627218934911}}, "plot_path": "./Predictions/Subset/Pictures/4.png"}, "5": {"ensembles": "ENSG00000203875, ENSG00000269893, ENSG00000204387, ENSG00000215908, ENSG00000179085", "genes": "SNHG5, SNHG8, C6orf48, CROCCP2, DPM3", "results": {"0": {"accuracy": 0.8589743589743589, "roc_auc": 0.9533201840894149}, "1": {"accuracy": 0.8589743589743589, "roc_auc": 0.9523339907955292}, "2": {"accuracy": 0.8461538461538461, "roc_auc": 0.9552925706771861}, "3": {"accuracy": 0.8717948717948718, "roc_auc": 0.955292570677186}, "4": {"accuracy": 0.8461538461538461, "roc_auc": 0.9559500328731099}}, "plot_path": "./Predictions/Subset/Pictures/5.png"}, "6": {"ensembles": "ENSG00000203875, ENSG00000269893, ENSG00000274012, ENSG00000204387, ENSG00000215908, ENSG00000179085", "genes": "SNHG5, SNHG8, RN7SL2, C6orf48, CROCCP2, DPM3", "results": {"0": {"accuracy": 0.8717948717948718, "roc_auc": 0.9684418145956608}, "1": {"accuracy": 0.8717948717948718, "roc_auc": 0.9625246548323472}, "2": {"accuracy": 0.8589743589743589, "roc_auc": 0.965154503616042}, "3": {"accuracy": 0.8846153846153846, "roc_auc": 0.9638395792241946}, "4": {"accuracy": 0.8717948717948718, "roc_auc": 0.965154503616042}}, "plot_path": "./Predictions/Subset/Pictures/6.png"}, "7": {"ensembles": "ENSG00000203875, ENSG00000269893, ENSG00000236552, ENSG00000274012, ENSG00000204387, ENSG00000215908, ENSG00000179085", "genes": "SNHG5, SNHG8, RPL13AP5, RN7SL2, C6orf48, CROCCP2, DPM3", "results": {"0": {"accuracy": 0.8846153846153846, "roc_auc": 0.9585798816568046}, "1": {"accuracy": 0.8589743589743589, "roc_auc": 0.960552268244576}, "2": {"accuracy": 0.8589743589743589, "roc_auc": 0.9598948060486522}, "3": {"accuracy": 0.8589743589743589, "roc_auc": 0.963182117028271}, "4": {"accuracy": 0.8461538461538461, "roc_auc": 0.9618671926364234}}, "plot_path": "./Predictions/Subset/Pictures/7.png"}, "8": {"ensembles": "ENSG00000203875, ENSG00000269893, ENSG00000274012, ENSG00000204387, ENSG00000233493, ENSG00000215908, ENSG00000234741, ENSG00000179085", "genes": "SNHG5, SNHG8, RN7SL2, C6orf48, TMEM238, CROCCP2, GAS5, DPM3", "results": {"0": {"accuracy": 0.8846153846153846, "roc_auc": 0.9664694280078895}, "1": {"accuracy": 0.9102564102564102, "roc_auc": 0.9690992767915845}, "2": {"accuracy": 0.8846153846153846, "roc_auc": 0.972386587771203}, "3": {"accuracy": 0.8974358974358975, "roc_auc": 0.9743589743589743}, "4": {"accuracy": 0.8974358974358975, "roc_auc": 0.9769888231426693}}, "plot_path": "./Predictions/Subset/Pictures/8.png"}, "9": {"ensembles": "ENSG00000203875, ENSG00000269893, ENSG00000274012, ENSG00000258920, ENSG00000226287, ENSG00000204387, ENSG00000233493, ENSG00000215908, ENSG00000179085", "genes": "SNHG5, SNHG8, RN7SL2, FOXN3-AS1, TMEM191A, C6orf48, TMEM238, CROCCP2, DPM3", "results": {"0": {"accuracy": 0.8974358974358975, "roc_auc": 0.9697567389875081}, "1": {"accuracy": 0.8846153846153846, "roc_auc": 0.9658119658119658}, "2": {"accuracy": 0.8717948717948718, "roc_auc": 0.970414201183432}, "3": {"accuracy": 0.8846153846153846, "roc_auc": 0.9723865877712031}, "4": {"accuracy": 0.8589743589743589, "roc_auc": 0.9671268902038131}}, "plot_path": "./Predictions/Subset/Pictures/9.png"}, "10": {"ensembles": "ENSG00000203875, ENSG00000269893, ENSG00000236552, ENSG00000274012, ENSG00000258920, ENSG00000226287, ENSG00000204387, ENSG00000233493, ENSG00000215908, ENSG00000234741", "genes": "SNHG5, SNHG8, RPL13AP5, RN7SL2, FOXN3-AS1, TMEM191A, C6orf48, TMEM238, CROCCP2, GAS5", "results": {"0": {"accuracy": 0.8717948717948718, "roc_auc": 0.9690992767915845}, "1": {"accuracy": 0.8846153846153846, "roc_auc": 0.965154503616042}, "2": {"accuracy": 0.8846153846153846, "roc_auc": 0.9697567389875084}, "3": {"accuracy": 0.8846153846153846, "roc_auc": 0.965154503616042}, "4": {"accuracy": 0.8717948717948718, "roc_auc": 0.9677843523997369}}, "plot_path": "./Predictions/Subset/Pictures/10.png"}, "11": {"ensembles": "ENSG00000203875, ENSG00000269893, ENSG00000236552, ENSG00000274012, ENSG00000255559, ENSG00000258920, ENSG00000226287, ENSG00000204387, ENSG00000215908, ENSG00000215414, ENSG00000179085", "genes": "SNHG5, SNHG8, RPL13AP5, RN7SL2, ZNF252P-AS1, FOXN3-AS1, TMEM191A, C6orf48, CROCCP2, PSMA6P1, DPM3", "results": {"0": {"accuracy": 0.8589743589743589, "roc_auc": 0.9658119658119658}, "1": {"accuracy": 0.8717948717948718, "roc_auc": 0.9638395792241946}, "2": {"accuracy": 0.8717948717948718, "roc_auc": 0.9664694280078896}, "3": {"accuracy": 0.8717948717948718, "roc_auc": 0.967784352399737}, "4": {"accuracy": 0.8589743589743589, "roc_auc": 0.9644970414201184}}, "plot_path": "./Predictions/Subset/Pictures/11.png"}, "12": {"ensembles": "ENSG00000203875, ENSG00000269893, ENSG00000236552, ENSG00000274012, ENSG00000255559, ENSG00000225864, ENSG00000204387, ENSG00000233493, ENSG00000215908, ENSG00000234741, ENSG00000230979, ENSG00000179085", "genes": "SNHG5, SNHG8, RPL13AP5, RN7SL2, ZNF252P-AS1, HCG4P11, C6orf48, TMEM238, CROCCP2, GAS5, AC079250.1, DPM3", "results": {"0": {"accuracy": 0.8846153846153846, "roc_auc": 0.9671268902038133}, "1": {"accuracy": 0.8846153846153846, "roc_auc": 0.9717291255752794}, "2": {"accuracy": 0.8974358974358975, "roc_auc": 0.9697567389875081}, "3": {"accuracy": 0.8846153846153846, "roc_auc": 0.9684418145956608}, "4": {"accuracy": 0.9102564102564102, "roc_auc": 0.9710716633793557}}, "plot_path": "./Predictions/Subset/Pictures/12.png"}, "13": {"ensembles": "ENSG00000203875, ENSG00000269893, ENSG00000236552, ENSG00000274012, ENSG00000255559, ENSG00000258920, ENSG00000226287, ENSG00000204387, ENSG00000233493, ENSG00000215908, ENSG00000234741, ENSG00000230979, ENSG00000179085", "genes": "SNHG5, SNHG8, RPL13AP5, RN7SL2, ZNF252P-AS1, FOXN3-AS1, TMEM191A, C6orf48, TMEM238, CROCCP2, GAS5, AC079250.1, DPM3", "results": {"0": {"accuracy": 0.8846153846153846, "roc_auc": 0.9710716633793557}, "1": {"accuracy": 0.8974358974358975, "roc_auc": 0.9677843523997371}, "2": {"accuracy": 0.8846153846153846, "roc_auc": 0.9710716633793557}, "3": {"accuracy": 0.8846153846153846, "roc_auc": 0.9717291255752795}, "4": {"accuracy": 0.8717948717948718, "roc_auc": 0.9690992767915844}}, "plot_path": "./Predictions/Subset/Pictures/13.png"}, "14": {"ensembles": "ENSG00000203875, ENSG00000269893, ENSG00000236552, ENSG00000274012, ENSG00000278771, ENSG00000272906, ENSG00000255559, ENSG00000258920, ENSG00000226287, ENSG00000204387, ENSG00000233493, ENSG00000215908, ENSG00000234741, ENSG00000179085", "genes": "SNHG5, SNHG8, RPL13AP5, RN7SL2, Metazoa_SRP, RP11-533E19.7, ZNF252P-AS1, FOXN3-AS1, TMEM191A, C6orf48, TMEM238, CROCCP2, GAS5, DPM3", "results": {"0": {"accuracy": 0.8846153846153846, "roc_auc": 0.9710716633793557}, "1": {"accuracy": 0.8717948717948718, "roc_auc": 0.9697567389875082}, "2": {"accuracy": 0.8846153846153846, "roc_auc": 0.967784352399737}, "3": {"accuracy": 0.8846153846153846, "roc_auc": 0.9697567389875082}, "4": {"accuracy": 0.8974358974358975, "roc_auc": 0.9644970414201183}}, "plot_path": "./Predictions/Subset/Pictures/14.png"},