,selector,gene_names,weights,absolute weights
0,ENSG00000170889,RPS9,0.5300699284237779,0.5300699284237779
2,ENSG00000133112,TPT1,0.24166767601166236,0.24166767601166236
1,ENSG00000145425,RPS3A,0.22826239556455993,0.22826239556455993
