,selector,gene_names,weights,absolute weights
0,ENSG00000170889,RPS9,0.6068061088095742,0.6068061088095742
2,ENSG00000229117,RPL41,0.15030742179610865,0.15030742179610865
3,ENSG00000133112,TPT1,0.14602696014236943,0.14602696014236943
1,ENSG00000145425,RPS3A,0.09685950925194765,0.09685950925194765
