,selector,gene_names,weights,absolute weights
0,ENSG00000170889,RPS9,0.5382727393810489,0.5382727393810489
2,ENSG00000147604,RPL7,0.1860746711298483,0.1860746711298483
4,ENSG00000133112,TPT1,0.1303832360772021,0.1303832360772021
1,ENSG00000145425,RPS3A,0.08948542069190538,0.08948542069190538
3,ENSG00000229117,RPL41,0.05578393271999532,0.05578393271999532
