,selector,gene_names,weights,absolute weights
0,ENSG00000170889,RPS9,0.4456400331681965,0.4456400331681965
5,ENSG00000143947,RPS27A,0.21745380012634832,0.21745380012634832
2,ENSG00000147604,RPL7,0.13202161821896802,0.13202161821896802
4,ENSG00000133112,TPT1,0.09165975078114827,0.09165975078114827
1,ENSG00000145425,RPS3A,0.06708737904432918,0.06708737904432918
3,ENSG00000229117,RPL41,0.046137418661009795,0.046137418661009795
