,selector,gene_names,weights,absolute weights
0,ENSG00000170889,RPS9,0.388672877269617,0.388672877269617
6,ENSG00000143947,RPS27A,0.19012517311620727,0.19012517311620727
3,ENSG00000131469,RPL27,0.15364464475283837,0.15364464475283837
2,ENSG00000147604,RPL7,0.1008694998372834,0.1008694998372834
5,ENSG00000133112,TPT1,0.07039769765624115,0.07039769765624115
1,ENSG00000145425,RPS3A,0.05525569133939104,0.05525569133939104
4,ENSG00000229117,RPL41,0.04103441602842173,0.04103441602842173
