,selector,gene_names,weights,absolute weights
0,ENSG00000170889,RPS9,0.4124286867894021,0.4124286867894021
7,ENSG00000143947,RPS27A,0.18568337711033417,0.18568337711033417
3,ENSG00000131469,RPL27,0.14270583290682418,0.14270583290682418
2,ENSG00000147604,RPL7,0.07044608156650772,0.07044608156650772
5,ENSG00000229117,RPL41,0.05860944064725748,0.05860944064725748
6,ENSG00000133112,TPT1,0.055443477172313925,0.055443477172313925
1,ENSG00000145425,RPS3A,0.037993297790411815,0.037993297790411815
4,ENSG00000163682,RPL9,0.03668980601694866,0.03668980601694866
