,selector,gene_names,weights,absolute weights
0,ENSG00000170889,RPS9,0.34760962551033,0.34760962551033
1,ENSG00000136942,RPL35,0.19390684822209167,0.19390684822209167
8,ENSG00000143947,RPS27A,0.15471559663164763,0.15471559663164763
4,ENSG00000131469,RPL27,0.10161022114805124,0.10161022114805124
3,ENSG00000147604,RPL7,0.049438098477893586,0.049438098477893586
6,ENSG00000229117,RPL41,0.04873133113422011,0.04873133113422011
7,ENSG00000133112,TPT1,0.03933370241997616,0.03933370241997616
5,ENSG00000163682,RPL9,0.03262341749051819,0.03262341749051819
2,ENSG00000145425,RPS3A,0.03203115896527153,0.03203115896527153
