{"3": {"ensembles": "ENSG00000179085, ENSG00000204387, ENSG00000233493", "genes": "DPM3, C6orf48, TMEM238", "results": {"0": {"accuracy": 0.8974358974358975, "roc_auc": 0.9414858645627876}, "1": {"accuracy": 0.8717948717948718, "roc_auc": 0.935568704799474}, "2": {"accuracy": 0.8974358974358975, "roc_auc": 0.9381985535831691}, "3": {"accuracy": 0.8846153846153846, "roc_auc": 0.9421433267587114}, "4": {"accuracy": 0.8974358974358975, "roc_auc": 0.9342537804076265}}, "plot_path": "./Predictions/CODING/LimmaVoom/RFE/Pictures/3.png"}, "4": {"ensembles": "ENSG00000179085, ENSG00000111678, ENSG00000204387, ENSG00000233493", "genes": "DPM3, C12orf57, C6orf48, TMEM238", "results": {"0": {"accuracy": 0.8717948717948718, "roc_auc": 0.9355687047994741}, "1": {"accuracy": 0.8589743589743589, "roc_auc": 0.9342537804076265}, "2": {"accuracy": 0.8461538461538461, "roc_auc": 0.9349112426035503}, "3": {"accuracy": 0.8717948717948718, "roc_auc": 0.9368836291913215}, "4": {"accuracy": 0.8461538461538461, "roc_auc": 0.9349112426035503}}, "plot_path": "./Predictions/CODING/LimmaVoom/RFE/Pictures/4.png"}, "5": {"ensembles": "ENSG00000179085, ENSG00000111678, ENSG00000204387, ENSG00000233493, ENSG00000167700", "genes": "DPM3, C12orf57, C6orf48, TMEM238, MFSD3", "results": {"0": {"accuracy": 0.8589743589743589, "roc_auc": 0.9349112426035503}, "1": {"accuracy": 0.8717948717948718, "roc_auc": 0.9342537804076266}, "2": {"accuracy": 0.8717948717948718, "roc_auc": 0.9349112426035503}, "3": {"accuracy": 0.8717948717948718, "roc_auc": 0.9368836291913215}, "4": {"accuracy": 0.8717948717948718, "roc_auc": 0.9375410913872453}}, "plot_path": "./Predictions/CODING/LimmaVoom/RFE/Pictures/5.png"}, "6": {"ensembles": "ENSG00000179085, ENSG00000111678, ENSG00000152082, ENSG00000204387, ENSG00000233493, ENSG00000141933", "genes": "DPM3, C12orf57, MZT2B, C6orf48, TMEM238, TPGS1", "results": {"0": {"accuracy": 0.8589743589743589, "roc_auc": 0.9303090072320842}, "1": {"accuracy": 0.8461538461538461, "roc_auc": 0.9276791584483892}, "2": {"accuracy": 0.8717948717948718, "roc_auc": 0.9296515450361604}, "3": {"accuracy": 0.8717948717948718, "roc_auc": 0.930966469428008}, "4": {"accuracy": 0.8717948717948718, "roc_auc": 0.9335963182117029}}, "plot_path": "./Predictions/CODING/LimmaVoom/RFE/Pictures/6.png"}, "7": {"ensembles": "ENSG00000179085, ENSG00000111678, ENSG00000204387, ENSG00000233493, ENSG00000141933, ENSG00000167700, ENSG00000188290", "genes": "DPM3, C12orf57, C6orf48, TMEM238, TPGS1, MFSD3, HES4", "results": {"0": {"accuracy": 0.8333333333333334, "roc_auc": 0.9266929651545037}, "1": {"accuracy": 0.8205128205128205, "roc_auc": 0.9342537804076266}, "2": {"accuracy": 0.8589743589743589, "roc_auc": 0.9316239316239316}, "3": {"accuracy": 0.8461538461538461, "roc_auc": 0.9289940828402367}, "4": {"accuracy": 0.8333333333333334, "roc_auc": 0.9322813938198553}}, "plot_path": "./Predictions/CODING/LimmaVoom/RFE/Pictures/7.png"}, "8": {"ensembles": "ENSG00000179085, ENSG00000111678, ENSG00000152082, ENSG00000204387, ENSG00000233493, ENSG00000141933, ENSG00000171858, ENSG00000212123", "genes": "DPM3, C12orf57, MZT2B, C6orf48, TMEM238, TPGS1, RPS21, PRR22", "results": {"0": {"accuracy": 0.8589743589743589, "roc_auc": 0.9375410913872452}, "1": {"accuracy": 0.8589743589743589, "roc_auc": 0.9329388560157791}, "2": {"accuracy": 0.8846153846153846, "roc_auc": 0.9349112426035503}, "3": {"accuracy": 0.8717948717948718, "roc_auc": 0.9395134779750164}, "4": {"accuracy": 0.8717948717948718, "roc_auc": 0.9296515450361604}}, "plot_path": "./Predictions/CODING/LimmaVoom/RFE/Pictures/8.png"}, "9": {"ensembles": "ENSG00000179085, ENSG00000111678, ENSG00000152082, ENSG00000204387, ENSG00000233493, ENSG00000141933, ENSG00000171858, ENSG00000212123, ENSG00000188290", "genes": "DPM3, C12orf57, MZT2B, C6orf48, TMEM238, TPGS1, RPS21, PRR22, HES4", "results": {"0": {"accuracy": 0.8461538461538461, "roc_auc": 0.9312952005259699}, "1": {"accuracy": 0.8589743589743589, "roc_auc": 0.938198553583169}, "2": {"accuracy": 0.8589743589743589, "roc_auc": 0.9375410913872453}, "3": {"accuracy": 0.8461538461538461, "roc_auc": 0.9319526627218935}, "4": {"accuracy": 0.8589743589743589, "roc_auc": 0.9316239316239315}}, "plot_path": "./Predictions/CODING/LimmaVoom/RFE/Pictures/9.png"}, "10": {"ensembles": "ENSG00000179085, ENSG00000111678, ENSG00000152082, ENSG00000204387, ENSG00000233493, ENSG00000141933, ENSG00000167700, ENSG00000188290, ENSG00000140104, ENSG00000177469", "genes": "DPM3, C12orf57, MZT2B, C6orf48, TMEM238, TPGS1, MFSD3, HES4, C14orf79, PTRF", "results": {"0": {"accuracy": 0.8333333333333334, "roc_auc": 0.9592373438527284}, "1": {"accuracy": 0.8461538461538461, "roc_auc": 0.9520052596975674}, "2": {"accuracy": 0.8461538461538461, "roc_auc": 0.9526627218934911}, "3": {"accuracy": 0.8461538461538461, "roc_auc": 0.957922419460881}, "4": {"accuracy": 0.8461538461538461, "roc_auc": 0.9533201840894149}}, "plot_path": "./Predictions/CODING/LimmaVoom/RFE/Pictures/10.png"}, "11": {"ensembles": "ENSG00000179085, ENSG00000111678, ENSG00000152082, ENSG00000204387, ENSG00000233493, ENSG00000141933, ENSG00000172803, ENSG00000171858, ENSG00000188290, ENSG00000140104, ENSG00000177469", "genes": "DPM3, C12orf57, MZT2B, C6orf48, TMEM238, TPGS1, SNX32, RPS21, HES4, C14orf79, PTRF", "results": {"0": {"accuracy": 0.8717948717948718, "roc_auc": 0.9585798816568047}, "1": {"accuracy": 0.8589743589743589, "roc_auc": 0.9533201840894149}, "2": {"accuracy": 0.8205128205128205, "roc_auc": 0.9487179487179487}, "3": {"accuracy": 0.8589743589743589, "roc_auc": 0.9546351084812623}, "4": {"accuracy": 0.8589743589743589, "roc_auc": 0.9552925706771861}}, "plot_path": "./Predictions/CODING/LimmaVoom/RFE/Pictures/11.png"}, "12": {"ensembles": "ENSG00000179085, ENSG00000111678, ENSG00000152082, ENSG00000204387, ENSG00000233493, ENSG00000141933, ENSG00000167700, ENSG00000172803, ENSG00000171858, ENSG00000212123, ENSG00000188290, ENSG00000140104", "genes": "DPM3, C12orf57, MZT2B, C6orf48, TMEM238, TPGS1, MFSD3, SNX32, RPS21, PRR22, HES4, C14orf79", "results": {"0": {"accuracy": 0.8717948717948718, "roc_auc": 0.9375410913872452}, "1": {"accuracy": 0.8461538461538461, "roc_auc": 0.9368836291913215}, "2": {"accuracy": 0.8589743589743589, "roc_auc": 0.9335963182117027}, "3": {"accuracy": 0.8589743589743589, "roc_auc": 0.932938856015779}, "4": {"accuracy": 0.8589743589743589, "roc_auc": 0.938198553583169}}, "plot_path": "./Predictions/CODING/LimmaVoom/RFE/Pictures/12.png"}, "13": {"ensembles": "ENSG00000179085, ENSG00000111678, ENSG00000204387, ENSG00000233493, ENSG00000112667, ENSG00000141933, ENSG00000167700, ENSG00000172803, ENSG00000171858, ENSG00000212123, ENSG00000188290, ENSG00000140104, ENSG00000177469", "genes": "DPM3, C12orf57, C6orf48, TMEM238, DNPH1, TPGS1, MFSD3, SNX32, RPS21, PRR22, HES4, C14orf79, PTRF", "results": {"0": {"accuracy": 0.8717948717948718, "roc_auc": 0.9526627218934911}, "1": {"accuracy": 0.8589743589743589, "roc_auc": 0.9480604865220249}, "2": {"accuracy": 0.8717948717948718, "roc_auc": 0.95069033530572}, "3": {"accuracy": 0.8717948717948718, "roc_auc": 0.9539776462853387}, "4": {"accuracy": 0.8846153846153846, "roc_auc": 0.9572649572649572}}, "plot_path": "./Predictions/CODING/LimmaVoom/RFE/Pictures/13.png"}, "14": {"ensembles": "ENSG00000179085, ENSG00000111678, ENSG00000152082, ENSG00000204387, ENSG00000233493, ENSG00000141933, ENSG00000167700, ENSG00000171858, ENSG00000212123, ENSG00000188290, ENSG00000184986, ENSG00000258429, ENSG00000154330, ENSG00000140104", "genes": "DPM3, C12orf57, MZT2B, C6orf48, TMEM238, TPGS1, MFSD3, RPS21, PRR22, HES4, TMEM121, PDF, PGM5, C14orf79", "results": {"0": {"accuracy": 0.8717948717948718, "roc_auc": 0.9388560157790927}, "1": {"accuracy": 0.8717948717948718, "roc_auc": 0.9434582511505588}, "2": {"accuracy": 0.8717948717948718, "roc_auc": 0.94543063773833}, "3": {"accuracy": 0.8461538461538461, "roc_auc": 0.9395134779750164}, "4": {"accuracy": 0.8333333333333334, "roc_auc": 0.9493754109138725}},