{"3": {"ensembles": "ENSG00000111678, ENSG00000204387, ENSG00000203875", "genes": "C12orf57, C6orf48, SNHG5", "results": {"0": {"accuracy": 0.8717948717948718, "roc_auc": 0.9598948060486522}, "1": {"accuracy": 0.8717948717948718, "roc_auc": 0.9513477975016436}, "2": {"accuracy": 0.8589743589743589, "roc_auc": 0.9513477975016437}, "3": {"accuracy": 0.8717948717948718, "roc_auc": 0.9546351084812624}, "4": {"accuracy": 0.8717948717948718, "roc_auc": 0.9572649572649573}}, "plot_path": "./Predictions/CODING/LimmaVoom/RFE/Pictures/3.png"}, "4": {"ensembles": "ENSG00000179085, ENSG00000111678, ENSG00000204387, ENSG00000203875", "genes": "DPM3, C12orf57, C6orf48, SNHG5", "results": {"0": {"accuracy": 0.8589743589743589, "roc_auc": 0.9520052596975674}, "1": {"accuracy": 0.8717948717948718, "roc_auc": 0.9566074950690335}, "2": {"accuracy": 0.8717948717948718, "roc_auc": 0.9520052596975674}, "3": {"accuracy": 0.8717948717948718, "roc_auc": 0.9520052596975674}, "4": {"accuracy": 0.8589743589743589, "roc_auc": 0.948060486522025}}, "plot_path": "./Predictions/CODING/LimmaVoom/RFE/Pictures/4.png"}, "5": {"ensembles": "ENSG00000179085, ENSG00000111678, ENSG00000204387, ENSG00000141933, ENSG00000203875", "genes": "DPM3, C12orf57, C6orf48, TPGS1, SNHG5", "results": {"0": {"accuracy": 0.8589743589743589, "roc_auc": 0.9500328731097962}, "1": {"accuracy": 0.8846153846153846, "roc_auc": 0.9552925706771861}, "2": {"accuracy": 0.8717948717948718, "roc_auc": 0.9546351084812623}, "3": {"accuracy": 0.8717948717948718, "roc_auc": 0.9559500328731099}, "4": {"accuracy": 0.8589743589743589, "roc_auc": 0.9546351084812623}}, "plot_path": "./Predictions/CODING/LimmaVoom/RFE/Pictures/5.png"}, "6": {"ensembles": "ENSG00000179085, ENSG00000111678, ENSG00000204387, ENSG00000233493, ENSG00000141933, ENSG00000203875", "genes": "DPM3, C12orf57, C6orf48, TMEM238, TPGS1, SNHG5", "results": {"0": {"accuracy": 0.8461538461538461, "roc_auc": 0.9579224194608811}, "1": {"accuracy": 0.8846153846153846, "roc_auc": 0.9559500328731098}, "2": {"accuracy": 0.8846153846153846, "roc_auc": 0.9605522682445758}, "3": {"accuracy": 0.8974358974358975, "roc_auc": 0.9625246548323471}, "4": {"accuracy": 0.8589743589743589, "roc_auc": 0.9638395792241946}}, "plot_path": "./Predictions/CODING/LimmaVoom/RFE/Pictures/6.png"}, "7": {"ensembles": "ENSG00000179085, ENSG00000111678, ENSG00000152082, ENSG00000204387, ENSG00000233493, ENSG00000141933, ENSG00000203875", "genes": "DPM3, C12orf57, MZT2B, C6orf48, TMEM238, TPGS1, SNHG5", "results": {"0": {"accuracy": 0.8974358974358975, "roc_auc": 0.9625246548323472}, "1": {"accuracy": 0.8461538461538461, "roc_auc": 0.9533201840894148}, "2": {"accuracy": 0.8717948717948718, "roc_auc": 0.9566074950690335}, "3": {"accuracy": 0.8717948717948718, "roc_auc": 0.9598948060486522}, "4": {"accuracy": 0.8461538461538461, "roc_auc": 0.9572649572649573}}, "plot_path": "./Predictions/CODING/LimmaVoom/RFE/Pictures/7.png"}, "8": {"ensembles": "ENSG00000179085, ENSG00000111678, ENSG00000152082, ENSG00000204387, ENSG00000233493, ENSG00000141933, ENSG00000203875, ENSG00000188290", "genes": "DPM3, C12orf57, MZT2B, C6orf48, TMEM238, TPGS1, SNHG5, HES4", "results": {"0": {"accuracy": 0.8974358974358975, "roc_auc": 0.957922419460881}, "1": {"accuracy": 0.8717948717948718, "roc_auc": 0.9559500328731098}, "2": {"accuracy": 0.8717948717948718, "roc_auc": 0.9552925706771861}, "3": {"accuracy": 0.8846153846153846, "roc_auc": 0.9618671926364235}, "4": {"accuracy": 0.8974358974358975, "roc_auc": 0.9566074950690335}}, "plot_path": "./Predictions/CODING/LimmaVoom/RFE/Pictures/8.png"}, "9": {"ensembles": "ENSG00000179085, ENSG00000111678, ENSG00000204387, ENSG00000233493, ENSG00000141933, ENSG00000167700, ENSG00000203875, ENSG00000171858, ENSG00000140104", "genes": "DPM3, C12orf57, C6orf48, TMEM238, TPGS1, MFSD3, SNHG5, RPS21, C14orf79", "results": {"0": {"accuracy": 0.8717948717948718, "roc_auc": 0.9592373438527285}, "1": {"accuracy": 0.8846153846153846, "roc_auc": 0.955292570677186}, "2": {"accuracy": 0.8717948717948718, "roc_auc": 0.9612097304404996}, "3": {"accuracy": 0.8461538461538461, "roc_auc": 0.9566074950690335}, "4": {"accuracy": 0.8589743589743589, "roc_auc": 0.9546351084812623}}, "plot_path": "./Predictions/CODING/LimmaVoom/RFE/Pictures/9.png"}, "10": {"ensembles": "ENSG00000179085, ENSG00000111678, ENSG00000152082, ENSG00000204387, ENSG00000233493, ENSG00000141933, ENSG00000203875, ENSG00000171858, ENSG00000155428, ENSG00000140104", "genes": "DPM3, C12orf57, MZT2B, C6orf48, TMEM238, TPGS1, SNHG5, RPS21, TRIM74, C14orf79", "results": {"0": {"accuracy": 0.8717948717948718, "roc_auc": 0.9585798816568047}, "1": {"accuracy": 0.8333333333333334, "roc_auc": 0.9539776462853385}, "2": {"accuracy": 0.8461538461538461, "roc_auc": 0.9559500328731098}, "3": {"accuracy": 0.8717948717948718, "roc_auc": 0.9585798816568046}, "4": {"accuracy": 0.8717948717948718, "roc_auc": 0.9585798816568049}}, "plot_path": "./Predictions/CODING/LimmaVoom/RFE/Pictures/10.png"}, "11": {"ensembles": "ENSG00000179085, ENSG00000111678, ENSG00000152082, ENSG00000204387, ENSG00000233493, ENSG00000141933, ENSG00000167700, ENSG00000203875, ENSG00000171858, ENSG00000212123, ENSG00000188290", "genes": "DPM3, C12orf57, MZT2B, C6orf48, TMEM238, TPGS1, MFSD3, SNHG5, RPS21, PRR22, HES4", "results": {"0": {"accuracy": 0.8589743589743589, "roc_auc": 0.9539776462853385}, "1": {"accuracy": 0.8589743589743589, "roc_auc": 0.9520052596975674}, "2": {"accuracy": 0.8589743589743589, "roc_auc": 0.9552925706771861}, "3": {"accuracy": 0.8717948717948718, "roc_auc": 0.9566074950690336}, "4": {"accuracy": 0.8717948717948718, "roc_auc": 0.9493754109138725}}, "plot_path": "./Predictions/CODING/LimmaVoom/RFE/Pictures/11.png"}, "12": {"ensembles": "ENSG00000179085, ENSG00000111678, ENSG00000152082, ENSG00000204387, ENSG00000233493, ENSG00000141933, ENSG00000203875, ENSG00000172803, ENSG00000171858, ENSG00000155428, ENSG00000188290, ENSG00000177469", "genes": "DPM3, C12orf57, MZT2B, C6orf48, TMEM238, TPGS1, SNHG5, SNX32, RPS21, TRIM74, HES4, PTRF", "results": {"0": {"accuracy": 0.8846153846153846, "roc_auc": 0.9638395792241946}, "1": {"accuracy": 0.8717948717948718, "roc_auc": 0.967784352399737}, "2": {"accuracy": 0.8846153846153846, "roc_auc": 0.9664694280078895}, "3": {"accuracy": 0.8846153846153846, "roc_auc": 0.967784352399737}, "4": {"accuracy": 0.8846153846153846, "roc_auc": 0.965154503616042}}, "plot_path": "./Predictions/CODING/LimmaVoom/RFE/Pictures/12.png"}, "13": {"ensembles": "ENSG00000179085, ENSG00000111678, ENSG00000152082, ENSG00000204387, ENSG00000233493, ENSG00000112667, ENSG00000141933, ENSG00000203875, ENSG00000172803, ENSG00000171858, ENSG00000188290, ENSG00000099849, ENSG00000177469", "genes": "DPM3, C12orf57, MZT2B, C6orf48, TMEM238, DNPH1, TPGS1, SNHG5, SNX32, RPS21, HES4, RASSF7, PTRF", "results": {"0": {"accuracy": 0.8974358974358975, "roc_auc": 0.967784352399737}, "1": {"accuracy": 0.8974358974358975, "roc_auc": 0.9658119658119658}, "2": {"accuracy": 0.8974358974358975, "roc_auc": 0.9697567389875081}, "3": {"accuracy": 0.8461538461538461, "roc_auc": 0.9592373438527284}, "4": {"accuracy": 0.8846153846153846, "roc_auc": 0.9664694280078895}}, "plot_path": "./Predictions/CODING/LimmaVoom/RFE/Pictures/13.png"}, "14": {"ensembles": "ENSG00000179085, ENSG00000111678, ENSG00000152082, ENSG00000204387, ENSG00000233493, ENSG00000141933, ENSG00000167700, ENSG00000203875, ENSG00000172803, ENSG00000171858, ENSG00000188290, ENSG00000140104, ENSG00000185338, ENSG00000177469", "genes": "DPM3, C12orf57, MZT2B, C6orf48, TMEM238, TPGS1, MFSD3, SNHG5, SNX32, RPS21, HES4, C14orf79, SOCS1, PTRF", "results": {"0": {"accuracy": 0.8846153846153846, "roc_auc": 0.9592373438527285}, "1": {"accuracy": 0.8846153846153846, "roc_auc": 0.963182117028271}, "2": {"accuracy": 0.8717948717948718, "roc_auc": 0.9671268902038133}, "3": {"accuracy": 0.8974358974358975, "roc_auc": 0.9638395792241946}, "4": {"accuracy": 0.8974358974358975, "roc_auc": 0.9671268902038133}},