,selector,gene_names,weights,absolute weights
0,ENSG00000233493,TMEM238,0.08512354547563124,0.08512354547563124
1,ENSG00000172803,SNX32,0.06317636428882153,0.06317636428882153
2,ENSG00000258429,PDF,0.05407000924149667,0.05407000924149667
