,selector,gene_names,weights,absolute weights
0,ENSG00000233493,TMEM238,0.12486950338617518,0.12486950338617518
3,ENSG00000258429,PDF,0.09056690187758001,0.09056690187758001
1,ENSG00000172803,SNX32,0.08575663691100732,0.08575663691100732
2,ENSG00000184986,TMEM121,0.061683184698576844,0.061683184698576844
