,selector,gene_names,weights,absolute weights
1,ENSG00000172803,SNX32,0.08308357166917546,0.08308357166917546
0,ENSG00000233493,TMEM238,0.08004845394624707,0.08004845394624707
4,ENSG00000258429,PDF,0.07550923117995904,0.07550923117995904
3,ENSG00000184986,TMEM121,0.04780695977308015,0.04780695977308015
2,ENSG00000155428,TRIM74,0.04344477241773675,0.04344477241773675
