,selector,gene_names,weights,absolute weights
2,ENSG00000172803,SNX32,0.10023232380918708,0.10023232380918708
5,ENSG00000258429,PDF,0.07299692258444579,0.07299692258444579
0,ENSG00000233493,TMEM238,0.07096376727400379,0.07096376727400379
3,ENSG00000155428,TRIM74,0.047078321706709704,0.047078321706709704
4,ENSG00000184986,TMEM121,0.04400489097314609,0.04400489097314609
1,ENSG00000167476,JSRP1,-0.013212965445978327,0.013212965445978327
