,selector,gene_names,weights,absolute weights
6,ENSG00000258429,PDF,0.8514453804821247,0.8514453804821247
4,ENSG00000155428,TRIM74,0.6607653772628244,0.6607653772628244
1,ENSG00000233493,TMEM238,0.4958582357143759,0.4958582357143759
2,ENSG00000167476,JSRP1,-0.47127572797864375,0.47127572797864375
5,ENSG00000184986,TMEM121,0.43268818579238005,0.43268818579238005
3,ENSG00000172803,SNX32,0.33039265180778454,0.33039265180778454
0,ENSG00000204387,C6orf48,0.1339001223040539,0.1339001223040539
