,selector,gene_names,weights,absolute weights
7,ENSG00000258429,PDF,0.35721280552063445,0.35721280552063445
4,ENSG00000172803,SNX32,0.24919337139210443,0.24919337139210443
1,ENSG00000233493,TMEM238,0.2131311254412219,0.2131311254412219
5,ENSG00000155428,TRIM74,0.21168161082357928,0.21168161082357928
6,ENSG00000184986,TMEM121,0.18541568979197923,0.18541568979197923
3,ENSG00000167476,JSRP1,-0.17567619525904632,0.17567619525904632
0,ENSG00000204387,C6orf48,0.04824804935507611,0.04824804935507611
2,ENSG00000167700,MFSD3,-0.03254036949607576,0.03254036949607576
