,selector,gene_names,weights,absolute weights
8,ENSG00000258429,PDF,0.34750498959306686,0.34750498959306686
4,ENSG00000172803,SNX32,0.2238381744000071,0.2238381744000071
1,ENSG00000233493,TMEM238,0.1996535962996689,0.1996535962996689
7,ENSG00000184986,TMEM121,0.1984509564204966,0.1984509564204966
5,ENSG00000155428,TRIM74,0.14368447519677,0.14368447519677
3,ENSG00000167476,JSRP1,-0.13474117781366787,0.13474117781366787
0,ENSG00000204387,C6orf48,0.043643363061699865,0.043643363061699865
2,ENSG00000167700,MFSD3,-0.03901998888311072,0.03901998888311072
6,ENSG00000173210,ABLIM3,0.008229280831049696,0.008229280831049696
