{"3": {"ensembles": "ENSG00000213442, ENSG00000236552, ENSG00000274012", "genes": "RPL18AP3, RPL13AP5, RN7SL2", "results": {"0": {"accuracy": 0.8461538461538461, "roc_auc": 0.9132149901380671}, "1": {"accuracy": 0.8076923076923077, "roc_auc": 0.9138724523339908}, "2": {"accuracy": 0.8333333333333334, "roc_auc": 0.9191321499013807}, "3": {"accuracy": 0.8333333333333334, "roc_auc": 0.9155161078238001}, "4": {"accuracy": 0.8461538461538461, "roc_auc": 0.9099276791584484}}, "plot_path": "./Predictions/NON_CODING/LimmaVoom/chi2/Pictures/3.png"}, "4": {"ensembles": "ENSG00000213442, ENSG00000236552, ENSG00000203875, ENSG00000274012", "genes": "RPL18AP3, RPL13AP5, SNHG5, RN7SL2", "results": {"0": {"accuracy": 0.8846153846153846, "roc_auc": 0.948060486522025}, "1": {"accuracy": 0.8846153846153846, "roc_auc": 0.94543063773833}, "2": {"accuracy": 0.8974358974358975, "roc_auc": 0.9447731755424064}, "3": {"accuracy": 0.8717948717948718, "roc_auc": 0.9408284023668639}, "4": {"accuracy": 0.8974358974358975, "roc_auc": 0.9487179487179487}}, "plot_path": "./Predictions/NON_CODING/LimmaVoom/chi2/Pictures/4.png"}, "5": {"ensembles": "ENSG00000213442, ENSG00000236552, ENSG00000203875, ENSG00000215030, ENSG00000274012", "genes": "RPL18AP3, RPL13AP5, SNHG5, RPL13P12, RN7SL2", "results": {"0": {"accuracy": 0.8846153846153846, "roc_auc": 0.9408284023668639}, "1": {"accuracy": 0.8717948717948718, "roc_auc": 0.9460880999342538}, "2": {"accuracy": 0.8846153846153846, "roc_auc": 0.938198553583169}, "3": {"accuracy": 0.8717948717948718, "roc_auc": 0.938198553583169}, "4": {"accuracy": 0.8846153846153846, "roc_auc": 0.9428007889546351}}, "plot_path": "./Predictions/NON_CODING/LimmaVoom/chi2/Pictures/5.png"}, "6": {"ensembles": "ENSG00000213442, ENSG00000236552, ENSG00000225178, ENSG00000203875, ENSG00000215030, ENSG00000274012", "genes": "RPL18AP3, RPL13AP5, RPSAP58, SNHG5, RPL13P12, RN7SL2", "results": {"0": {"accuracy": 0.8717948717948718, "roc_auc": 0.9372123602892833}, "1": {"accuracy": 0.8846153846153846, "roc_auc": 0.9349112426035503}, "2": {"accuracy": 0.8717948717948718, "roc_auc": 0.9414858645627876}, "3": {"accuracy": 0.8846153846153846, "roc_auc": 0.9368836291913215}, "4": {"accuracy": 0.8846153846153846, "roc_auc": 0.94017094017094}}, "plot_path": "./Predictions/NON_CODING/LimmaVoom/chi2/Pictures/6.png"}, "7": {"ensembles": "ENSG00000213442, ENSG00000236552, ENSG00000225178, ENSG00000203875, ENSG00000215030, ENSG00000274012, ENSG00000273149", "genes": "RPL18AP3, RPL13AP5, RPSAP58, SNHG5, RPL13P12, RN7SL2, RP11-290D2.6", "results": {"0": {"accuracy": 0.8717948717948718, "roc_auc": 0.938198553583169}, "1": {"accuracy": 0.8717948717948718, "roc_auc": 0.9395134779750164}, "2": {"accuracy": 0.8717948717948718, "roc_auc": 0.930966469428008}, "3": {"accuracy": 0.8846153846153846, "roc_auc": 0.9408284023668639}, "4": {"accuracy": 0.8846153846153846, "roc_auc": 0.9276791584483892}}, "plot_path": "./Predictions/NON_CODING/LimmaVoom/chi2/Pictures/7.png"}, "8": {"ensembles": "ENSG00000213442, ENSG00000236552, ENSG00000225178, ENSG00000203875, ENSG00000269893, ENSG00000215030, ENSG00000274012, ENSG00000273149", "genes": "RPL18AP3, RPL13AP5, RPSAP58, SNHG5, SNHG8, RPL13P12, RN7SL2, RP11-290D2.6", "results": {"0": {"accuracy": 0.8589743589743589, "roc_auc": 0.9395134779750164}, "1": {"accuracy": 0.8589743589743589, "roc_auc": 0.9395134779750165}, "2": {"accuracy": 0.8589743589743589, "roc_auc": 0.9474030243261012}, "3": {"accuracy": 0.8589743589743589, "roc_auc": 0.9408284023668639}, "4": {"accuracy": 0.8461538461538461, "roc_auc": 0.9335963182117027}}, "plot_path": "./Predictions/NON_CODING/LimmaVoom/chi2/Pictures/8.png"}, "9": {"ensembles": "ENSG00000213442, ENSG00000236552, ENSG00000225178, ENSG00000203875, ENSG00000269893, ENSG00000215030, ENSG00000226287, ENSG00000274012, ENSG00000273149", "genes": "RPL18AP3, RPL13AP5, RPSAP58, SNHG5, SNHG8, RPL13P12, TMEM191A, RN7SL2, RP11-290D2.6", "results": {"0": {"accuracy": 0.8717948717948718, "roc_auc": 0.9388560157790927}, "1": {"accuracy": 0.8717948717948718, "roc_auc": 0.9414858645627876}, "2": {"accuracy": 0.8589743589743589, "roc_auc": 0.938198553583169}, "3": {"accuracy": 0.8589743589743589, "roc_auc": 0.9421433267587114}, "4": {"accuracy": 0.8461538461538461, "roc_auc": 0.9434582511505588}}, "plot_path": "./Predictions/NON_CODING/LimmaVoom/chi2/Pictures/9.png"}, "10": {"ensembles": "ENSG00000213442, ENSG00000236552, ENSG00000225178, ENSG00000203875, ENSG00000269893, ENSG00000215030, ENSG00000265982, ENSG00000226287, ENSG00000274012, ENSG00000273149", "genes": "RPL18AP3, RPL13AP5, RPSAP58, SNHG5, SNHG8, RPL13P12, RP11-927P21.4, TMEM191A, RN7SL2, RP11-290D2.6", "results": {"0": {"accuracy": 0.8589743589743589, "roc_auc": 0.9460880999342538}, "1": {"accuracy": 0.8717948717948718, "roc_auc": 0.9500328731097962}, "2": {"accuracy": 0.8589743589743589, "roc_auc": 0.9454306377383301}, "3": {"accuracy": 0.8589743589743589, "roc_auc": 0.9421433267587114}, "4": {"accuracy": 0.8589743589743589, "roc_auc": 0.9342537804076266}}, "plot_path": "./Predictions/NON_CODING/LimmaVoom/chi2/Pictures/10.png"}, "11": {"ensembles": "ENSG00000213442, ENSG00000236552, ENSG00000225178, ENSG00000203875, ENSG00000269893, ENSG00000215030, ENSG00000265982, ENSG00000226287, ENSG00000274012, ENSG00000273149, ENSG00000273253", "genes": "RPL18AP3, RPL13AP5, RPSAP58, SNHG5, SNHG8, RPL13P12, RP11-927P21.4, TMEM191A, RN7SL2, RP11-290D2.6, RP3-402G11.26", "results": {"0": {"accuracy": 0.8589743589743589, "roc_auc": 0.9467455621301775}, "1": {"accuracy": 0.8589743589743589, "roc_auc": 0.9408284023668639}, "2": {"accuracy": 0.8589743589743589, "roc_auc": 0.9520052596975674}, "3": {"accuracy": 0.8717948717948718, "roc_auc": 0.9487179487179487}, "4": {"accuracy": 0.8717948717948718, "roc_auc": 0.9401709401709402}}, "plot_path": "./Predictions/NON_CODING/LimmaVoom/chi2/Pictures/11.png"}, "12": {"ensembles": "ENSG00000213442, ENSG00000236552, ENSG00000225178, ENSG00000203875, ENSG00000269893, ENSG00000215030, ENSG00000276791, ENSG00000265982, ENSG00000226287, ENSG00000274012, ENSG00000273149, ENSG00000273253", "genes": "RPL18AP3, RPL13AP5, RPSAP58, SNHG5, SNHG8, RPL13P12, CTD-2270P14.5, RP11-927P21.4, TMEM191A, RN7SL2, RP11-290D2.6, RP3-402G11.26", "results": {"0": {"accuracy": 0.8717948717948718, "roc_auc": 0.9447731755424063}, "1": {"accuracy": 0.8461538461538461, "roc_auc": 0.9401709401709402}, "2": {"accuracy": 0.8589743589743589, "roc_auc": 0.9447731755424063}, "3": {"accuracy": 0.8589743589743589, "roc_auc": 0.9441157133464826}, "4": {"accuracy": 0.8589743589743589, "roc_auc": 0.9441157133464826}}, "plot_path": "./Predictions/NON_CODING/LimmaVoom/chi2/Pictures/12.png"}, "13": {"ensembles": "ENSG00000213442, ENSG00000236552, ENSG00000272906, ENSG00000225178, ENSG00000203875, ENSG00000269893, ENSG00000215030, ENSG00000276791, ENSG00000265982, ENSG00000226287, ENSG00000274012, ENSG00000273149, ENSG00000273253", "genes": "RPL18AP3, RPL13AP5, RP11-533E19.7, RPSAP58, SNHG5, SNHG8, RPL13P12, CTD-2270P14.5, RP11-927P21.4, TMEM191A, RN7SL2, RP11-290D2.6, RP3-402G11.26", "results": {"0": {"accuracy": 0.8717948717948718, "roc_auc": 0.9441157133464826}, "1": {"accuracy": 0.8589743589743589, "roc_auc": 0.9408284023668639}, "2": {"accuracy": 0.8589743589743589, "roc_auc": 0.9421433267587114}, "3": {"accuracy": 0.8717948717948718, "roc_auc": 0.9526627218934911}, "4": {"accuracy": 0.8589743589743589, "roc_auc": 0.9460880999342538}}, "plot_path": "./Predictions/NON_CODING/LimmaVoom/chi2/Pictures/13.png"}, "14": {"ensembles": "ENSG00000213442, ENSG00000236552, ENSG00000272906, ENSG00000225178, ENSG00000203875, ENSG00000269893, ENSG00000215030, ENSG00000276791, ENSG00000265982, ENSG00000226287, ENSG00000274012, ENSG00000273149, ENSG00000273253, ENSG00000260260", "genes": "RPL18AP3, RPL13AP5, RP11-533E19.7, RPSAP58, SNHG5, SNHG8, RPL13P12, CTD-2270P14.5, RP11-927P21.4, TMEM191A, RN7SL2, RP11-290D2.6, RP3-402G11.26, SNHG19", "results": {"0": {"accuracy": 0.8589743589743589,