{"3": {"ensembles": "ENSG00000204387, ENSG00000203875, ENSG00000269893", "genes": "C6orf48, SNHG5, SNHG8", "results": {"0": {"accuracy": 0.8846153846153846, "roc_auc": 0.9566074950690336}, "1": {"accuracy": 0.8717948717948718, "roc_auc": 0.9572649572649572}, "2": {"accuracy": 0.8846153846153846, "roc_auc": 0.9552925706771861}, "3": {"accuracy": 0.8589743589743589, "roc_auc": 0.9566074950690335}, "4": {"accuracy": 0.8717948717948718, "roc_auc": 0.9612097304404996}}, "plot_path": "./Predictions/All_GENES/EdgeR/RFE/Pictures/3.png"}, "4": {"ensembles": "ENSG00000204387, ENSG00000203875, ENSG00000269893, ENSG00000145337", "genes": "C6orf48, SNHG5, SNHG8, PYURF", "results": {"0": {"accuracy": 0.8846153846153846, "roc_auc": 0.943129520052597}, "1": {"accuracy": 0.8846153846153846, "roc_auc": 0.9467455621301775}, "2": {"accuracy": 0.8974358974358975, "roc_auc": 0.94543063773833}, "3": {"accuracy": 0.8846153846153846, "roc_auc": 0.9437869822485208}, "4": {"accuracy": 0.8846153846153846, "roc_auc": 0.9487179487179487}}, "plot_path": "./Predictions/All_GENES/EdgeR/RFE/Pictures/4.png"}, "5": {"ensembles": "ENSG00000204387, ENSG00000203875, ENSG00000269893, ENSG00000170889, ENSG00000145337", "genes": "C6orf48, SNHG5, SNHG8, RPS9, PYURF", "results": {"0": {"accuracy": 0.8846153846153846, "roc_auc": 0.9566074950690335}, "1": {"accuracy": 0.8717948717948718, "roc_auc": 0.9546351084812623}, "2": {"accuracy": 0.8717948717948718, "roc_auc": 0.9585798816568047}, "3": {"accuracy": 0.8717948717948718, "roc_auc": 0.957922419460881}, "4": {"accuracy": 0.8717948717948718, "roc_auc": 0.9566074950690335}}, "plot_path": "./Predictions/All_GENES/EdgeR/RFE/Pictures/5.png"}, "6": {"ensembles": "ENSG00000204387, ENSG00000203875, ENSG00000269893, ENSG00000170889, ENSG00000215908, ENSG00000145337", "genes": "C6orf48, SNHG5, SNHG8, RPS9, CROCCP2, PYURF", "results": {"0": {"accuracy": 0.8589743589743589, "roc_auc": 0.955292570677186}, "1": {"accuracy": 0.8589743589743589, "roc_auc": 0.9579224194608811}, "2": {"accuracy": 0.8717948717948718, "roc_auc": 0.9506903353057199}, "3": {"accuracy": 0.8589743589743589, "roc_auc": 0.9539776462853385}, "4": {"accuracy": 0.8589743589743589, "roc_auc": 0.9559500328731099}}, "plot_path": "./Predictions/All_GENES/EdgeR/RFE/Pictures/6.png"}, "7": {"ensembles": "ENSG00000204387, ENSG00000203875, ENSG00000269893, ENSG00000170889, ENSG00000215908, ENSG00000145337, ENSG00000125995", "genes": "C6orf48, SNHG5, SNHG8, RPS9, CROCCP2, PYURF, ROMO1", "results": {"0": {"accuracy": 0.8461538461538461, "roc_auc": 0.9552925706771861}, "1": {"accuracy": 0.8589743589743589, "roc_auc": 0.9585798816568047}, "2": {"accuracy": 0.8589743589743589, "roc_auc": 0.9598948060486522}, "3": {"accuracy": 0.8589743589743589, "roc_auc": 0.955292570677186}, "4": {"accuracy": 0.8589743589743589, "roc_auc": 0.9539776462853387}}, "plot_path": "./Predictions/All_GENES/EdgeR/RFE/Pictures/7.png"}, "8": {"ensembles": "ENSG00000179085, ENSG00000204387, ENSG00000203875, ENSG00000269893, ENSG00000170889, ENSG00000215908, ENSG00000145337, ENSG00000125995", "genes": "DPM3, C6orf48, SNHG5, SNHG8, RPS9, CROCCP2, PYURF, ROMO1", "results": {"0": {"accuracy": 0.8589743589743589, "roc_auc": 0.9493754109138726}, "1": {"accuracy": 0.8589743589743589, "roc_auc": 0.9513477975016438}, "2": {"accuracy": 0.8589743589743589, "roc_auc": 0.9585798816568047}, "3": {"accuracy": 0.8589743589743589, "roc_auc": 0.9500328731097961}, "4": {"accuracy": 0.8461538461538461, "roc_auc": 0.9487179487179487}}, "plot_path": "./Predictions/All_GENES/EdgeR/RFE/Pictures/8.png"}, "9": {"ensembles": "ENSG00000204387, ENSG00000233493, ENSG00000203875, ENSG00000269893, ENSG00000170889, ENSG00000215908, ENSG00000172428, ENSG00000145337, ENSG00000117543", "genes": "C6orf48, TMEM238, SNHG5, SNHG8, RPS9, CROCCP2, COPS9, PYURF, DPH5", "results": {"0": {"accuracy": 0.8717948717948718, "roc_auc": 0.9644970414201184}, "1": {"accuracy": 0.8717948717948718, "roc_auc": 0.965154503616042}, "2": {"accuracy": 0.8717948717948718, "roc_auc": 0.9612097304404996}, "3": {"accuracy": 0.8717948717948718, "roc_auc": 0.9592373438527285}, "4": {"accuracy": 0.8717948717948718, "roc_auc": 0.9651545036160422}}, "plot_path": "./Predictions/All_GENES/EdgeR/RFE/Pictures/9.png"}, "10": {"ensembles": "ENSG00000179085, ENSG00000204387, ENSG00000233493, ENSG00000203875, ENSG00000269893, ENSG00000170889, ENSG00000215908, ENSG00000145337, ENSG00000117543, ENSG00000125995", "genes": "DPM3, C6orf48, TMEM238, SNHG5, SNHG8, RPS9, CROCCP2, PYURF, DPH5, ROMO1", "results": {"0": {"accuracy": 0.8589743589743589, "roc_auc": 0.957922419460881}, "1": {"accuracy": 0.8461538461538461, "roc_auc": 0.9572649572649572}, "2": {"accuracy": 0.8461538461538461, "roc_auc": 0.9539776462853385}, "3": {"accuracy": 0.8589743589743589, "roc_auc": 0.960552268244576}, "4": {"accuracy": 0.8589743589743589, "roc_auc": 0.9585798816568047}}, "plot_path": "./Predictions/All_GENES/EdgeR/RFE/Pictures/10.png"}, "11": {"ensembles": "ENSG00000111678, ENSG00000204387, ENSG00000233493, ENSG00000203875, ENSG00000269893, ENSG00000278771, ENSG00000170889, ENSG00000215908, ENSG00000145337, ENSG00000234741, ENSG00000125995", "genes": "C12orf57, C6orf48, TMEM238, SNHG5, SNHG8, Metazoa_SRP, RPS9, CROCCP2, PYURF, GAS5, ROMO1", "results": {"0": {"accuracy": 0.8846153846153846, "roc_auc": 0.9684418145956607}, "1": {"accuracy": 0.8717948717948718, "roc_auc": 0.9658119658119658}, "2": {"accuracy": 0.8717948717948718, "roc_auc": 0.9671268902038133}, "3": {"accuracy": 0.8717948717948718, "roc_auc": 0.9598948060486522}, "4": {"accuracy": 0.8717948717948718, "roc_auc": 0.960552268244576}}, "plot_path": "./Predictions/All_GENES/EdgeR/RFE/Pictures/11.png"}, "12": {"ensembles": "ENSG00000204387, ENSG00000233493, ENSG00000236552, ENSG00000225864, ENSG00000203875, ENSG00000269893, ENSG00000170889, ENSG00000215908, ENSG00000145337, ENSG00000117543, ENSG00000164405, ENSG00000125995", "genes": "C6orf48, TMEM238, RPL13AP5, HCG4P11, SNHG5, SNHG8, RPS9, CROCCP2, PYURF, DPH5, UQCRQ, ROMO1", "results": {"0": {"accuracy": 0.8846153846153846, "roc_auc": 0.9598948060486522}, "1": {"accuracy": 0.8589743589743589, "roc_auc": 0.9526627218934911}, "2": {"accuracy": 0.8589743589743589, "roc_auc": 0.9539776462853385}, "3": {"accuracy": 0.8717948717948718, "roc_auc": 0.9612097304404996}, "4": {"accuracy": 0.8589743589743589, "roc_auc": 0.960552268244576}}, "plot_path": "./Predictions/All_GENES/EdgeR/RFE/Pictures/12.png"}, "13": {"ensembles": "ENSG00000179085, ENSG00000204387, ENSG00000233493, ENSG00000236552, ENSG00000203875, ENSG00000269893, ENSG00000188290, ENSG00000170889, ENSG00000215908, ENSG00000145337, ENSG00000114942, ENSG00000117543, ENSG00000125995", "genes": "DPM3, C6orf48, TMEM238, RPL13AP5, SNHG5, SNHG8, HES4, RPS9, CROCCP2, PYURF, EEF1B2, DPH5, ROMO1", "results": {"0": {"accuracy": 0.8589743589743589, "roc_auc": 0.9585798816568047}, "1": {"accuracy": 0.8461538461538461, "roc_auc": 0.9546351084812623}, "2": {"accuracy": 0.8589743589743589, "roc_auc": 0.957922419460881}, "3": {"accuracy": 0.8717948717948718, "roc_auc": 0.9644970414201183}, "4": {"accuracy": 0.8589743589743589, "roc_auc": 0.960552268244576}}, "plot_path": "./Predictions/All_GENES/EdgeR/RFE/Pictures/13.png"}, "14": {"ensembles": "ENSG00000179085, ENSG00000204387, ENSG00000233493, ENSG00000236552, ENSG00000141933, ENSG00000203875, ENSG00000269893, ENSG00000278771, ENSG00000170889, ENSG00000215908, ENSG00000145337, ENSG00000234741, ENSG00000265735, ENSG00000125995", "genes": "DPM3, C6orf48, TMEM238, RPL13AP5, TPGS1, SNHG5, SNHG8, Metazoa_SRP, RPS9, CROCCP2, PYURF, GAS5, RN7SL5P, ROMO1", "results": {"0": {"accuracy": 0.8589743589743589, "roc_auc": 0.9585798816568047}, "1": {"accuracy": 0.8589743589743589, "roc_auc": 0.9612097304404996}, "2": {"accuracy": 0.8589743589743589, "roc_auc": 0.9612097304404997}, "3": {"accuracy": 0.8589743589743589, "roc_auc": 0.9612097304404996}, "4": {"accuracy": 0.8717948717948718, "roc_auc": 0.9625246548323471}},