{"3": {"ensembles": "ENSG00000213442, ENSG00000236552, ENSG00000274012", "genes": "RPL18AP3, RPL13AP5, RN7SL2", "results": {"0": {"accuracy": 0.8333333333333334, "roc_auc": 0.9171597633136095}, "1": {"accuracy": 0.8461538461538461, "roc_auc": 0.9125575279421434}, "2": {"accuracy": 0.8333333333333334, "roc_auc": 0.9145299145299145}, "3": {"accuracy": 0.8333333333333334, "roc_auc": 0.9151873767258383}, "4": {"accuracy": 0.8461538461538461, "roc_auc": 0.9237343852728468}}, "plot_path": "./Predictions/NON_CODING/LimmaVoom/chi2/Pictures/3.png"}, "4": {"ensembles": "ENSG00000213442, ENSG00000236552, ENSG00000215030, ENSG00000274012", "genes": "RPL18AP3, RPL13AP5, RPL13P12, RN7SL2", "results": {"0": {"accuracy": 0.8205128205128205, "roc_auc": 0.9013806706114398}, "1": {"accuracy": 0.8205128205128205, "roc_auc": 0.8987508218277449}, "2": {"accuracy": 0.8076923076923077, "roc_auc": 0.9020381328073636}, "3": {"accuracy": 0.8461538461538461, "roc_auc": 0.903353057199211}, "4": {"accuracy": 0.8076923076923077, "roc_auc": 0.9020381328073636}}, "plot_path": "./Predictions/NON_CODING/LimmaVoom/chi2/Pictures/4.png"}, "5": {"ensembles": "ENSG00000213442, ENSG00000236552, ENSG00000225178, ENSG00000215030, ENSG00000274012", "genes": "RPL18AP3, RPL13AP5, RPSAP58, RPL13P12, RN7SL2", "results": {"0": {"accuracy": 0.8333333333333334, "roc_auc": 0.9046679815910584}, "1": {"accuracy": 0.8461538461538461, "roc_auc": 0.8971071663379356}, "2": {"accuracy": 0.8461538461538461, "roc_auc": 0.8967784352399737}, "3": {"accuracy": 0.8461538461538461, "roc_auc": 0.8974358974358974}, "4": {"accuracy": 0.8333333333333334, "roc_auc": 0.9033530571992111}}, "plot_path": "./Predictions/NON_CODING/LimmaVoom/chi2/Pictures/5.png"}, "6": {"ensembles": "ENSG00000213442, ENSG00000236552, ENSG00000225178, ENSG00000215030, ENSG00000274012, ENSG00000273149", "genes": "RPL18AP3, RPL13AP5, RPSAP58, RPL13P12, RN7SL2, RP11-290D2.6", "results": {"0": {"accuracy": 0.8205128205128205, "roc_auc": 0.9000657462195923}, "1": {"accuracy": 0.8461538461538461, "roc_auc": 0.9023668639053254}, "2": {"accuracy": 0.8461538461538461, "roc_auc": 0.9046679815910585}, "3": {"accuracy": 0.8205128205128205, "roc_auc": 0.8977646285338594}, "4": {"accuracy": 0.8717948717948718, "roc_auc": 0.9026955950032873}}, "plot_path": "./Predictions/NON_CODING/LimmaVoom/chi2/Pictures/6.png"}, "7": {"ensembles": "ENSG00000213442, ENSG00000236552, ENSG00000225178, ENSG00000269893, ENSG00000215030, ENSG00000274012, ENSG00000273149", "genes": "RPL18AP3, RPL13AP5, RPSAP58, SNHG8, RPL13P12, RN7SL2, RP11-290D2.6", "results": {"0": {"accuracy": 0.8461538461538461, "roc_auc": 0.9171597633136095}, "1": {"accuracy": 0.8461538461538461, "roc_auc": 0.9237343852728468}, "2": {"accuracy": 0.8589743589743589, "roc_auc": 0.9178172255095332}, "3": {"accuracy": 0.8333333333333334, "roc_auc": 0.9191321499013807}, "4": {"accuracy": 0.8589743589743589, "roc_auc": 0.9237343852728468}}, "plot_path": "./Predictions/NON_CODING/LimmaVoom/chi2/Pictures/7.png"}, "8": {"ensembles": "ENSG00000213442, ENSG00000236552, ENSG00000225178, ENSG00000269893, ENSG00000215030, ENSG00000226287, ENSG00000274012, ENSG00000273149", "genes": "RPL18AP3, RPL13AP5, RPSAP58, SNHG8, RPL13P12, TMEM191A, RN7SL2, RP11-290D2.6", "results": {"0": {"accuracy": 0.8589743589743589, "roc_auc": 0.923076923076923}, "1": {"accuracy": 0.8589743589743589, "roc_auc": 0.925706771860618}, "2": {"accuracy": 0.8461538461538461, "roc_auc": 0.923076923076923}, "3": {"accuracy": 0.8333333333333334, "roc_auc": 0.9197896120973044}, "4": {"accuracy": 0.8461538461538461, "roc_auc": 0.9220907297830374}}, "plot_path": "./Predictions/NON_CODING/LimmaVoom/chi2/Pictures/8.png"}, "9": {"ensembles": "ENSG00000213442, ENSG00000236552, ENSG00000225178, ENSG00000269893, ENSG00000215030, ENSG00000265982, ENSG00000226287, ENSG00000274012, ENSG00000273149", "genes": "RPL18AP3, RPL13AP5, RPSAP58, SNHG8, RPL13P12, RP11-927P21.4, TMEM191A, RN7SL2, RP11-290D2.6", "results": {"0": {"accuracy": 0.8461538461538461, "roc_auc": 0.9191321499013806}, "1": {"accuracy": 0.8333333333333334, "roc_auc": 0.9158448389217622}, "2": {"accuracy": 0.8717948717948718, "roc_auc": 0.9270216962524656}, "3": {"accuracy": 0.8461538461538461, "roc_auc": 0.930966469428008}, "4": {"accuracy": 0.8461538461538461, "roc_auc": 0.9230769230769231}}, "plot_path": "./Predictions/NON_CODING/LimmaVoom/chi2/Pictures/9.png"}, "10": {"ensembles": "ENSG00000213442, ENSG00000236552, ENSG00000225178, ENSG00000269893, ENSG00000215030, ENSG00000265982, ENSG00000226287, ENSG00000274012, ENSG00000273149, ENSG00000273253", "genes": "RPL18AP3, RPL13AP5, RPSAP58, SNHG8, RPL13P12, RP11-927P21.4, TMEM191A, RN7SL2, RP11-290D2.6, RP3-402G11.26", "results": {"0": {"accuracy": 0.8461538461538461, "roc_auc": 0.9349112426035503}, "1": {"accuracy": 0.8333333333333334, "roc_auc": 0.925706771860618}, "2": {"accuracy": 0.8589743589743589, "roc_auc": 0.9224194608809994}, "3": {"accuracy": 0.8589743589743589, "roc_auc": 0.9270216962524653}, "4": {"accuracy": 0.8333333333333334, "roc_auc": 0.9197896120973044}}, "plot_path": "./Predictions/NON_CODING/LimmaVoom/chi2/Pictures/10.png"}, "11": {"ensembles": "ENSG00000213442, ENSG00000236552, ENSG00000225178, ENSG00000269893, ENSG00000215030, ENSG00000276791, ENSG00000265982, ENSG00000226287, ENSG00000274012, ENSG00000273149, ENSG00000273253", "genes": "RPL18AP3, RPL13AP5, RPSAP58, SNHG8, RPL13P12, CTD-2270P14.5, RP11-927P21.4, TMEM191A, RN7SL2, RP11-290D2.6, RP3-402G11.26", "results": {"0": {"accuracy": 0.8461538461538461, "roc_auc": 0.9184746877054569}, "1": {"accuracy": 0.8461538461538461, "roc_auc": 0.9151873767258383}, "2": {"accuracy": 0.8461538461538461, "roc_auc": 0.9132149901380671}, "3": {"accuracy": 0.8461538461538461, "roc_auc": 0.9217619986850756}, "4": {"accuracy": 0.8589743589743589, "roc_auc": 0.9243918474687706}}, "plot_path": "./Predictions/NON_CODING/LimmaVoom/chi2/Pictures/11.png"}, "12": {"ensembles": "ENSG00000213442, ENSG00000236552, ENSG00000272906, ENSG00000225178, ENSG00000269893, ENSG00000215030, ENSG00000276791, ENSG00000265982, ENSG00000226287, ENSG00000274012, ENSG00000273149, ENSG00000273253", "genes": "RPL18AP3, RPL13AP5, RP11-533E19.7, RPSAP58, SNHG8, RPL13P12, CTD-2270P14.5, RP11-927P21.4, TMEM191A, RN7SL2, RP11-290D2.6, RP3-402G11.26", "results": {"0": {"accuracy": 0.8461538461538461, "roc_auc": 0.9165023011176857}, "1": {"accuracy": 0.8461538461538461, "roc_auc": 0.9283366206443129}, "2": {"accuracy": 0.8589743589743589, "roc_auc": 0.9316239316239315}, "3": {"accuracy": 0.8717948717948718, "roc_auc": 0.9289940828402367}, "4": {"accuracy": 0.8461538461538461, "roc_auc": 0.9316239316239316}}, "plot_path": "./Predictions/NON_CODING/LimmaVoom/chi2/Pictures/12.png"}, "13": {"ensembles": "ENSG00000213442, ENSG00000236552, ENSG00000272906, ENSG00000225178, ENSG00000269893, ENSG00000215030, ENSG00000276791, ENSG00000265982, ENSG00000226287, ENSG00000274012, ENSG00000273149, ENSG00000273253, ENSG00000260260", "genes": "RPL18AP3, RPL13AP5, RP11-533E19.7, RPSAP58, SNHG8, RPL13P12, CTD-2270P14.5, RP11-927P21.4, TMEM191A, RN7SL2, RP11-290D2.6, RP3-402G11.26, SNHG19", "results": {"0": {"accuracy": 0.8461538461538461, "roc_auc": 0.9243918474687706}, "1": {"accuracy": 0.8589743589743589, "roc_auc": 0.9296515450361604}, "2": {"accuracy": 0.8589743589743589, "roc_auc": 0.9250493096646943}, "3": {"accuracy": 0.8333333333333334, "roc_auc": 0.9276791584483893}, "4": {"accuracy": 0.8461538461538461, "roc_auc": 0.9296515450361603}}, "plot_path": "./Predictions/NON_CODING/LimmaVoom/chi2/Pictures/13.png"}, "14": {"ensembles": "ENSG00000213442, ENSG00000236552, ENSG00000272906, ENSG00000225178, ENSG00000269893, ENSG00000215030, ENSG00000276791, ENSG00000265982, ENSG00000226287, ENSG00000274012, ENSG00000273149, ENSG00000264235, ENSG00000273253, ENSG00000260260", "genes": "RPL18AP3, RPL13AP5, RP11-533E19.7, RPSAP58, SNHG8, RPL13P12, CTD-2270P14.5, RP11-927P21.4, TMEM191A, RN7SL2, RP11-290D2.6, RP13-270P17.1, RP3-402G11.26, SNHG19",