,selector,gene_names,weights,absolute weights
0,ENSG00000213442,RPL18AP3,0.005520862329326621,0.005520862329326621
2,ENSG00000171858,RPS21,0.0033208218133317577,0.0033208218133317577
1,ENSG00000236552,RPL13AP5,0.002028385561378452,0.002028385561378452
