,selector,gene_names,weights,absolute weights
0,ENSG00000213442,RPL18AP3,0.008636238120262946,0.008636238120262946
2,ENSG00000203875,SNHG5,0.007000380822407264,0.007000380822407264
1,ENSG00000236552,RPL13AP5,0.004523401707087187,0.004523401707087187
3,ENSG00000171858,RPS21,-0.0014811914511517954,0.0014811914511517954
