,selector,gene_names,weights,absolute weights
1,ENSG00000213442,RPL18AP3,0.008105873403600037,0.008105873403600037
0,ENSG00000111678,C12orf57,-0.007101953744133938,0.007101953744133938
3,ENSG00000203875,SNHG5,0.00665335449401447,0.00665335449401447
2,ENSG00000236552,RPL13AP5,0.001134733056845177,0.001134733056845177
4,ENSG00000171858,RPS21,0.0004879885838689892,0.0004879885838689892
