,selector,gene_names,weights,absolute weights
1,ENSG00000152082,MZT2B,0.022757450924630645,0.022757450924630645
0,ENSG00000111678,C12orf57,0.010755307502886323,0.010755307502886323
4,ENSG00000203875,SNHG5,0.009518342875365668,0.009518342875365668
3,ENSG00000236552,RPL13AP5,-0.00877828166536195,0.00877828166536195
2,ENSG00000213442,RPL18AP3,-0.0033558268952826134,0.0033558268952826134
5,ENSG00000171858,RPS21,0.0010725137082294495,0.0010725137082294495
