,selector,gene_names,weights,absolute weights
2,ENSG00000152082,MZT2B,8.881832186258816,8.881832186258816
1,ENSG00000111678,C12orf57,6.617745077084998,6.617745077084998
5,ENSG00000203875,SNHG5,5.484987031778734,5.484987031778734
4,ENSG00000236552,RPL13AP5,-4.250914915137548,4.250914915137548
3,ENSG00000213442,RPL18AP3,1.6249623322386155,1.6249623322386155
6,ENSG00000171858,RPS21,-0.3415475136608279,0.3415475136608279
0,ENSG00000198804,MT-CO1,-0.044142660005071284,0.044142660005071284
