,selector,gene_names,weights,absolute weights
2,ENSG00000152082,MZT2B,13.129084564485701,13.129084564485701
7,ENSG00000215030,RPL13P12,-5.843592257615831,5.843592257615831
5,ENSG00000203875,SNHG5,4.970718649419311,4.970718649419311
4,ENSG00000236552,RPL13AP5,-3.6367595934680534,3.6367595934680534
1,ENSG00000111678,C12orf57,3.5303797520399414,3.5303797520399414
6,ENSG00000171858,RPS21,-0.46383208958882394,0.46383208958882394
3,ENSG00000213442,RPL18AP3,0.06709182402701504,0.06709182402701504
0,ENSG00000198804,MT-CO1,-0.016877250551878647,0.016877250551878647
