,selector,gene_names,weights,absolute weights
2,ENSG00000152082,MZT2B,16.53681922659665,16.53681922659665
5,ENSG00000225178,RPSAP58,-7.2583484011947625,7.2583484011947625
8,ENSG00000215030,RPL13P12,-5.739495414788378,5.739495414788378
6,ENSG00000203875,SNHG5,4.166250879797426,4.166250879797426
3,ENSG00000213442,RPL18AP3,2.2020076959228128,2.2020076959228128
1,ENSG00000111678,C12orf57,-2.0382915407477933,2.0382915407477933
4,ENSG00000236552,RPL13AP5,-1.4087212238804958,1.4087212238804958
7,ENSG00000171858,RPS21,0.5009512218035298,0.5009512218035298
0,ENSG00000198804,MT-CO1,-0.044783721087505966,0.044783721087505966
