{"3": {"ensembles": "ENSG00000111678, ENSG00000152082, ENSG00000171858", "genes": "C12orf57, MZT2B, RPS21", "results": {"0": {"accuracy": 0.7948717948717948, "roc_auc": 0.9033530571992111}, "1": {"accuracy": 0.7692307692307693, "roc_auc": 0.8816568047337279}, "2": {"accuracy": 0.8076923076923077, "roc_auc": 0.8921761998685076}, "3": {"accuracy": 0.782051282051282, "roc_auc": 0.8869165023011176}, "4": {"accuracy": 0.7948717948717948, "roc_auc": 0.8915187376725838}}, "plot_path": "./Predictions/CODING/LimmaVoom/chi2/Pictures/3.png"}, "4": {"ensembles": "ENSG00000198804, ENSG00000111678, ENSG00000152082, ENSG00000171858", "genes": "MT-CO1, C12orf57, MZT2B, RPS21", "results": {"0": {"accuracy": 0.7692307692307693, "roc_auc": 0.8796844181459565}, "1": {"accuracy": 0.7948717948717948, "roc_auc": 0.8905325443786982}, "2": {"accuracy": 0.7692307692307693, "roc_auc": 0.8895463510848126}, "3": {"accuracy": 0.782051282051282, "roc_auc": 0.8961209730440499}, "4": {"accuracy": 0.782051282051282, "roc_auc": 0.8888888888888888}}, "plot_path": "./Predictions/CODING/LimmaVoom/chi2/Pictures/4.png"}, "5": {"ensembles": "ENSG00000198804, ENSG00000111678, ENSG00000152082, ENSG00000175602, ENSG00000171858", "genes": "MT-CO1, C12orf57, MZT2B, CCDC85B, RPS21", "results": {"0": {"accuracy": 0.7435897435897436, "roc_auc": 0.8796844181459565}, "1": {"accuracy": 0.7435897435897436, "roc_auc": 0.886259040105194}, "2": {"accuracy": 0.7692307692307693, "roc_auc": 0.8875739644970414}, "3": {"accuracy": 0.7564102564102564, "roc_auc": 0.8882314266929652}, "4": {"accuracy": 0.7564102564102564, "roc_auc": 0.8842866535174227}}, "plot_path": "./Predictions/CODING/LimmaVoom/chi2/Pictures/5.png"}, "6": {"ensembles": "ENSG00000198804, ENSG00000111678, ENSG00000152082, ENSG00000175602, ENSG00000171858, ENSG00000099849", "genes": "MT-CO1, C12orf57, MZT2B, CCDC85B, RPS21, RASSF7", "results": {"0": {"accuracy": 0.7564102564102564, "roc_auc": 0.8823142669296516}, "1": {"accuracy": 0.7564102564102564, "roc_auc": 0.8750821827744905}, "2": {"accuracy": 0.717948717948718, "roc_auc": 0.8744247205785667}, "3": {"accuracy": 0.7307692307692307, "roc_auc": 0.8809993425378041}, "4": {"accuracy": 0.7692307692307693, "roc_auc": 0.8809993425378041}}, "plot_path": "./Predictions/CODING/LimmaVoom/chi2/Pictures/6.png"}, "7": {"ensembles": "ENSG00000198804, ENSG00000111678, ENSG00000152082, ENSG00000175602, ENSG00000171858, ENSG00000107404, ENSG00000099849", "genes": "MT-CO1, C12orf57, MZT2B, CCDC85B, RPS21, DVL1, RASSF7", "results": {"0": {"accuracy": 0.7307692307692307, "roc_auc": 0.8836291913214991}, "1": {"accuracy": 0.7564102564102564, "roc_auc": 0.8849441157133464}, "2": {"accuracy": 0.7564102564102564, "roc_auc": 0.8829717291255752}, "3": {"accuracy": 0.7307692307692307, "roc_auc": 0.8849441157133464}, "4": {"accuracy": 0.7435897435897436, "roc_auc": 0.8783694937541091}}, "plot_path": "./Predictions/CODING/LimmaVoom/chi2/Pictures/7.png"}, "8": {"ensembles": "ENSG00000198804, ENSG00000111678, ENSG00000152082, ENSG00000175602, ENSG00000171858, ENSG00000103024, ENSG00000107404, ENSG00000099849", "genes": "MT-CO1, C12orf57, MZT2B, CCDC85B, RPS21, NME3, DVL1, RASSF7", "results": {"0": {"accuracy": 0.7435897435897436, "roc_auc": 0.8803418803418804}, "1": {"accuracy": 0.7435897435897436, "roc_auc": 0.8829717291255753}, "2": {"accuracy": 0.7435897435897436, "roc_auc": 0.8793556870479947}, "3": {"accuracy": 0.7564102564102564, "roc_auc": 0.8915187376725838}, "4": {"accuracy": 0.782051282051282, "roc_auc": 0.89086127547666}}, "plot_path": "./Predictions/CODING/LimmaVoom/chi2/Pictures/8.png"}, "9": {"ensembles": "ENSG00000198804, ENSG00000111678, ENSG00000152082, ENSG00000175602, ENSG00000171858, ENSG00000103024, ENSG00000107404, ENSG00000099849, ENSG00000107872", "genes": "MT-CO1, C12orf57, MZT2B, CCDC85B, RPS21, NME3, DVL1, RASSF7, FBXL15", "results": {"0": {"accuracy": 0.7435897435897436, "roc_auc": 0.8833004602235371}, "1": {"accuracy": 0.7307692307692307, "roc_auc": 0.8856015779092703}, "2": {"accuracy": 0.7564102564102564, "roc_auc": 0.8842866535174227}, "3": {"accuracy": 0.7435897435897436, "roc_auc": 0.8895463510848127}, "4": {"accuracy": 0.7435897435897436, "roc_auc": 0.8823142669296515}}, "plot_path": "./Predictions/CODING/LimmaVoom/chi2/Pictures/9.png"}, "10": {"ensembles": "ENSG00000198804, ENSG00000111678, ENSG00000152082, ENSG00000175602, ENSG00000161179, ENSG00000171858, ENSG00000103024, ENSG00000107404, ENSG00000099849, ENSG00000107872", "genes": "MT-CO1, C12orf57, MZT2B, CCDC85B, YDJC, RPS21, NME3, DVL1, RASSF7, FBXL15", "results": {"0": {"accuracy": 0.7435897435897436, "roc_auc": 0.8816568047337279}, "1": {"accuracy": 0.7435897435897436, "roc_auc": 0.8842866535174227}, "2": {"accuracy": 0.7435897435897436, "roc_auc": 0.8882314266929652}, "3": {"accuracy": 0.7564102564102564, "roc_auc": 0.8856015779092703}, "4": {"accuracy": 0.7307692307692307, "roc_auc": 0.8836291913214991}}, "plot_path": "./Predictions/CODING/LimmaVoom/chi2/Pictures/10.png"}, "11": {"ensembles": "ENSG00000198804, ENSG00000179085, ENSG00000111678, ENSG00000152082, ENSG00000175602, ENSG00000161179, ENSG00000171858, ENSG00000103024, ENSG00000107404, ENSG00000099849, ENSG00000107872", "genes": "MT-CO1, DPM3, C12orf57, MZT2B, CCDC85B, YDJC, RPS21, NME3, DVL1, RASSF7, FBXL15", "results": {"0": {"accuracy": 0.7948717948717948, "roc_auc": 0.8921761998685075}, "1": {"accuracy": 0.782051282051282, "roc_auc": 0.9066403681788298}, "2": {"accuracy": 0.8076923076923077, "roc_auc": 0.9026955950032873}, "3": {"accuracy": 0.7948717948717948, "roc_auc": 0.9013806706114398}, "4": {"accuracy": 0.8076923076923077, "roc_auc": 0.9013806706114398}}, "plot_path": "./Predictions/CODING/LimmaVoom/chi2/Pictures/11.png"}, "12": {"ensembles": "ENSG00000198804, ENSG00000179085, ENSG00000111678, ENSG00000152082, ENSG00000204387, ENSG00000175602, ENSG00000161179, ENSG00000171858, ENSG00000103024, ENSG00000107404, ENSG00000099849, ENSG00000107872", "genes": "MT-CO1, DPM3, C12orf57, MZT2B, C6orf48, CCDC85B, YDJC, RPS21, NME3, DVL1, RASSF7, FBXL15", "results": {"0": {"accuracy": 0.8333333333333334, "roc_auc": 0.9197896120973045}, "1": {"accuracy": 0.8461538461538461, "roc_auc": 0.9316239316239315}, "2": {"accuracy": 0.8205128205128205, "roc_auc": 0.9197896120973044}, "3": {"accuracy": 0.8205128205128205, "roc_auc": 0.9303090072320841}, "4": {"accuracy": 0.8461538461538461, "roc_auc": 0.9211045364891518}}, "plot_path": "./Predictions/CODING/LimmaVoom/chi2/Pictures/12.png"}, "13": {"ensembles": "ENSG00000198804, ENSG00000179085, ENSG00000111678, ENSG00000152082, ENSG00000204387, ENSG00000175602, ENSG00000103254, ENSG00000161179, ENSG00000171858, ENSG00000103024, ENSG00000107404, ENSG00000099849, ENSG00000107872", "genes": "MT-CO1, DPM3, C12orf57, MZT2B, C6orf48, CCDC85B, FAM173A, YDJC, RPS21, NME3, DVL1, RASSF7, FBXL15", "results": {"0": {"accuracy": 0.8461538461538461, "roc_auc": 0.9171597633136095}, "1": {"accuracy": 0.8333333333333334, "roc_auc": 0.92077580539119}, "2": {"accuracy": 0.8589743589743589, "roc_auc": 0.9214332675871137}, "3": {"accuracy": 0.8461538461538461, "roc_auc": 0.9217619986850756}, "4": {"accuracy": 0.8205128205128205, "roc_auc": 0.9184746877054569}}, "plot_path": "./Predictions/CODING/LimmaVoom/chi2/Pictures/13.png"}, "14": {"ensembles": "ENSG00000198804, ENSG00000179085, ENSG00000111678, ENSG00000152082, ENSG00000204387, ENSG00000175602, ENSG00000103254, ENSG00000161179, ENSG00000171858, ENSG00000103024, ENSG00000198598, ENSG00000107404, ENSG00000099849, ENSG00000107872", "genes": "MT-CO1, DPM3, C12orf57, MZT2B, C6orf48, CCDC85B, FAM173A, YDJC, RPS21, NME3, MMP17, DVL1, RASSF7, FBXL15", "results": {"0": {"accuracy": 0.8333333333333334, "roc_auc": 0.915844838921762}, "1": {"accuracy": 0.8333333333333334, "roc_auc": 0.9197896120973045}, "2": {"accuracy": 0.8461538461538461, "roc_auc": 0.9211045364891519}, "3": {"accuracy": 0.8076923076923077, "roc_auc": 0.9237343852728468}, "4": {"accuracy": 0.8076923076923077,