{"3": {"ensembles": "ENSG00000111678, ENSG00000203875, ENSG00000171858", "genes": "C12orf57, SNHG5, RPS21", "results": {"0": {"accuracy": 0.8205128205128205, "roc_auc": 0.9237343852728468}, "1": {"accuracy": 0.8333333333333334, "roc_auc": 0.9322813938198554}, "2": {"accuracy": 0.8461538461538461, "roc_auc": 0.9266929651545037}, "3": {"accuracy": 0.8205128205128205, "roc_auc": 0.9266929651545036}, "4": {"accuracy": 0.8205128205128205, "roc_auc": 0.9165023011176857}}, "plot_path": "./Predictions/CODING/LimmaVoom/chi2/Pictures/3.png"}, "4": {"ensembles": "ENSG00000111678, ENSG00000152082, ENSG00000203875, ENSG00000171858", "genes": "C12orf57, MZT2B, SNHG5, RPS21", "results": {"0": {"accuracy": 0.8333333333333334, "roc_auc": 0.9115713346482578}, "1": {"accuracy": 0.8333333333333334, "roc_auc": 0.9191321499013807}, "2": {"accuracy": 0.8333333333333334, "roc_auc": 0.9224194608809994}, "3": {"accuracy": 0.8461538461538461, "roc_auc": 0.9257067718606181}, "4": {"accuracy": 0.8333333333333334, "roc_auc": 0.9174884944115713}}, "plot_path": "./Predictions/CODING/LimmaVoom/chi2/Pictures/4.png"}, "5": {"ensembles": "ENSG00000198804, ENSG00000111678, ENSG00000152082, ENSG00000203875, ENSG00000171858", "genes": "MT-CO1, C12orf57, MZT2B, SNHG5, RPS21", "results": {"0": {"accuracy": 0.8076923076923077, "roc_auc": 0.9188034188034189}, "1": {"accuracy": 0.8205128205128205, "roc_auc": 0.928336620644313}, "2": {"accuracy": 0.8333333333333334, "roc_auc": 0.9240631163708087}, "3": {"accuracy": 0.8333333333333334, "roc_auc": 0.9204470742932281}, "4": {"accuracy": 0.8461538461538461, "roc_auc": 0.9270216962524656}}, "plot_path": "./Predictions/CODING/LimmaVoom/chi2/Pictures/5.png"}, "6": {"ensembles": "ENSG00000198804, ENSG00000111678, ENSG00000152082, ENSG00000175602, ENSG00000203875, ENSG00000171858", "genes": "MT-CO1, C12orf57, MZT2B, CCDC85B, SNHG5, RPS21", "results": {"0": {"accuracy": 0.8333333333333334, "roc_auc": 0.9342537804076266}, "1": {"accuracy": 0.8205128205128205, "roc_auc": 0.938198553583169}, "2": {"accuracy": 0.8205128205128205, "roc_auc": 0.928336620644313}, "3": {"accuracy": 0.8333333333333334, "roc_auc": 0.9335963182117029}, "4": {"accuracy": 0.8205128205128205, "roc_auc": 0.9309664694280079}}, "plot_path": "./Predictions/CODING/LimmaVoom/chi2/Pictures/6.png"}, "7": {"ensembles": "ENSG00000198804, ENSG00000111678, ENSG00000152082, ENSG00000175602, ENSG00000203875, ENSG00000171858, ENSG00000099849", "genes": "MT-CO1, C12orf57, MZT2B, CCDC85B, SNHG5, RPS21, RASSF7", "results": {"0": {"accuracy": 0.8333333333333334, "roc_auc": 0.9303090072320842}, "1": {"accuracy": 0.8589743589743589, "roc_auc": 0.9303090072320842}, "2": {"accuracy": 0.8333333333333334, "roc_auc": 0.9270216962524654}, "3": {"accuracy": 0.8205128205128205, "roc_auc": 0.9335963182117029}, "4": {"accuracy": 0.8205128205128205, "roc_auc": 0.9289940828402367}}, "plot_path": "./Predictions/CODING/LimmaVoom/chi2/Pictures/7.png"}, "8": {"ensembles": "ENSG00000198804, ENSG00000111678, ENSG00000152082, ENSG00000175602, ENSG00000203875, ENSG00000171858, ENSG00000107404, ENSG00000099849", "genes": "MT-CO1, C12orf57, MZT2B, CCDC85B, SNHG5, RPS21, DVL1, RASSF7", "results": {"0": {"accuracy": 0.8589743589743589, "roc_auc": 0.935568704799474}, "1": {"accuracy": 0.8333333333333334, "roc_auc": 0.9296515450361604}, "2": {"accuracy": 0.8205128205128205, "roc_auc": 0.9303090072320842}, "3": {"accuracy": 0.8333333333333334, "roc_auc": 0.9296515450361604}, "4": {"accuracy": 0.8589743589743589, "roc_auc": 0.9362261669953978}}, "plot_path": "./Predictions/CODING/LimmaVoom/chi2/Pictures/8.png"}, "9": {"ensembles": "ENSG00000198804, ENSG00000111678, ENSG00000152082, ENSG00000175602, ENSG00000203875, ENSG00000171858, ENSG00000103024, ENSG00000107404, ENSG00000099849", "genes": "MT-CO1, C12orf57, MZT2B, CCDC85B, SNHG5, RPS21, NME3, DVL1, RASSF7", "results": {"0": {"accuracy": 0.8461538461538461, "roc_auc": 0.9309664694280079}, "1": {"accuracy": 0.8461538461538461, "roc_auc": 0.9263642340565417}, "2": {"accuracy": 0.8205128205128205, "roc_auc": 0.928336620644313}, "3": {"accuracy": 0.8717948717948718, "roc_auc": 0.9355687047994741}, "4": {"accuracy": 0.8205128205128205, "roc_auc": 0.9230769230769231}}, "plot_path": "./Predictions/CODING/LimmaVoom/chi2/Pictures/9.png"}, "10": {"ensembles": "ENSG00000198804, ENSG00000111678, ENSG00000152082, ENSG00000175602, ENSG00000203875, ENSG00000171858, ENSG00000103024, ENSG00000107404, ENSG00000099849, ENSG00000107872", "genes": "MT-CO1, C12orf57, MZT2B, CCDC85B, SNHG5, RPS21, NME3, DVL1, RASSF7, FBXL15", "results": {"0": {"accuracy": 0.8589743589743589, "roc_auc": 0.9316239316239316}, "1": {"accuracy": 0.8717948717948718, "roc_auc": 0.935568704799474}, "2": {"accuracy": 0.8589743589743589, "roc_auc": 0.9296515450361603}, "3": {"accuracy": 0.8333333333333334, "roc_auc": 0.9270216962524654}, "4": {"accuracy": 0.8333333333333334, "roc_auc": 0.9243918474687705}}, "plot_path": "./Predictions/CODING/LimmaVoom/chi2/Pictures/10.png"}, "11": {"ensembles": "ENSG00000198804, ENSG00000111678, ENSG00000152082, ENSG00000175602, ENSG00000161179, ENSG00000203875, ENSG00000171858, ENSG00000103024, ENSG00000107404, ENSG00000099849, ENSG00000107872", "genes": "MT-CO1, C12orf57, MZT2B, CCDC85B, YDJC, SNHG5, RPS21, NME3, DVL1, RASSF7, FBXL15", "results": {"0": {"accuracy": 0.8589743589743589, "roc_auc": 0.9322813938198554}, "1": {"accuracy": 0.8461538461538461, "roc_auc": 0.9322813938198553}, "2": {"accuracy": 0.8461538461538461, "roc_auc": 0.9296515450361604}, "3": {"accuracy": 0.8205128205128205, "roc_auc": 0.9309664694280079}, "4": {"accuracy": 0.8076923076923077, "roc_auc": 0.9197896120973044}}, "plot_path": "./Predictions/CODING/LimmaVoom/chi2/Pictures/11.png"}, "12": {"ensembles": "ENSG00000198804, ENSG00000179085, ENSG00000111678, ENSG00000152082, ENSG00000175602, ENSG00000161179, ENSG00000203875, ENSG00000171858, ENSG00000103024, ENSG00000107404, ENSG00000099849, ENSG00000107872", "genes": "MT-CO1, DPM3, C12orf57, MZT2B, CCDC85B, YDJC, SNHG5, RPS21, NME3, DVL1, RASSF7, FBXL15", "results": {"0": {"accuracy": 0.8461538461538461, "roc_auc": 0.9322813938198554}, "1": {"accuracy": 0.8205128205128205, "roc_auc": 0.9299802761341223}, "2": {"accuracy": 0.8589743589743589, "roc_auc": 0.9395134779750165}, "3": {"accuracy": 0.8205128205128205, "roc_auc": 0.9263642340565418}, "4": {"accuracy": 0.8333333333333334, "roc_auc": 0.9329388560157791}}, "plot_path": "./Predictions/CODING/LimmaVoom/chi2/Pictures/12.png"}, "13": {"ensembles": "ENSG00000198804, ENSG00000179085, ENSG00000111678, ENSG00000152082, ENSG00000204387, ENSG00000175602, ENSG00000161179, ENSG00000203875, ENSG00000171858, ENSG00000103024, ENSG00000107404, ENSG00000099849, ENSG00000107872", "genes": "MT-CO1, DPM3, C12orf57, MZT2B, C6orf48, CCDC85B, YDJC, SNHG5, RPS21, NME3, DVL1, RASSF7, FBXL15", "results": {"0": {"accuracy": 0.8461538461538461, "roc_auc": 0.9474030243261012}, "1": {"accuracy": 0.8461538461538461, "roc_auc": 0.938198553583169}, "2": {"accuracy": 0.8333333333333334, "roc_auc": 0.94543063773833}, "3": {"accuracy": 0.8461538461538461, "roc_auc": 0.94543063773833}, "4": {"accuracy": 0.8461538461538461, "roc_auc": 0.9414858645627876}}, "plot_path": "./Predictions/CODING/LimmaVoom/chi2/Pictures/13.png"}, "14": {"ensembles": "ENSG00000198804, ENSG00000179085, ENSG00000111678, ENSG00000152082, ENSG00000204387, ENSG00000175602, ENSG00000103254, ENSG00000161179, ENSG00000203875, ENSG00000171858, ENSG00000103024, ENSG00000107404, ENSG00000099849, ENSG00000107872", "genes": "MT-CO1, DPM3, C12orf57, MZT2B, C6orf48, CCDC85B, FAM173A, YDJC, SNHG5, RPS21, NME3, DVL1, RASSF7, FBXL15", "results": {"0": {"accuracy": 0.8461538461538461, "roc_auc": 0.9500328731097962}, "1": {"accuracy": 0.8205128205128205, "roc_auc": 0.9447731755424064}, "2": {"accuracy": 0.8461538461538461, "roc_auc": 0.9375410913872452}, "3": {"accuracy": 0.8205128205128205, "roc_auc": 0.9408284023668638}, "4": {"accuracy": 0.8461538461538461, "roc_auc": 0.9408284023668638}},