{"3": {"ensembles": "ENSG00000204387, ENSG00000170889, ENSG00000145337", "genes": "C6orf48, RPS9, PYURF", "results": {"0": {"accuracy": 0.8461538461538461, "roc_auc": 0.9421433267587114}, "1": {"accuracy": 0.8461538461538461, "roc_auc": 0.9447731755424063}, "2": {"accuracy": 0.8589743589743589, "roc_auc": 0.94543063773833}, "3": {"accuracy": 0.8333333333333334, "roc_auc": 0.9447731755424063}, "4": {"accuracy": 0.8717948717948718, "roc_auc": 0.9421433267587115}}, "plot_path": "./Predictions/CODING/DESeq2/RFE/Pictures/3.png"}, "4": {"ensembles": "ENSG00000179085, ENSG00000204387, ENSG00000170889, ENSG00000145337", "genes": "DPM3, C6orf48, RPS9, PYURF", "results": {"0": {"accuracy": 0.8589743589743589, "roc_auc": 0.9414858645627876}, "1": {"accuracy": 0.8589743589743589, "roc_auc": 0.9368836291913215}, "2": {"accuracy": 0.8461538461538461, "roc_auc": 0.9408284023668639}, "3": {"accuracy": 0.8461538461538461, "roc_auc": 0.9362261669953978}, "4": {"accuracy": 0.8589743589743589, "roc_auc": 0.9355687047994741}}, "plot_path": "./Predictions/CODING/DESeq2/RFE/Pictures/4.png"}, "5": {"ensembles": "ENSG00000179085, ENSG00000204387, ENSG00000233493, ENSG00000170889, ENSG00000145337", "genes": "DPM3, C6orf48, TMEM238, RPS9, PYURF", "results": {"0": {"accuracy": 0.8461538461538461, "roc_auc": 0.948060486522025}, "1": {"accuracy": 0.8461538461538461, "roc_auc": 0.9434582511505589}, "2": {"accuracy": 0.8333333333333334, "roc_auc": 0.9355687047994741}, "3": {"accuracy": 0.8461538461538461, "roc_auc": 0.9434582511505589}, "4": {"accuracy": 0.8589743589743589, "roc_auc": 0.9408284023668639}}, "plot_path": "./Predictions/CODING/DESeq2/RFE/Pictures/5.png"}, "6": {"ensembles": "ENSG00000179085, ENSG00000204387, ENSG00000233493, ENSG00000170889, ENSG00000172428, ENSG00000145337", "genes": "DPM3, C6orf48, TMEM238, RPS9, COPS9, PYURF", "results": {"0": {"accuracy": 0.8461538461538461, "roc_auc": 0.9447731755424064}, "1": {"accuracy": 0.8461538461538461, "roc_auc": 0.942800788954635}, "2": {"accuracy": 0.8461538461538461, "roc_auc": 0.9408284023668639}, "3": {"accuracy": 0.8461538461538461, "roc_auc": 0.9467455621301775}, "4": {"accuracy": 0.8461538461538461, "roc_auc": 0.9460880999342538}}, "plot_path": "./Predictions/CODING/DESeq2/RFE/Pictures/6.png"}, "7": {"ensembles": "ENSG00000152082, ENSG00000204387, ENSG00000233493, ENSG00000170889, ENSG00000145337, ENSG00000117543, ENSG00000164405", "genes": "MZT2B, C6orf48, TMEM238, RPS9, PYURF, DPH5, UQCRQ", "results": {"0": {"accuracy": 0.8461538461538461, "roc_auc": 0.9434582511505588}, "1": {"accuracy": 0.8461538461538461, "roc_auc": 0.9368836291913214}, "2": {"accuracy": 0.8589743589743589, "roc_auc": 0.9434582511505588}, "3": {"accuracy": 0.8589743589743589, "roc_auc": 0.942800788954635}, "4": {"accuracy": 0.8589743589743589, "roc_auc": 0.942800788954635}}, "plot_path": "./Predictions/CODING/DESeq2/RFE/Pictures/7.png"}, "8": {"ensembles": "ENSG00000179085, ENSG00000111678, ENSG00000204387, ENSG00000233493, ENSG00000170889, ENSG00000172428, ENSG00000145337, ENSG00000117543", "genes": "DPM3, C12orf57, C6orf48, TMEM238, RPS9, COPS9, PYURF, DPH5", "results": {"0": {"accuracy": 0.8461538461538461, "roc_auc": 0.9428007889546351}, "1": {"accuracy": 0.8589743589743589, "roc_auc": 0.9447731755424063}, "2": {"accuracy": 0.8461538461538461, "roc_auc": 0.9493754109138725}, "3": {"accuracy": 0.8589743589743589, "roc_auc": 0.9421433267587114}, "4": {"accuracy": 0.8589743589743589, "roc_auc": 0.9467455621301775}}, "plot_path": "./Predictions/CODING/DESeq2/RFE/Pictures/8.png"}, "9": {"ensembles": "ENSG00000179085, ENSG00000111678, ENSG00000204387, ENSG00000233493, ENSG00000141933, ENSG00000170889, ENSG00000172428, ENSG00000145337, ENSG00000117543", "genes": "DPM3, C12orf57, C6orf48, TMEM238, TPGS1, RPS9, COPS9, PYURF, DPH5", "results": {"0": {"accuracy": 0.8333333333333334, "roc_auc": 0.9421433267587114}, "1": {"accuracy": 0.8589743589743589, "roc_auc": 0.9395134779750165}, "2": {"accuracy": 0.8461538461538461, "roc_auc": 0.9368836291913216}, "3": {"accuracy": 0.8589743589743589, "roc_auc": 0.938198553583169}, "4": {"accuracy": 0.8461538461538461, "roc_auc": 0.9414858645627877}}, "plot_path": "./Predictions/CODING/DESeq2/RFE/Pictures/9.png"}, "10": {"ensembles": "ENSG00000179085, ENSG00000111678, ENSG00000204387, ENSG00000233493, ENSG00000167700, ENSG00000170889, ENSG00000172428, ENSG00000145337, ENSG00000117543, ENSG00000164405", "genes": "DPM3, C12orf57, C6orf48, TMEM238, MFSD3, RPS9, COPS9, PYURF, DPH5, UQCRQ", "results": {"0": {"accuracy": 0.8461538461538461, "roc_auc": 0.9434582511505588}, "1": {"accuracy": 0.8461538461538461, "roc_auc": 0.9454306377383301}, "2": {"accuracy": 0.8461538461538461, "roc_auc": 0.9349112426035503}, "3": {"accuracy": 0.8461538461538461, "roc_auc": 0.9414858645627876}, "4": {"accuracy": 0.8589743589743589, "roc_auc": 0.938198553583169}}, "plot_path": "./Predictions/CODING/DESeq2/RFE/Pictures/10.png"}, "11": {"ensembles": "ENSG00000179085, ENSG00000204387, ENSG00000233493, ENSG00000141933, ENSG00000212123, ENSG00000170889, ENSG00000172428, ENSG00000145337, ENSG00000117543, ENSG00000164405, ENSG00000232112", "genes": "DPM3, C6orf48, TMEM238, TPGS1, PRR22, RPS9, COPS9, PYURF, DPH5, UQCRQ, TMA7", "results": {"0": {"accuracy": 0.8461538461538461, "roc_auc": 0.9408284023668639}, "1": {"accuracy": 0.8461538461538461, "roc_auc": 0.9401709401709402}, "2": {"accuracy": 0.8589743589743589, "roc_auc": 0.9474030243261012}, "3": {"accuracy": 0.8461538461538461, "roc_auc": 0.9434582511505588}, "4": {"accuracy": 0.8461538461538461, "roc_auc": 0.9408284023668639}}, "plot_path": "./Predictions/CODING/DESeq2/RFE/Pictures/11.png"}, "12": {"ensembles": "ENSG00000179085, ENSG00000111678, ENSG00000152082, ENSG00000204387, ENSG00000233493, ENSG00000141933, ENSG00000170889, ENSG00000172428, ENSG00000145337, ENSG00000114942, ENSG00000117543, ENSG00000164405", "genes": "DPM3, C12orf57, MZT2B, C6orf48, TMEM238, TPGS1, RPS9, COPS9, PYURF, EEF1B2, DPH5, UQCRQ", "results": {"0": {"accuracy": 0.8461538461538461, "roc_auc": 0.9401709401709402}, "1": {"accuracy": 0.8461538461538461, "roc_auc": 0.9375410913872452}, "2": {"accuracy": 0.8461538461538461, "roc_auc": 0.9414858645627876}, "3": {"accuracy": 0.8205128205128205, "roc_auc": 0.9395134779750164}, "4": {"accuracy": 0.8589743589743589, "roc_auc": 0.9388560157790926}}, "plot_path": "./Predictions/CODING/DESeq2/RFE/Pictures/12.png"}, "13": {"ensembles": "ENSG00000179085, ENSG00000111678, ENSG00000204387, ENSG00000233493, ENSG00000155428, ENSG00000212123, ENSG00000188290, ENSG00000170889, ENSG00000145337, ENSG00000196683, ENSG00000117543, ENSG00000164405, ENSG00000232112", "genes": "DPM3, C12orf57, C6orf48, TMEM238, TRIM74, PRR22, HES4, RPS9, PYURF, TOMM7, DPH5, UQCRQ, TMA7", "results": {"0": {"accuracy": 0.8461538461538461, "roc_auc": 0.9414858645627876}, "1": {"accuracy": 0.8461538461538461, "roc_auc": 0.942800788954635}, "2": {"accuracy": 0.8589743589743589, "roc_auc": 0.9506903353057199}, "3": {"accuracy": 0.8589743589743589, "roc_auc": 0.9480604865220249}, "4": {"accuracy": 0.8461538461538461, "roc_auc": 0.9395134779750164}}, "plot_path": "./Predictions/CODING/DESeq2/RFE/Pictures/13.png"}, "14": {"ensembles": "ENSG00000179085, ENSG00000111678, ENSG00000204387, ENSG00000233493, ENSG00000141933, ENSG00000155428, ENSG00000188290, ENSG00000170889, ENSG00000145337, ENSG00000196683, ENSG00000136942, ENSG00000117543, ENSG00000164405, ENSG00000232112", "genes": "DPM3, C12orf57, C6orf48, TMEM238, TPGS1, TRIM74, HES4, RPS9, PYURF, TOMM7, RPL35, DPH5, UQCRQ, TMA7", "results": {"0": {"accuracy": 0.8589743589743589, "roc_auc": 0.9349112426035503}, "1": {"accuracy": 0.8461538461538461, "roc_auc": 0.9428007889546351}, "2": {"accuracy": 0.8589743589743589, "roc_auc": 0.9375410913872452}, "3": {"accuracy": 0.8461538461538461, "roc_auc": 0.9441157133464826}, "4": {"accuracy": 0.8589743589743589, "roc_auc": 0.9372123602892833}}, "plot_path": "./Predictions/CODING/DESeq2/RFE/Pictures/14.png"},