{"3": {"ensembles": "ENSG00000204387, ENSG00000203875, ENSG00000145337", "genes": "C6orf48, SNHG5, PYURF", "results": {"0": {"accuracy": 0.8974358974358975, "roc_auc": 0.9585798816568047}, "1": {"accuracy": 0.8846153846153846, "roc_auc": 0.9566074950690335}, "2": {"accuracy": 0.8974358974358975, "roc_auc": 0.9585798816568047}, "3": {"accuracy": 0.8974358974358975, "roc_auc": 0.9598948060486522}, "4": {"accuracy": 0.8846153846153846, "roc_auc": 0.9585798816568047}}, "plot_path": "./Predictions/CODING/DESeq2/RFE/Pictures/3.png"}, "4": {"ensembles": "ENSG00000179085, ENSG00000204387, ENSG00000203875, ENSG00000145337", "genes": "DPM3, C6orf48, SNHG5, PYURF", "results": {"0": {"accuracy": 0.8846153846153846, "roc_auc": 0.9539776462853387}, "1": {"accuracy": 0.8846153846153846, "roc_auc": 0.9552925706771861}, "2": {"accuracy": 0.8974358974358975, "roc_auc": 0.9566074950690335}, "3": {"accuracy": 0.8846153846153846, "roc_auc": 0.9539776462853385}, "4": {"accuracy": 0.8846153846153846, "roc_auc": 0.9546351084812623}}, "plot_path": "./Predictions/CODING/DESeq2/RFE/Pictures/4.png"}, "5": {"ensembles": "ENSG00000204387, ENSG00000203875, ENSG00000170889, ENSG00000145337, ENSG00000117543", "genes": "C6orf48, SNHG5, RPS9, PYURF, DPH5", "results": {"0": {"accuracy": 0.8974358974358975, "roc_auc": 0.9546351084812623}, "1": {"accuracy": 0.8717948717948718, "roc_auc": 0.9500328731097962}, "2": {"accuracy": 0.8846153846153846, "roc_auc": 0.9539776462853387}, "3": {"accuracy": 0.8846153846153846, "roc_auc": 0.9506903353057199}, "4": {"accuracy": 0.8846153846153846, "roc_auc": 0.9506903353057199}}, "plot_path": "./Predictions/CODING/DESeq2/RFE/Pictures/5.png"}, "6": {"ensembles": "ENSG00000204387, ENSG00000233493, ENSG00000141933, ENSG00000203875, ENSG00000170889, ENSG00000145337", "genes": "C6orf48, TMEM238, TPGS1, SNHG5, RPS9, PYURF", "results": {"0": {"accuracy": 0.8589743589743589, "roc_auc": 0.9572649572649573}, "1": {"accuracy": 0.8589743589743589, "roc_auc": 0.957922419460881}, "2": {"accuracy": 0.8333333333333334, "roc_auc": 0.9572649572649572}, "3": {"accuracy": 0.8461538461538461, "roc_auc": 0.9592373438527285}, "4": {"accuracy": 0.8461538461538461, "roc_auc": 0.960552268244576}}, "plot_path": "./Predictions/CODING/DESeq2/RFE/Pictures/6.png"}, "7": {"ensembles": "ENSG00000179085, ENSG00000204387, ENSG00000233493, ENSG00000203875, ENSG00000170889, ENSG00000145337, ENSG00000164405", "genes": "DPM3, C6orf48, TMEM238, SNHG5, RPS9, PYURF, UQCRQ", "results": {"0": {"accuracy": 0.8717948717948718, "roc_auc": 0.9585798816568047}, "1": {"accuracy": 0.8717948717948718, "roc_auc": 0.9559500328731098}, "2": {"accuracy": 0.8846153846153846, "roc_auc": 0.9684418145956607}, "3": {"accuracy": 0.8589743589743589, "roc_auc": 0.9566074950690335}, "4": {"accuracy": 0.8589743589743589, "roc_auc": 0.9592373438527285}}, "plot_path": "./Predictions/CODING/DESeq2/RFE/Pictures/7.png"}, "8": {"ensembles": "ENSG00000179085, ENSG00000111678, ENSG00000204387, ENSG00000233493, ENSG00000203875, ENSG00000170889, ENSG00000145337, ENSG00000234741", "genes": "DPM3, C12orf57, C6orf48, TMEM238, SNHG5, RPS9, PYURF, GAS5", "results": {"0": {"accuracy": 0.8717948717948718, "roc_auc": 0.9559500328731099}, "1": {"accuracy": 0.8974358974358975, "roc_auc": 0.9671268902038133}, "2": {"accuracy": 0.8717948717948718, "roc_auc": 0.9638395792241945}, "3": {"accuracy": 0.8589743589743589, "roc_auc": 0.9520052596975673}, "4": {"accuracy": 0.8717948717948718, "roc_auc": 0.9559500328731098}}, "plot_path": "./Predictions/CODING/DESeq2/RFE/Pictures/8.png"}, "9": {"ensembles": "ENSG00000179085, ENSG00000204387, ENSG00000233493, ENSG00000203875, ENSG00000170889, ENSG00000172428, ENSG00000145337, ENSG00000117543, ENSG00000234741", "genes": "DPM3, C6orf48, TMEM238, SNHG5, RPS9, COPS9, PYURF, DPH5, GAS5", "results": {"0": {"accuracy": 0.8461538461538461, "roc_auc": 0.9552925706771861}, "1": {"accuracy": 0.8589743589743589, "roc_auc": 0.9539776462853385}, "2": {"accuracy": 0.8846153846153846, "roc_auc": 0.9592373438527285}, "3": {"accuracy": 0.8717948717948718, "roc_auc": 0.9552925706771861}, "4": {"accuracy": 0.8717948717948718, "roc_auc": 0.9618671926364234}}, "plot_path": "./Predictions/CODING/DESeq2/RFE/Pictures/9.png"}, "10": {"ensembles": "ENSG00000179085, ENSG00000111678, ENSG00000152082, ENSG00000204387, ENSG00000233493, ENSG00000203875, ENSG00000170889, ENSG00000145337, ENSG00000117543, ENSG00000234741", "genes": "DPM3, C12orf57, MZT2B, C6orf48, TMEM238, SNHG5, RPS9, PYURF, DPH5, GAS5", "results": {"0": {"accuracy": 0.8333333333333334, "roc_auc": 0.9552925706771861}, "1": {"accuracy": 0.8717948717948718, "roc_auc": 0.9572649572649572}, "2": {"accuracy": 0.8589743589743589, "roc_auc": 0.9566074950690335}, "3": {"accuracy": 0.8461538461538461, "roc_auc": 0.9533201840894149}, "4": {"accuracy": 0.8589743589743589, "roc_auc": 0.9520052596975673}}, "plot_path": "./Predictions/CODING/DESeq2/RFE/Pictures/10.png"}, "11": {"ensembles": "ENSG00000179085, ENSG00000204387, ENSG00000233493, ENSG00000141933, ENSG00000203875, ENSG00000188290, ENSG00000170889, ENSG00000145337, ENSG00000117543, ENSG00000164405, ENSG00000234741", "genes": "DPM3, C6orf48, TMEM238, TPGS1, SNHG5, HES4, RPS9, PYURF, DPH5, UQCRQ, GAS5", "results": {"0": {"accuracy": 0.8846153846153846, "roc_auc": 0.9585798816568047}, "1": {"accuracy": 0.8846153846153846, "roc_auc": 0.955292570677186}, "2": {"accuracy": 0.8589743589743589, "roc_auc": 0.9539776462853385}, "3": {"accuracy": 0.8717948717948718, "roc_auc": 0.9572649572649572}, "4": {"accuracy": 0.8846153846153846, "roc_auc": 0.9559500328731099}}, "plot_path": "./Predictions/CODING/DESeq2/RFE/Pictures/11.png"}, "12": {"ensembles": "ENSG00000179085, ENSG00000111678, ENSG00000204387, ENSG00000233493, ENSG00000141933, ENSG00000203875, ENSG00000188290, ENSG00000172428, ENSG00000145337, ENSG00000114942, ENSG00000117543, ENSG00000234741", "genes": "DPM3, C12orf57, C6orf48, TMEM238, TPGS1, SNHG5, HES4, COPS9, PYURF, EEF1B2, DPH5, GAS5", "results": {"0": {"accuracy": 0.8461538461538461, "roc_auc": 0.9559500328731099}, "1": {"accuracy": 0.8846153846153846, "roc_auc": 0.9592373438527285}, "2": {"accuracy": 0.8846153846153846, "roc_auc": 0.9539776462853385}, "3": {"accuracy": 0.8717948717948718, "roc_auc": 0.9625246548323472}, "4": {"accuracy": 0.8717948717948718, "roc_auc": 0.957922419460881}}, "plot_path": "./Predictions/CODING/DESeq2/RFE/Pictures/12.png"}, "13": {"ensembles": "ENSG00000179085, ENSG00000111678, ENSG00000204387, ENSG00000233493, ENSG00000141933, ENSG00000203875, ENSG00000155428, ENSG00000258429, ENSG00000170889, ENSG00000172428, ENSG00000145337, ENSG00000117543, ENSG00000234741", "genes": "DPM3, C12orf57, C6orf48, TMEM238, TPGS1, SNHG5, TRIM74, PDF, RPS9, COPS9, PYURF, DPH5, GAS5", "results": {"0": {"accuracy": 0.8589743589743589, "roc_auc": 0.9592373438527285}, "1": {"accuracy": 0.8717948717948718, "roc_auc": 0.9559500328731098}, "2": {"accuracy": 0.8461538461538461, "roc_auc": 0.9520052596975673}, "3": {"accuracy": 0.8461538461538461, "roc_auc": 0.9585798816568046}, "4": {"accuracy": 0.8589743589743589, "roc_auc": 0.9546351084812622}}, "plot_path": "./Predictions/CODING/DESeq2/RFE/Pictures/13.png"}, "14": {"ensembles": "ENSG00000179085, ENSG00000152082, ENSG00000204387, ENSG00000233493, ENSG00000141933, ENSG00000203875, ENSG00000212123, ENSG00000188290, ENSG00000170889, ENSG00000172428, ENSG00000145337, ENSG00000136942, ENSG00000164405, ENSG00000234741", "genes": "DPM3, MZT2B, C6orf48, TMEM238, TPGS1, SNHG5, PRR22, HES4, RPS9, COPS9, PYURF, RPL35, UQCRQ, GAS5", "results": {"0": {"accuracy": 0.8461538461538461, "roc_auc": 0.9598948060486523}, "1": {"accuracy": 0.8589743589743589, "roc_auc": 0.9546351084812623}, "2": {"accuracy": 0.8589743589743589, "roc_auc": 0.9572649572649573}, "3": {"accuracy": 0.8333333333333334, "roc_auc": 0.9585798816568047}, "4": {"accuracy": 0.8461538461538461, "roc_auc": 0.957922419460881}}, "plot_path": "./Predictions/CODING/DESeq2/RFE/Pictures/14.png"},