{"3": {"ensembles": "ENSG00000170889, ENSG00000145425, ENSG00000133112", "genes": "RPS9, RPS3A, TPT1", "results": {"0": {"accuracy": 0.8205128205128205, "roc_auc": 0.9079552925706771}, "1": {"accuracy": 0.782051282051282, "roc_auc": 0.9066403681788296}, "2": {"accuracy": 0.7948717948717948, "roc_auc": 0.9040105193951348}, "3": {"accuracy": 0.8076923076923077, "roc_auc": 0.9040105193951348}, "4": {"accuracy": 0.782051282051282, "roc_auc": 0.9007232084155161}}, "plot_path": "./Predictions/All_GENES/All/chi2/Pictures/3.png"}, "4": {"ensembles": "ENSG00000170889, ENSG00000145425, ENSG00000229117, ENSG00000133112", "genes": "RPS9, RPS3A, RPL41, TPT1", "results": {"0": {"accuracy": 0.782051282051282, "roc_auc": 0.9053254437869822}, "1": {"accuracy": 0.7948717948717948, "roc_auc": 0.9102564102564102}, "2": {"accuracy": 0.782051282051282, "roc_auc": 0.9092702169625246}, "3": {"accuracy": 0.782051282051282, "roc_auc": 0.9119000657462196}, "4": {"accuracy": 0.7948717948717948, "roc_auc": 0.9105851413543721}}, "plot_path": "./Predictions/All_GENES/All/chi2/Pictures/4.png"}, "5": {"ensembles": "ENSG00000170889, ENSG00000145425, ENSG00000147604, ENSG00000229117, ENSG00000133112", "genes": "RPS9, RPS3A, RPL7, RPL41, TPT1", "results": {"0": {"accuracy": 0.7948717948717948, "roc_auc": 0.8974358974358975}, "1": {"accuracy": 0.7948717948717948, "roc_auc": 0.8994082840236686}, "2": {"accuracy": 0.782051282051282, "roc_auc": 0.9072978303747535}, "3": {"accuracy": 0.7948717948717948, "roc_auc": 0.8980933596318212}, "4": {"accuracy": 0.7948717948717948, "roc_auc": 0.8984220907297831}}, "plot_path": "./Predictions/All_GENES/All/chi2/Pictures/5.png"}, "6": {"ensembles": "ENSG00000170889, ENSG00000145425, ENSG00000147604, ENSG00000229117, ENSG00000133112, ENSG00000143947", "genes": "RPS9, RPS3A, RPL7, RPL41, TPT1, RPS27A", "results": {"0": {"accuracy": 0.7692307692307693, "roc_auc": 0.888888888888889}, "1": {"accuracy": 0.782051282051282, "roc_auc": 0.8941485864562787}, "2": {"accuracy": 0.7692307692307693, "roc_auc": 0.9007232084155161}, "3": {"accuracy": 0.7692307692307693, "roc_auc": 0.9013806706114398}, "4": {"accuracy": 0.7692307692307693, "roc_auc": 0.8974358974358974}}, "plot_path": "./Predictions/All_GENES/All/chi2/Pictures/6.png"}, "7": {"ensembles": "ENSG00000170889, ENSG00000145425, ENSG00000147604, ENSG00000131469, ENSG00000229117, ENSG00000133112, ENSG00000143947", "genes": "RPS9, RPS3A, RPL7, RPL27, RPL41, TPT1, RPS27A", "results": {"0": {"accuracy": 0.7692307692307693, "roc_auc": 0.8957922419460882}, "1": {"accuracy": 0.782051282051282, "roc_auc": 0.888888888888889}, "2": {"accuracy": 0.782051282051282, "roc_auc": 0.8882314266929652}, "3": {"accuracy": 0.7692307692307693, "roc_auc": 0.8928336620644313}, "4": {"accuracy": 0.7948717948717948, "roc_auc": 0.8902038132807363}}, "plot_path": "./Predictions/All_GENES/All/chi2/Pictures/7.png"}, "8": {"ensembles": "ENSG00000170889, ENSG00000145425, ENSG00000147604, ENSG00000131469, ENSG00000163682, ENSG00000229117, ENSG00000133112, ENSG00000143947", "genes": "RPS9, RPS3A, RPL7, RPL27, RPL9, RPL41, TPT1, RPS27A", "results": {"0": {"accuracy": 0.7948717948717948, "roc_auc": 0.9125575279421433}, "1": {"accuracy": 0.7948717948717948, "roc_auc": 0.9072978303747534}, "2": {"accuracy": 0.782051282051282, "roc_auc": 0.8987508218277449}, "3": {"accuracy": 0.7948717948717948, "roc_auc": 0.9072978303747534}, "4": {"accuracy": 0.7692307692307693, "roc_auc": 0.8994082840236686}}, "plot_path": "./Predictions/All_GENES/All/chi2/Pictures/8.png"}, "9": {"ensembles": "ENSG00000170889, ENSG00000136942, ENSG00000145425, ENSG00000147604, ENSG00000131469, ENSG00000163682, ENSG00000229117, ENSG00000133112, ENSG00000143947", "genes": "RPS9, RPL35, RPS3A, RPL7, RPL27, RPL9, RPL41, TPT1, RPS27A", "results": {"0": {"accuracy": 0.7692307692307693, "roc_auc": 0.893491124260355}, "1": {"accuracy": 0.7692307692307693, "roc_auc": 0.9026955950032872}, "2": {"accuracy": 0.782051282051282, "roc_auc": 0.8971071663379356}, "3": {"accuracy": 0.782051282051282, "roc_auc": 0.8921761998685075}, "4": {"accuracy": 0.782051282051282, "roc_auc": 0.9049967126890204}}, "plot_path": "./Predictions/All_GENES/All/chi2/Pictures/9.png"}, "10": {"ensembles": "ENSG00000170889, ENSG00000136942, ENSG00000145425, ENSG00000071082, ENSG00000147604, ENSG00000131469, ENSG00000163682, ENSG00000229117, ENSG00000133112, ENSG00000143947", "genes": "RPS9, RPL35, RPS3A, RPL31, RPL7, RPL27, RPL9, RPL41, TPT1, RPS27A", "results": {"0": {"accuracy": 0.782051282051282, "roc_auc": 0.8994082840236686}, "1": {"accuracy": 0.782051282051282, "roc_auc": 0.903353057199211}, "2": {"accuracy": 0.782051282051282, "roc_auc": 0.8971071663379355}, "3": {"accuracy": 0.7692307692307693, "roc_auc": 0.8954635108481261}, "4": {"accuracy": 0.782051282051282, "roc_auc": 0.8994082840236687}}, "plot_path": "./Predictions/All_GENES/All/chi2/Pictures/10.png"}, "11": {"ensembles": "ENSG00000170889, ENSG00000136942, ENSG00000145425, ENSG00000071082, ENSG00000171863, ENSG00000147604, ENSG00000131469, ENSG00000163682, ENSG00000229117, ENSG00000133112, ENSG00000143947", "genes": "RPS9, RPL35, RPS3A, RPL31, RPS7, RPL7, RPL27, RPL9, RPL41, TPT1, RPS27A", "results": {"0": {"accuracy": 0.782051282051282, "roc_auc": 0.9053254437869822}, "1": {"accuracy": 0.7948717948717948, "roc_auc": 0.8928336620644313}, "2": {"accuracy": 0.782051282051282, "roc_auc": 0.905982905982906}, "3": {"accuracy": 0.782051282051282, "roc_auc": 0.8980933596318211}, "4": {"accuracy": 0.782051282051282, "roc_auc": 0.9026955950032873}}, "plot_path": "./Predictions/All_GENES/All/chi2/Pictures/11.png"}, "12": {"ensembles": "ENSG00000170889, ENSG00000136942, ENSG00000145425, ENSG00000071082, ENSG00000171863, ENSG00000125691, ENSG00000147604, ENSG00000131469, ENSG00000163682, ENSG00000229117, ENSG00000133112, ENSG00000143947", "genes": "RPS9, RPL35, RPS3A, RPL31, RPS7, RPL23, RPL7, RPL27, RPL9, RPL41, TPT1, RPS27A", "results": {"0": {"accuracy": 0.782051282051282, "roc_auc": 0.8967784352399737}, "1": {"accuracy": 0.7948717948717948, "roc_auc": 0.905982905982906}, "2": {"accuracy": 0.782051282051282, "roc_auc": 0.8948060486522025}, "3": {"accuracy": 0.7948717948717948, "roc_auc": 0.8915187376725838}, "4": {"accuracy": 0.8076923076923077, "roc_auc": 0.9007232084155161}}, "plot_path": "./Predictions/All_GENES/All/chi2/Pictures/12.png"}, "13": {"ensembles": "ENSG00000170889, ENSG00000136942, ENSG00000145425, ENSG00000071082, ENSG00000171863, ENSG00000125691, ENSG00000147604, ENSG00000131469, ENSG00000163682, ENSG00000229117, ENSG00000213741, ENSG00000133112, ENSG00000143947", "genes": "RPS9, RPL35, RPS3A, RPL31, RPS7, RPL23, RPL7, RPL27, RPL9, RPL41, RPS29, TPT1, RPS27A", "results": {"0": {"accuracy": 0.7948717948717948, "roc_auc": 0.89086127547666}, "1": {"accuracy": 0.7692307692307693, "roc_auc": 0.9013806706114398}, "2": {"accuracy": 0.782051282051282, "roc_auc": 0.8961209730440499}, "3": {"accuracy": 0.7948717948717948, "roc_auc": 0.89086127547666}, "4": {"accuracy": 0.782051282051282, "roc_auc": 0.8928336620644313}}, "plot_path": "./Predictions/All_GENES/All/chi2/Pictures/13.png"}, "14": {"ensembles": "ENSG00000171858, ENSG00000170889, ENSG00000136942, ENSG00000145425, ENSG00000071082, ENSG00000171863, ENSG00000125691, ENSG00000147604, ENSG00000131469, ENSG00000163682, ENSG00000229117, ENSG00000213741, ENSG00000133112, ENSG00000143947", "genes": "RPS21, RPS9, RPL35, RPS3A, RPL31, RPS7, RPL23, RPL7, RPL27, RPL9, RPL41, RPS29, TPT1, RPS27A", "results": {"0": {"accuracy": 0.7948717948717948, "roc_auc": 0.8980933596318212}, "1": {"accuracy": 0.782051282051282, "roc_auc": 0.9007232084155161}, "2": {"accuracy": 0.7692307692307693, "roc_auc": 0.8954635108481261}, "3": {"accuracy": 0.7948717948717948, "roc_auc": 0.8928336620644313}, "4": {"accuracy": 0.7948717948717948, "roc_auc": 0.8869165023011177}}, "plot_path": "./Predictions/All_GENES/All/chi2/Pictures/14.png"},