{"3": {"ensembles": "ENSG00000269893, ENSG00000204387, ENSG00000170889", "genes": "SNHG8, C6orf48, RPS9", "results": {"0": {"accuracy": 0.8461538461538461, "roc_auc": 0.9467455621301776}, "1": {"accuracy": 0.8589743589743589, "roc_auc": 0.9487179487179487}, "2": {"accuracy": 0.8589743589743589, "roc_auc": 0.9493754109138725}, "3": {"accuracy": 0.8589743589743589, "roc_auc": 0.948060486522025}, "4": {"accuracy": 0.8589743589743589, "roc_auc": 0.9487179487179487}}, "plot_path": "./Predictions/Subset_AUC_96/Pictures/3.png"}, "4": {"ensembles": "ENSG00000203875, ENSG00000204387, ENSG00000145337, ENSG00000170889", "genes": "SNHG5, C6orf48, PYURF, RPS9", "results": {"0": {"accuracy": 0.8717948717948718, "roc_auc": 0.9539776462853387}, "1": {"accuracy": 0.8717948717948718, "roc_auc": 0.9513477975016437}, "2": {"accuracy": 0.8974358974358975, "roc_auc": 0.9539776462853385}, "3": {"accuracy": 0.8589743589743589, "roc_auc": 0.9500328731097961}, "4": {"accuracy": 0.8846153846153846, "roc_auc": 0.9493754109138725}}, "plot_path": "./Predictions/Subset_AUC_96/Pictures/4.png"}, "5": {"ensembles": "ENSG00000203875, ENSG00000269893, ENSG00000215908, ENSG00000204387, ENSG00000145337", "genes": "SNHG5, SNHG8, CROCCP2, C6orf48, PYURF", "results": {"0": {"accuracy": 0.8717948717948718, "roc_auc": 0.9526627218934912}, "1": {"accuracy": 0.8717948717948718, "roc_auc": 0.9559500328731098}, "2": {"accuracy": 0.8717948717948718, "roc_auc": 0.9526627218934912}, "3": {"accuracy": 0.8589743589743589, "roc_auc": 0.952662721893491}, "4": {"accuracy": 0.8717948717948718, "roc_auc": 0.9552925706771862}}, "plot_path": "./Predictions/Subset_AUC_96/Pictures/5.png"}, "6": {"ensembles": "ENSG00000203875, ENSG00000269893, ENSG00000215908, ENSG00000204387, ENSG00000274012, ENSG00000145337", "genes": "SNHG5, SNHG8, CROCCP2, C6orf48, RN7SL2, PYURF", "results": {"0": {"accuracy": 0.8717948717948718, "roc_auc": 0.9690992767915845}, "1": {"accuracy": 0.8846153846153846, "roc_auc": 0.9671268902038134}, "2": {"accuracy": 0.9102564102564102, "roc_auc": 0.9690992767915845}, "3": {"accuracy": 0.8717948717948718, "roc_auc": 0.9671268902038133}, "4": {"accuracy": 0.8846153846153846, "roc_auc": 0.9644970414201184}}, "plot_path": "./Predictions/Subset_AUC_96/Pictures/6.png"}, "7": {"ensembles": "ENSG00000203875, ENSG00000269893, ENSG00000215908, ENSG00000204387, ENSG00000233493, ENSG00000274012, ENSG00000145337", "genes": "SNHG5, SNHG8, CROCCP2, C6orf48, TMEM238, RN7SL2, PYURF", "results": {"0": {"accuracy": 0.8846153846153846, "roc_auc": 0.9743589743589743}, "1": {"accuracy": 0.8974358974358975, "roc_auc": 0.9704142011834319}, "2": {"accuracy": 0.9102564102564102, "roc_auc": 0.9710716633793557}, "3": {"accuracy": 0.8974358974358975, "roc_auc": 0.9769888231426693}, "4": {"accuracy": 0.8846153846153846, "roc_auc": 0.9704142011834319}}, "plot_path": "./Predictions/Subset_AUC_96/Pictures/7.png"}, "8": {"ensembles": "ENSG00000203875, ENSG00000269893, ENSG00000236552, ENSG00000215908, ENSG00000204387, ENSG00000274012, ENSG00000145337, ENSG00000179085", "genes": "SNHG5, SNHG8, RPL13AP5, CROCCP2, C6orf48, RN7SL2, PYURF, DPM3", "results": {"0": {"accuracy": 0.8717948717948718, "roc_auc": 0.9631821170282708}, "1": {"accuracy": 0.8717948717948718, "roc_auc": 0.9612097304404997}, "2": {"accuracy": 0.8717948717948718, "roc_auc": 0.9638395792241947}, "3": {"accuracy": 0.8974358974358975, "roc_auc": 0.9658119658119658}, "4": {"accuracy": 0.8717948717948718, "roc_auc": 0.9644970414201184}}, "plot_path": "./Predictions/Subset_AUC_96/Pictures/8.png"}, "9": {"ensembles": "ENSG00000203875, ENSG00000269893, ENSG00000215908, ENSG00000204387, ENSG00000233493, ENSG00000274012, ENSG00000141933, ENSG00000145337, ENSG00000170889", "genes": "SNHG5, SNHG8, CROCCP2, C6orf48, TMEM238, RN7SL2, TPGS1, PYURF, RPS9", "results": {"0": {"accuracy": 0.8846153846153846, "roc_auc": 0.9585798816568047}, "1": {"accuracy": 0.8846153846153846, "roc_auc": 0.9658119658119658}, "2": {"accuracy": 0.8717948717948718, "roc_auc": 0.9618671926364234}, "3": {"accuracy": 0.8846153846153846, "roc_auc": 0.9664694280078895}, "4": {"accuracy": 0.8846153846153846, "roc_auc": 0.9625246548323471}}, "plot_path": "./Predictions/Subset_AUC_96/Pictures/9.png"}, "10": {"ensembles": "ENSG00000203875, ENSG00000269893, ENSG00000236552, ENSG00000215908, ENSG00000204387, ENSG00000233493, ENSG00000274012, ENSG00000234741, ENSG00000145337, ENSG00000170889", "genes": "SNHG5, SNHG8, RPL13AP5, CROCCP2, C6orf48, TMEM238, RN7SL2, GAS5, PYURF, RPS9", "results": {"0": {"accuracy": 0.8717948717948718, "roc_auc": 0.9618671926364235}, "1": {"accuracy": 0.8717948717948718, "roc_auc": 0.9690992767915845}, "2": {"accuracy": 0.8717948717948718, "roc_auc": 0.9638395792241945}, "3": {"accuracy": 0.8717948717948718, "roc_auc": 0.9618671926364235}, "4": {"accuracy": 0.8846153846153846, "roc_auc": 0.9625246548323472}}, "plot_path": "./Predictions/Subset_AUC_96/Pictures/10.png"}, "11": {"ensembles": "ENSG00000203875, ENSG00000269893, ENSG00000215908, ENSG00000204387, ENSG00000233493, ENSG00000274012, ENSG00000234741, ENSG00000226287, ENSG00000258920, ENSG00000145337, ENSG00000170889", "genes": "SNHG5, SNHG8, CROCCP2, C6orf48, TMEM238, RN7SL2, GAS5, TMEM191A, FOXN3-AS1, PYURF, RPS9", "results": {"0": {"accuracy": 0.8717948717948718, "roc_auc": 0.965154503616042}, "1": {"accuracy": 0.8846153846153846, "roc_auc": 0.967784352399737}, "2": {"accuracy": 0.8717948717948718, "roc_auc": 0.967784352399737}, "3": {"accuracy": 0.8717948717948718, "roc_auc": 0.9684418145956607}, "4": {"accuracy": 0.8717948717948718, "roc_auc": 0.9684418145956608}}, "plot_path": "./Predictions/Subset_AUC_96/Pictures/11.png"}, "12": {"ensembles": "ENSG00000203875, ENSG00000269893, ENSG00000236552, ENSG00000215908, ENSG00000204387, ENSG00000233493, ENSG00000226287, ENSG00000255559, ENSG00000145337, ENSG00000215414, ENSG00000170889, ENSG00000179085", "genes": "SNHG5, SNHG8, RPL13AP5, CROCCP2, C6orf48, TMEM238, TMEM191A, ZNF252P-AS1, PYURF, PSMA6P1, RPS9, DPM3", "results": {"0": {"accuracy": 0.8589743589743589, "roc_auc": 0.9592373438527285}, "1": {"accuracy": 0.8717948717948718, "roc_auc": 0.960552268244576}, "2": {"accuracy": 0.8717948717948718, "roc_auc": 0.9625246548323471}, "3": {"accuracy": 0.8589743589743589, "roc_auc": 0.9612097304404996}, "4": {"accuracy": 0.8717948717948718, "roc_auc": 0.9566074950690336}}, "plot_path": "./Predictions/Subset_AUC_96/Pictures/12.png"}, "13": {"ensembles": "ENSG00000203875, ENSG00000269893, ENSG00000215908, ENSG00000204387, ENSG00000233493, ENSG00000274012, ENSG00000234741, ENSG00000226287, ENSG00000255559, ENSG00000258920, ENSG00000141933, ENSG00000145337, ENSG00000170889", "genes": "SNHG5, SNHG8, CROCCP2, C6orf48, TMEM238, RN7SL2, GAS5, TMEM191A, ZNF252P-AS1, FOXN3-AS1, TPGS1, PYURF, RPS9", "results": {"0": {"accuracy": 0.8717948717948718, "roc_auc": 0.9697567389875081}, "1": {"accuracy": 0.8717948717948718, "roc_auc": 0.9651545036160422}, "2": {"accuracy": 0.8846153846153846, "roc_auc": 0.9710716633793557}, "3": {"accuracy": 0.8717948717948718, "roc_auc": 0.9710716633793557}, "4": {"accuracy": 0.8974358974358975, "roc_auc": 0.9710716633793557}}, "plot_path": "./Predictions/Subset_AUC_96/Pictures/13.png"}, "14": {"ensembles": "ENSG00000203875, ENSG00000269893, ENSG00000236552, ENSG00000278771, ENSG00000215908, ENSG00000272906, ENSG00000204387, ENSG00000233493, ENSG00000274012, ENSG00000234741, ENSG00000141933, ENSG00000145337, ENSG00000170889, ENSG00000179085", "genes": "SNHG5, SNHG8, RPL13AP5, Metazoa_SRP, CROCCP2, RP11-533E19.7, C6orf48, TMEM238, RN7SL2, GAS5, TPGS1, PYURF, RPS9, DPM3", "results": {"0": {"accuracy": 0.8846153846153846, "roc_auc": 0.9625246548323471}, "1": {"accuracy": 0.8717948717948718, "roc_auc": 0.960552268244576}, "2": {"accuracy": 0.8717948717948718, "roc_auc": 0.9664694280078895}, "3": {"accuracy": 0.8846153846153846, "roc_auc": 0.960552268244576}, "4": {"accuracy": 0.8846153846153846, "roc_auc": 0.9671268902038133}},