{"3": {"ensembles": "ENSG00000203875, ENSG00000269893, ENSG00000215908", "genes": "SNHG5, SNHG8, CROCCP2", "results": {"0": {"accuracy": 0.8846153846153846, "roc_auc": 0.9546351084812623}, "1": {"accuracy": 0.8846153846153846, "roc_auc": 0.9533201840894148}, "2": {"accuracy": 0.8589743589743589, "roc_auc": 0.9460880999342538}, "3": {"accuracy": 0.8589743589743589, "roc_auc": 0.9520052596975673}, "4": {"accuracy": 0.8846153846153846, "roc_auc": 0.9559500328731099}}, "plot_path": "./Predictions/NON_CODING/All/RFE/Pictures/3.png"}, "4": {"ensembles": "ENSG00000203875, ENSG00000269893, ENSG00000215908, ENSG00000274012", "genes": "SNHG5, SNHG8, CROCCP2, RN7SL2", "results": {"0": {"accuracy": 0.8846153846153846, "roc_auc": 0.9697567389875081}, "1": {"accuracy": 0.9102564102564102, "roc_auc": 0.9658119658119657}, "2": {"accuracy": 0.8974358974358975, "roc_auc": 0.9671268902038133}, "3": {"accuracy": 0.8846153846153846, "roc_auc": 0.967784352399737}, "4": {"accuracy": 0.8974358974358975, "roc_auc": 0.965154503616042}}, "plot_path": "./Predictions/NON_CODING/All/RFE/Pictures/4.png"}, "5": {"ensembles": "ENSG00000236552, ENSG00000203875, ENSG00000269893, ENSG00000215908, ENSG00000226287", "genes": "RPL13AP5, SNHG5, SNHG8, CROCCP2, TMEM191A", "results": {"0": {"accuracy": 0.8717948717948718, "roc_auc": 0.9381985535831691}, "1": {"accuracy": 0.8717948717948718, "roc_auc": 0.9335963182117029}, "2": {"accuracy": 0.8589743589743589, "roc_auc": 0.9339250493096648}, "3": {"accuracy": 0.8717948717948718, "roc_auc": 0.9342537804076266}, "4": {"accuracy": 0.8717948717948718, "roc_auc": 0.9299802761341223}}, "plot_path": "./Predictions/NON_CODING/All/RFE/Pictures/5.png"}, "6": {"ensembles": "ENSG00000236552, ENSG00000203875, ENSG00000269893, ENSG00000215908, ENSG00000226287, ENSG00000274012", "genes": "RPL13AP5, SNHG5, SNHG8, CROCCP2, TMEM191A, RN7SL2", "results": {"0": {"accuracy": 0.8717948717948718, "roc_auc": 0.9566074950690335}, "1": {"accuracy": 0.8846153846153846, "roc_auc": 0.9572649572649573}, "2": {"accuracy": 0.8846153846153846, "roc_auc": 0.9566074950690335}, "3": {"accuracy": 0.8974358974358975, "roc_auc": 0.9585798816568047}, "4": {"accuracy": 0.8846153846153846, "roc_auc": 0.9539776462853387}}, "plot_path": "./Predictions/NON_CODING/All/RFE/Pictures/6.png"}, "7": {"ensembles": "ENSG00000236552, ENSG00000203875, ENSG00000269893, ENSG00000215908, ENSG00000234741, ENSG00000226287, ENSG00000274012", "genes": "RPL13AP5, SNHG5, SNHG8, CROCCP2, GAS5, TMEM191A, RN7SL2", "results": {"0": {"accuracy": 0.9102564102564102, "roc_auc": 0.9592373438527285}, "1": {"accuracy": 0.8846153846153846, "roc_auc": 0.9546351084812623}, "2": {"accuracy": 0.8974358974358975, "roc_auc": 0.9598948060486523}, "3": {"accuracy": 0.8846153846153846, "roc_auc": 0.9585798816568047}, "4": {"accuracy": 0.8974358974358975, "roc_auc": 0.960552268244576}}, "plot_path": "./Predictions/NON_CODING/All/RFE/Pictures/7.png"}, "8": {"ensembles": "ENSG00000236552, ENSG00000203875, ENSG00000269893, ENSG00000215908, ENSG00000234741, ENSG00000226287, ENSG00000274012, ENSG00000255559", "genes": "RPL13AP5, SNHG5, SNHG8, CROCCP2, GAS5, TMEM191A, RN7SL2, ZNF252P-AS1", "results": {"0": {"accuracy": 0.8974358974358975, "roc_auc": 0.9631821170282708}, "1": {"accuracy": 0.8974358974358975, "roc_auc": 0.9638395792241946}, "2": {"accuracy": 0.8974358974358975, "roc_auc": 0.960552268244576}, "3": {"accuracy": 0.9102564102564102, "roc_auc": 0.9697567389875081}, "4": {"accuracy": 0.9102564102564102, "roc_auc": 0.965154503616042}}, "plot_path": "./Predictions/NON_CODING/All/RFE/Pictures/8.png"}, "9": {"ensembles": "ENSG00000272906, ENSG00000203875, ENSG00000269893, ENSG00000215908, ENSG00000234741, ENSG00000224066, ENSG00000226287, ENSG00000274012, ENSG00000255559", "genes": "RP11-533E19.7, SNHG5, SNHG8, CROCCP2, GAS5, RP4-622L5.7, TMEM191A, RN7SL2, ZNF252P-AS1", "results": {"0": {"accuracy": 0.9102564102564102, "roc_auc": 0.9704142011834319}, "1": {"accuracy": 0.9102564102564102, "roc_auc": 0.9756738987508219}, "2": {"accuracy": 0.9102564102564102, "roc_auc": 0.9717291255752795}, "3": {"accuracy": 0.9230769230769231, "roc_auc": 0.9677843523997369}, "4": {"accuracy": 0.8974358974358975, "roc_auc": 0.9743589743589743}}, "plot_path": "./Predictions/NON_CODING/All/RFE/Pictures/9.png"}, "10": {"ensembles": "ENSG00000236552, ENSG00000203875, ENSG00000269893, ENSG00000278771, ENSG00000215908, ENSG00000234741, ENSG00000226287, ENSG00000274012, ENSG00000255559, ENSG00000258920", "genes": "RPL13AP5, SNHG5, SNHG8, Metazoa_SRP, CROCCP2, GAS5, TMEM191A, RN7SL2, ZNF252P-AS1, FOXN3-AS1", "results": {"0": {"accuracy": 0.9102564102564102, "roc_auc": 0.9625246548323472}, "1": {"accuracy": 0.9102564102564102, "roc_auc": 0.9644970414201183}, "2": {"accuracy": 0.8974358974358975, "roc_auc": 0.9664694280078895}, "3": {"accuracy": 0.8846153846153846, "roc_auc": 0.9625246548323471}, "4": {"accuracy": 0.9102564102564102, "roc_auc": 0.9677843523997369}}, "plot_path": "./Predictions/NON_CODING/All/RFE/Pictures/10.png"}, "11": {"ensembles": "ENSG00000236552, ENSG00000203875, ENSG00000269893, ENSG00000278771, ENSG00000215908, ENSG00000215414, ENSG00000226287, ENSG00000230979, ENSG00000272711, ENSG00000255559, ENSG00000258920", "genes": "RPL13AP5, SNHG5, SNHG8, Metazoa_SRP, CROCCP2, PSMA6P1, TMEM191A, AC079250.1, RP11-259N19.1, ZNF252P-AS1, FOXN3-AS1", "results": {"0": {"accuracy": 0.8846153846153846, "roc_auc": 0.9598948060486522}, "1": {"accuracy": 0.8974358974358975, "roc_auc": 0.9598948060486523}, "2": {"accuracy": 0.8974358974358975, "roc_auc": 0.9612097304404997}, "3": {"accuracy": 0.8974358974358975, "roc_auc": 0.965154503616042}, "4": {"accuracy": 0.8846153846153846, "roc_auc": 0.9658119658119657}}, "plot_path": "./Predictions/NON_CODING/All/RFE/Pictures/11.png"}, "12": {"ensembles": "ENSG00000236552, ENSG00000272906, ENSG00000225864, ENSG00000203875, ENSG00000269893, ENSG00000278771, ENSG00000215908, ENSG00000215414, ENSG00000226287, ENSG00000274012, ENSG00000255559, ENSG00000258920", "genes": "RPL13AP5, RP11-533E19.7, HCG4P11, SNHG5, SNHG8, Metazoa_SRP, CROCCP2, PSMA6P1, TMEM191A, RN7SL2, ZNF252P-AS1, FOXN3-AS1", "results": {"0": {"accuracy": 0.8974358974358975, "roc_auc": 0.9684418145956608}, "1": {"accuracy": 0.9102564102564102, "roc_auc": 0.9684418145956608}, "2": {"accuracy": 0.9102564102564102, "roc_auc": 0.9697567389875082}, "3": {"accuracy": 0.9102564102564102, "roc_auc": 0.9717291255752794}, "4": {"accuracy": 0.9102564102564102, "roc_auc": 0.9704142011834319}}, "plot_path": "./Predictions/NON_CODING/All/RFE/Pictures/12.png"}, "13": {"ensembles": "ENSG00000236552, ENSG00000272906, ENSG00000225864, ENSG00000203875, ENSG00000269893, ENSG00000278771, ENSG00000215908, ENSG00000234741, ENSG00000265735, ENSG00000226287, ENSG00000274012, ENSG00000255559, ENSG00000258920", "genes": "RPL13AP5, RP11-533E19.7, HCG4P11, SNHG5, SNHG8, Metazoa_SRP, CROCCP2, GAS5, RN7SL5P, TMEM191A, RN7SL2, ZNF252P-AS1, FOXN3-AS1", "results": {"0": {"accuracy": 0.9102564102564102, "roc_auc": 0.9737015121630505}, "1": {"accuracy": 0.9102564102564102, "roc_auc": 0.9750164365548981}, "2": {"accuracy": 0.8846153846153846, "roc_auc": 0.9730440499671269}, "3": {"accuracy": 0.9102564102564102, "roc_auc": 0.9644970414201184}, "4": {"accuracy": 0.8974358974358975, "roc_auc": 0.9697567389875082}}, "plot_path": "./Predictions/NON_CODING/All/RFE/Pictures/13.png"}, "14": {"ensembles": "ENSG00000236552, ENSG00000225864, ENSG00000203875, ENSG00000269893, ENSG00000278771, ENSG00000215908, ENSG00000234741, ENSG00000253683, ENSG00000215414, ENSG00000226287, ENSG00000274012, ENSG00000230979, ENSG00000255559, ENSG00000258920", "genes": "RPL13AP5, HCG4P11, SNHG5, SNHG8, Metazoa_SRP, CROCCP2, GAS5, CTB-79E8.3, PSMA6P1, TMEM191A, RN7SL2, AC079250.1, ZNF252P-AS1, FOXN3-AS1", "results": {"0": {"accuracy": 0.8974358974358975, "roc_auc": 0.9644970414201184}, "1": {"accuracy": 0.9102564102564102, "roc_auc": 0.967784352399737}, "2": {"accuracy": 0.9230769230769231,