{"3": {"ensembles": "ENSG00000236552, ENSG00000269893, ENSG00000215908", "genes": "RPL13AP5, SNHG8, CROCCP2", "results": {"0": {"accuracy": 0.8589743589743589, "roc_auc": 0.9217619986850756}, "1": {"accuracy": 0.8461538461538461, "roc_auc": 0.9243918474687706}, "2": {"accuracy": 0.8461538461538461, "roc_auc": 0.9165023011176858}, "3": {"accuracy": 0.8461538461538461, "roc_auc": 0.9224194608809994}, "4": {"accuracy": 0.8461538461538461, "roc_auc": 0.9240631163708087}}, "plot_path": "./Predictions/NON_CODING/All/RFE/Pictures/3.png"}, "4": {"ensembles": "ENSG00000269893, ENSG00000215908, ENSG00000226287, ENSG00000274012", "genes": "SNHG8, CROCCP2, TMEM191A, RN7SL2", "results": {"0": {"accuracy": 0.8461538461538461, "roc_auc": 0.9335963182117029}, "1": {"accuracy": 0.8461538461538461, "roc_auc": 0.925706771860618}, "2": {"accuracy": 0.8333333333333334, "roc_auc": 0.9342537804076265}, "3": {"accuracy": 0.8589743589743589, "roc_auc": 0.9349112426035503}, "4": {"accuracy": 0.8461538461538461, "roc_auc": 0.9395134779750165}}, "plot_path": "./Predictions/NON_CODING/All/RFE/Pictures/4.png"}, "5": {"ensembles": "ENSG00000236552, ENSG00000269893, ENSG00000215908, ENSG00000226287, ENSG00000274012", "genes": "RPL13AP5, SNHG8, CROCCP2, TMEM191A, RN7SL2", "results": {"0": {"accuracy": 0.8461538461538461, "roc_auc": 0.9289940828402367}, "1": {"accuracy": 0.8717948717948718, "roc_auc": 0.9355687047994741}, "2": {"accuracy": 0.8205128205128205, "roc_auc": 0.9362261669953977}, "3": {"accuracy": 0.8333333333333334, "roc_auc": 0.9303090072320842}, "4": {"accuracy": 0.8333333333333334, "roc_auc": 0.9276791584483892}}, "plot_path": "./Predictions/NON_CODING/All/RFE/Pictures/5.png"}, "6": {"ensembles": "ENSG00000236552, ENSG00000269893, ENSG00000215908, ENSG00000215414, ENSG00000226287, ENSG00000274012", "genes": "RPL13AP5, SNHG8, CROCCP2, PSMA6P1, TMEM191A, RN7SL2", "results": {"0": {"accuracy": 0.8846153846153846, "roc_auc": 0.9335963182117027}, "1": {"accuracy": 0.8717948717948718, "roc_auc": 0.9342537804076265}, "2": {"accuracy": 0.8461538461538461, "roc_auc": 0.9309664694280079}, "3": {"accuracy": 0.8846153846153846, "roc_auc": 0.9342537804076266}, "4": {"accuracy": 0.8846153846153846, "roc_auc": 0.9220907297830374}}, "plot_path": "./Predictions/NON_CODING/All/RFE/Pictures/6.png"}, "7": {"ensembles": "ENSG00000236552, ENSG00000272906, ENSG00000269893, ENSG00000215908, ENSG00000226287, ENSG00000274012, ENSG00000255559", "genes": "RPL13AP5, RP11-533E19.7, SNHG8, CROCCP2, TMEM191A, RN7SL2, ZNF252P-AS1", "results": {"0": {"accuracy": 0.8846153846153846, "roc_auc": 0.9500328731097962}, "1": {"accuracy": 0.8846153846153846, "roc_auc": 0.948060486522025}, "2": {"accuracy": 0.8974358974358975, "roc_auc": 0.9467455621301775}, "3": {"accuracy": 0.8974358974358975, "roc_auc": 0.9513477975016437}, "4": {"accuracy": 0.8974358974358975, "roc_auc": 0.9395134779750164}}, "plot_path": "./Predictions/NON_CODING/All/RFE/Pictures/7.png"}, "8": {"ensembles": "ENSG00000236552, ENSG00000269893, ENSG00000215908, ENSG00000226287, ENSG00000274012, ENSG00000230979, ENSG00000255559, ENSG00000258920", "genes": "RPL13AP5, SNHG8, CROCCP2, TMEM191A, RN7SL2, AC079250.1, ZNF252P-AS1, FOXN3-AS1", "results": {"0": {"accuracy": 0.8974358974358975, "roc_auc": 0.9526627218934911}, "1": {"accuracy": 0.8974358974358975, "roc_auc": 0.9552925706771861}, "2": {"accuracy": 0.8974358974358975, "roc_auc": 0.9572649572649572}, "3": {"accuracy": 0.8974358974358975, "roc_auc": 0.9566074950690334}, "4": {"accuracy": 0.8974358974358975, "roc_auc": 0.9559500328731099}}, "plot_path": "./Predictions/NON_CODING/All/RFE/Pictures/8.png"}, "9": {"ensembles": "ENSG00000236552, ENSG00000269893, ENSG00000278771, ENSG00000215908, ENSG00000226287, ENSG00000274012, ENSG00000230979, ENSG00000255559, ENSG00000258920", "genes": "RPL13AP5, SNHG8, Metazoa_SRP, CROCCP2, TMEM191A, RN7SL2, AC079250.1, ZNF252P-AS1, FOXN3-AS1", "results": {"0": {"accuracy": 0.8974358974358975, "roc_auc": 0.9493754109138725}, "1": {"accuracy": 0.8846153846153846, "roc_auc": 0.9533201840894149}, "2": {"accuracy": 0.8974358974358975, "roc_auc": 0.9533201840894149}, "3": {"accuracy": 0.8974358974358975, "roc_auc": 0.9467455621301776}, "4": {"accuracy": 0.8974358974358975, "roc_auc": 0.9493754109138725}}, "plot_path": "./Predictions/NON_CODING/All/RFE/Pictures/9.png"}, "10": {"ensembles": "ENSG00000236552, ENSG00000272906, ENSG00000269893, ENSG00000278771, ENSG00000215908, ENSG00000215414, ENSG00000226287, ENSG00000274012, ENSG00000255559, ENSG00000258920", "genes": "RPL13AP5, RP11-533E19.7, SNHG8, Metazoa_SRP, CROCCP2, PSMA6P1, TMEM191A, RN7SL2, ZNF252P-AS1, FOXN3-AS1", "results": {"0": {"accuracy": 0.8974358974358975, "roc_auc": 0.9543063773833004}, "1": {"accuracy": 0.8974358974358975, "roc_auc": 0.948060486522025}, "2": {"accuracy": 0.9102564102564102, "roc_auc": 0.9526627218934911}, "3": {"accuracy": 0.8846153846153846, "roc_auc": 0.9467455621301776}, "4": {"accuracy": 0.8846153846153846, "roc_auc": 0.9539776462853385}}, "plot_path": "./Predictions/NON_CODING/All/RFE/Pictures/10.png"}, "11": {"ensembles": "ENSG00000236552, ENSG00000272906, ENSG00000225864, ENSG00000269893, ENSG00000278771, ENSG00000215908, ENSG00000226287, ENSG00000274012, ENSG00000230979, ENSG00000255559, ENSG00000258920", "genes": "RPL13AP5, RP11-533E19.7, HCG4P11, SNHG8, Metazoa_SRP, CROCCP2, TMEM191A, RN7SL2, AC079250.1, ZNF252P-AS1, FOXN3-AS1", "results": {"0": {"accuracy": 0.8846153846153846, "roc_auc": 0.9572649572649573}, "1": {"accuracy": 0.8717948717948718, "roc_auc": 0.9546351084812624}, "2": {"accuracy": 0.8846153846153846, "roc_auc": 0.9644970414201183}, "3": {"accuracy": 0.8846153846153846, "roc_auc": 0.9598948060486522}, "4": {"accuracy": 0.8974358974358975, "roc_auc": 0.957922419460881}}, "plot_path": "./Predictions/NON_CODING/All/RFE/Pictures/11.png"}, "12": {"ensembles": "ENSG00000236552, ENSG00000269893, ENSG00000226085, ENSG00000278771, ENSG00000215908, ENSG00000215414, ENSG00000224066, ENSG00000226287, ENSG00000274012, ENSG00000230979, ENSG00000255559, ENSG00000258920", "genes": "RPL13AP5, SNHG8, UQCRFS1P1, Metazoa_SRP, CROCCP2, PSMA6P1, RP4-622L5.7, TMEM191A, RN7SL2, AC079250.1, ZNF252P-AS1, FOXN3-AS1", "results": {"0": {"accuracy": 0.8846153846153846, "roc_auc": 0.9559500328731099}, "1": {"accuracy": 0.8974358974358975, "roc_auc": 0.960552268244576}, "2": {"accuracy": 0.8846153846153846, "roc_auc": 0.9658119658119658}, "3": {"accuracy": 0.8974358974358975, "roc_auc": 0.962853385930309}, "4": {"accuracy": 0.8846153846153846, "roc_auc": 0.9572649572649572}}, "plot_path": "./Predictions/NON_CODING/All/RFE/Pictures/12.png"}, "13": {"ensembles": "ENSG00000236552, ENSG00000272906, ENSG00000225864, ENSG00000269893, ENSG00000226085, ENSG00000215908, ENSG00000253683, ENSG00000215414, ENSG00000226287, ENSG00000274012, ENSG00000230979, ENSG00000272277, ENSG00000258920", "genes": "RPL13AP5, RP11-533E19.7, HCG4P11, SNHG8, UQCRFS1P1, CROCCP2, CTB-79E8.3, PSMA6P1, TMEM191A, RN7SL2, AC079250.1, RP1-40E16.12, FOXN3-AS1", "results": {"0": {"accuracy": 0.8846153846153846, "roc_auc": 0.948060486522025}, "1": {"accuracy": 0.8846153846153846, "roc_auc": 0.9572649572649572}, "2": {"accuracy": 0.8846153846153846, "roc_auc": 0.9612097304404996}, "3": {"accuracy": 0.8846153846153846, "roc_auc": 0.9605522682445758}, "4": {"accuracy": 0.8846153846153846, "roc_auc": 0.9572649572649572}}, "plot_path": "./Predictions/NON_CODING/All/RFE/Pictures/13.png"}, "14": {"ensembles": "ENSG00000236552, ENSG00000272906, ENSG00000225864, ENSG00000269893, ENSG00000278771, ENSG00000215908, ENSG00000136149, ENSG00000265735, ENSG00000215414, ENSG00000224066, ENSG00000226287, ENSG00000274012, ENSG00000255559, ENSG00000258920", "genes": "RPL13AP5, RP11-533E19.7, HCG4P11, SNHG8, Metazoa_SRP, CROCCP2, RPL13AP25, RN7SL5P, PSMA6P1, RP4-622L5.7, TMEM191A, RN7SL2, ZNF252P-AS1, FOXN3-AS1", "results": {"0": {"accuracy": 0.9102564102564102, "roc_auc": 0.9598948060486522}, "1": {"accuracy": 0.8974358974358975,