,selector,gene_names,weights,absolute weights
2,ENSG00000269893,SNHG8,0.34504169261976875,0.34504169261976875
1,ENSG00000203875,SNHG5,0.3351903281614077,0.3351903281614077
0,ENSG00000236552,RPL13AP5,0.31976797921882333,0.31976797921882333
