,selector,gene_names,weights,absolute weights
2,ENSG00000269893,SNHG8,0.44673558101087807,0.44673558101087807
1,ENSG00000203875,SNHG5,0.3247987589445159,0.3247987589445159
0,ENSG00000236552,RPL13AP5,0.15595650081631943,0.15595650081631943
3,ENSG00000226287,TMEM191A,0.0725091592282865,0.0725091592282865
