,selector,gene_names,weights,absolute weights
2,ENSG00000269893,SNHG8,0.27704668545253813,0.27704668545253813
1,ENSG00000203875,SNHG5,0.2235485967622333,0.2235485967622333
4,ENSG00000274012,RN7SL2,0.17407138806897576,0.17407138806897576
0,ENSG00000236552,RPL13AP5,0.1651580002565572,0.1651580002565572
3,ENSG00000226287,TMEM191A,0.16017532945969554,0.16017532945969554
