,selector,gene_names,weights,absolute weights
2,ENSG00000269893,SNHG8,0.2588067409556488,0.2588067409556488
1,ENSG00000203875,SNHG5,0.2125520952158668,0.2125520952158668
0,ENSG00000236552,RPL13AP5,0.16595891237262334,0.16595891237262334
4,ENSG00000274012,RN7SL2,0.16049611907760508,0.16049611907760508
5,ENSG00000258920,FOXN3-AS1,0.12191598168184128,0.12191598168184128
3,ENSG00000278771,Metazoa_SRP,0.08027015069641484,0.08027015069641484
