,selector,gene_names,weights,absolute weights
2,ENSG00000269893,SNHG8,0.21216555040370472,0.21216555040370472
1,ENSG00000203875,SNHG5,0.1853964932048961,0.1853964932048961
4,ENSG00000274012,RN7SL2,0.14996053312639318,0.14996053312639318
0,ENSG00000236552,RPL13AP5,0.1347970977131749,0.1347970977131749
3,ENSG00000226287,TMEM191A,0.1271510713217749,0.1271510713217749
6,ENSG00000255559,ZNF252P-AS1,0.10370916234001801,0.10370916234001801
5,ENSG00000230979,AC079250.1,0.08682009189003816,0.08682009189003816
