,selector,gene_names,weights,absolute weights
4,ENSG00000269893,SNHG8,0.19155487915495778,0.19155487915495778
3,ENSG00000203875,SNHG5,0.16503423031863282,0.16503423031863282
0,ENSG00000236552,RPL13AP5,0.13636788870564645,0.13636788870564645
6,ENSG00000274012,RN7SL2,0.12881247730169784,0.12881247730169784
5,ENSG00000226287,TMEM191A,0.12449006331850966,0.12449006331850966
7,ENSG00000258920,FOXN3-AS1,0.09486117125207204,0.09486117125207204
1,ENSG00000272906,RP11-533E19.7,0.08519518163082082,0.08519518163082082
2,ENSG00000225864,HCG4P11,0.07368410831766263,0.07368410831766263
