,selector,gene_names,weights,absolute weights
3,ENSG00000269893,SNHG8,0.20121097495842166,0.20121097495842166
2,ENSG00000203875,SNHG5,0.16314697733713673,0.16314697733713673
6,ENSG00000274012,RN7SL2,0.12431613711017953,0.12431613711017953
0,ENSG00000236552,RPL13AP5,0.10936443209137472,0.10936443209137472
5,ENSG00000226287,TMEM191A,0.10232561663574431,0.10232561663574431
7,ENSG00000255559,ZNF252P-AS1,0.08842779826966818,0.08842779826966818
8,ENSG00000258920,FOXN3-AS1,0.07388084072721812,0.07388084072721812
1,ENSG00000272906,RP11-533E19.7,0.07024964466962412,0.07024964466962412
4,ENSG00000215414,PSMA6P1,0.06707757820063276,0.06707757820063276
