,selector,gene_names,weights,absolute weights
0,ENSG00000225864,HCG4P11,0.14829912194272254,0.14829912194272254
2,ENSG00000278771,Metazoa_SRP,0.11372635922322577,0.11372635922322577
1,ENSG00000226085,UQCRFS1P1,0.10896527374441774,0.10896527374441774
