,selector,gene_names,weights,absolute weights
0,ENSG00000225864,HCG4P11,0.1081557759352388,0.1081557759352388
1,ENSG00000226085,UQCRFS1P1,0.10565781000724819,0.10565781000724819
2,ENSG00000278771,Metazoa_SRP,0.0952049381218236,0.0952049381218236
3,ENSG00000239040,Y_RNA,-0.07749655403950663,0.07749655403950663
