,selector,gene_names,weights,absolute weights
0,ENSG00000225864,HCG4P11,0.03711661257669198,0.03711661257669198
3,ENSG00000278771,Metazoa_SRP,0.03368712758549519,0.03368712758549519
2,ENSG00000228205,RP11-778D9.4,0.02690546004739096,0.02690546004739096
1,ENSG00000226085,UQCRFS1P1,0.01829884947913982,0.01829884947913982
4,ENSG00000239040,Y_RNA,0.0,0.0
