,selector,gene_names,weights,absolute weights
0,ENSG00000225864,HCG4P11,0.11889595933583753,0.11889595933583753
3,ENSG00000278771,Metazoa_SRP,0.10685343672736085,0.10685343672736085
1,ENSG00000226085,UQCRFS1P1,0.10469007316049349,0.10469007316049349
5,ENSG00000239040,Y_RNA,-0.09699747878184994,0.09699747878184994
2,ENSG00000228205,RP11-778D9.4,0.09666800228287326,0.09666800228287326
4,ENSG00000273599,RP11-59C5.3,0.06031808444950023,0.06031808444950023
