,selector,gene_names,weights,absolute weights
1,ENSG00000226085,UQCRFS1P1,0.464356134720787,0.464356134720787
2,ENSG00000228205,RP11-778D9.4,0.43118557690185755,0.43118557690185755
6,ENSG00000239040,Y_RNA,-0.4296652928903841,0.4296652928903841
0,ENSG00000225864,HCG4P11,0.4164154510767975,0.4164154510767975
3,ENSG00000278771,Metazoa_SRP,0.3183168792635201,0.3183168792635201
5,ENSG00000273599,RP11-59C5.3,0.2985832925965479,0.2985832925965479
4,ENSG00000222020,AC062017.1,-0.15570282753135412,0.15570282753135412
