,selector,gene_names,weights,absolute weights
0,ENSG00000225864,HCG4P11,0.5985241906641243,0.5985241906641243
4,ENSG00000222020,AC062017.1,-0.4494697777279116,0.4494697777279116
5,ENSG00000273599,RP11-59C5.3,0.4489734049052944,0.4489734049052944
1,ENSG00000226085,UQCRFS1P1,0.4246977062492448,0.4246977062492448
2,ENSG00000228205,RP11-778D9.4,0.4050544267355683,0.4050544267355683
3,ENSG00000278771,Metazoa_SRP,0.3258197805713269,0.3258197805713269
7,ENSG00000239040,Y_RNA,-0.3241459956570956,0.3241459956570956
6,ENSG00000272677,RP11-127B20.3,0.18707731686781096,0.18707731686781096
