,selector,gene_names,weights,absolute weights
0,ENSG00000225864,HCG4P11,4.433484080360534,4.433484080360534
6,ENSG00000273599,RP11-59C5.3,3.5046183044017654,3.5046183044017654
5,ENSG00000222020,AC062017.1,-2.9081398254651183,2.9081398254651183
3,ENSG00000228205,RP11-778D9.4,2.563371109565331,2.563371109565331
4,ENSG00000278771,Metazoa_SRP,2.1609241210024,2.1609241210024
2,ENSG00000226085,UQCRFS1P1,1.9773494930763722,1.9773494930763722
8,ENSG00000239040,Y_RNA,-1.6987383574620907,1.6987383574620907
7,ENSG00000272677,RP11-127B20.3,1.2443655470442265,1.2443655470442265
1,ENSG00000228797,FAM207BP,-0.8683716891230266,0.8683716891230266
