{"3": {"ensembles": "ENSG00000236552, ENSG00000269893, ENSG00000274012", "genes": "RPL13AP5, SNHG8, RN7SL2", "results": {"0": {"accuracy": 0.8717948717948718, "roc_auc": 0.9362261669953978}, "1": {"accuracy": 0.8589743589743589, "roc_auc": 0.9342537804076265}, "2": {"accuracy": 0.8717948717948718, "roc_auc": 0.9368836291913215}, "3": {"accuracy": 0.8717948717948718, "roc_auc": 0.9355687047994741}, "4": {"accuracy": 0.8717948717948718, "roc_auc": 0.9329388560157791}}, "plot_path": "./Predictions/NON_CODING/LimmaVoom/RFE/Pictures/3.png"}, "4": {"ensembles": "ENSG00000236552, ENSG00000269893, ENSG00000226287, ENSG00000274012", "genes": "RPL13AP5, SNHG8, TMEM191A, RN7SL2", "results": {"0": {"accuracy": 0.8333333333333334, "roc_auc": 0.9283366206443129}, "1": {"accuracy": 0.8461538461538461, "roc_auc": 0.9276791584483892}, "2": {"accuracy": 0.8333333333333334, "roc_auc": 0.9276791584483891}, "3": {"accuracy": 0.8461538461538461, "roc_auc": 0.928336620644313}, "4": {"accuracy": 0.8333333333333334, "roc_auc": 0.9283366206443129}}, "plot_path": "./Predictions/NON_CODING/LimmaVoom/RFE/Pictures/4.png"}, "5": {"ensembles": "ENSG00000269893, ENSG00000226287, ENSG00000274012, ENSG00000255559, ENSG00000258920", "genes": "SNHG8, TMEM191A, RN7SL2, ZNF252P-AS1, FOXN3-AS1", "results": {"0": {"accuracy": 0.8974358974358975, "roc_auc": 0.9612097304404996}, "1": {"accuracy": 0.8846153846153846, "roc_auc": 0.963182117028271}, "2": {"accuracy": 0.8974358974358975, "roc_auc": 0.9658119658119658}, "3": {"accuracy": 0.9230769230769231, "roc_auc": 0.9631821170282708}, "4": {"accuracy": 0.9102564102564102, "roc_auc": 0.9513477975016437}}, "plot_path": "./Predictions/NON_CODING/LimmaVoom/RFE/Pictures/5.png"}, "6": {"ensembles": "ENSG00000236552, ENSG00000269893, ENSG00000278771, ENSG00000226287, ENSG00000274012, ENSG00000255559", "genes": "RPL13AP5, SNHG8, Metazoa_SRP, TMEM191A, RN7SL2, ZNF252P-AS1", "results": {"0": {"accuracy": 0.8974358974358975, "roc_auc": 0.938198553583169}, "1": {"accuracy": 0.8846153846153846, "roc_auc": 0.9296515450361604}, "2": {"accuracy": 0.8846153846153846, "roc_auc": 0.9467455621301775}, "3": {"accuracy": 0.8846153846153846, "roc_auc": 0.9349112426035503}, "4": {"accuracy": 0.8974358974358975, "roc_auc": 0.9342537804076265}}, "plot_path": "./Predictions/NON_CODING/LimmaVoom/RFE/Pictures/6.png"}, "7": {"ensembles": "ENSG00000236552, ENSG00000272906, ENSG00000269893, ENSG00000226287, ENSG00000274012, ENSG00000255559, ENSG00000258920", "genes": "RPL13AP5, RP11-533E19.7, SNHG8, TMEM191A, RN7SL2, ZNF252P-AS1, FOXN3-AS1", "results": {"0": {"accuracy": 0.8974358974358975, "roc_auc": 0.9526627218934911}, "1": {"accuracy": 0.8974358974358975, "roc_auc": 0.9533201840894149}, "2": {"accuracy": 0.8846153846153846, "roc_auc": 0.9480604865220249}, "3": {"accuracy": 0.8974358974358975, "roc_auc": 0.9559500328731098}, "4": {"accuracy": 0.8846153846153846, "roc_auc": 0.9546351084812623}}, "plot_path": "./Predictions/NON_CODING/LimmaVoom/RFE/Pictures/7.png"}, "8": {"ensembles": "ENSG00000236552, ENSG00000272906, ENSG00000269893, ENSG00000215414, ENSG00000226287, ENSG00000274012, ENSG00000230979, ENSG00000258920", "genes": "RPL13AP5, RP11-533E19.7, SNHG8, PSMA6P1, TMEM191A, RN7SL2, AC079250.1, FOXN3-AS1", "results": {"0": {"accuracy": 0.8974358974358975, "roc_auc": 0.9474030243261012}, "1": {"accuracy": 0.8846153846153846, "roc_auc": 0.9447731755424063}, "2": {"accuracy": 0.8717948717948718, "roc_auc": 0.9467455621301776}, "3": {"accuracy": 0.8589743589743589, "roc_auc": 0.9428007889546351}, "4": {"accuracy": 0.8717948717948718, "roc_auc": 0.9467455621301776}}, "plot_path": "./Predictions/NON_CODING/LimmaVoom/RFE/Pictures/8.png"}, "9": {"ensembles": "ENSG00000236552, ENSG00000272906, ENSG00000225864, ENSG00000269893, ENSG00000215414, ENSG00000226287, ENSG00000274012, ENSG00000255559, ENSG00000258920", "genes": "RPL13AP5, RP11-533E19.7, HCG4P11, SNHG8, PSMA6P1, TMEM191A, RN7SL2, ZNF252P-AS1, FOXN3-AS1", "results": {"0": {"accuracy": 0.8846153846153846, "roc_auc": 0.9539776462853387}, "1": {"accuracy": 0.8974358974358975, "roc_auc": 0.9585798816568047}, "2": {"accuracy": 0.8846153846153846, "roc_auc": 0.9592373438527284}, "3": {"accuracy": 0.8846153846153846, "roc_auc": 0.957922419460881}, "4": {"accuracy": 0.8846153846153846, "roc_auc": 0.9579224194608811}}, "plot_path": "./Predictions/NON_CODING/LimmaVoom/RFE/Pictures/9.png"}, "10": {"ensembles": "ENSG00000236552, ENSG00000272906, ENSG00000269893, ENSG00000215414, ENSG00000226287, ENSG00000274012, ENSG00000230979, ENSG00000272711, ENSG00000255559, ENSG00000258920", "genes": "RPL13AP5, RP11-533E19.7, SNHG8, PSMA6P1, TMEM191A, RN7SL2, AC079250.1, RP11-259N19.1, ZNF252P-AS1, FOXN3-AS1", "results": {"0": {"accuracy": 0.8717948717948718, "roc_auc": 0.9526627218934911}, "1": {"accuracy": 0.8846153846153846, "roc_auc": 0.955292570677186}, "2": {"accuracy": 0.8717948717948718, "roc_auc": 0.9526627218934911}, "3": {"accuracy": 0.8846153846153846, "roc_auc": 0.9493754109138725}, "4": {"accuracy": 0.8846153846153846, "roc_auc": 0.9500328731097962}}, "plot_path": "./Predictions/NON_CODING/LimmaVoom/RFE/Pictures/10.png"}, "11": {"ensembles": "ENSG00000213442, ENSG00000236552, ENSG00000272906, ENSG00000269893, ENSG00000215414, ENSG00000226287, ENSG00000274012, ENSG00000230979, ENSG00000272711, ENSG00000255559, ENSG00000258920", "genes": "RPL18AP3, RPL13AP5, RP11-533E19.7, SNHG8, PSMA6P1, TMEM191A, RN7SL2, AC079250.1, RP11-259N19.1, ZNF252P-AS1, FOXN3-AS1", "results": {"0": {"accuracy": 0.8717948717948718, "roc_auc": 0.9533201840894149}, "1": {"accuracy": 0.8717948717948718, "roc_auc": 0.948060486522025}, "2": {"accuracy": 0.8717948717948718, "roc_auc": 0.9470742932281392}, "3": {"accuracy": 0.8717948717948718, "roc_auc": 0.9520052596975674}, "4": {"accuracy": 0.8717948717948718, "roc_auc": 0.9533201840894149}}, "plot_path": "./Predictions/NON_CODING/LimmaVoom/RFE/Pictures/11.png"}, "12": {"ensembles": "ENSG00000213442, ENSG00000236552, ENSG00000272906, ENSG00000225864, ENSG00000269893, ENSG00000278771, ENSG00000215414, ENSG00000224066, ENSG00000226287, ENSG00000274012, ENSG00000260260, ENSG00000258920", "genes": "RPL18AP3, RPL13AP5, RP11-533E19.7, HCG4P11, SNHG8, Metazoa_SRP, PSMA6P1, RP4-622L5.7, TMEM191A, RN7SL2, SNHG19, FOXN3-AS1", "results": {"0": {"accuracy": 0.8717948717948718, "roc_auc": 0.9559500328731099}, "1": {"accuracy": 0.8846153846153846, "roc_auc": 0.9520052596975674}, "2": {"accuracy": 0.8846153846153846, "roc_auc": 0.9434582511505588}, "3": {"accuracy": 0.8589743589743589, "roc_auc": 0.9434582511505588}, "4": {"accuracy": 0.8846153846153846, "roc_auc": 0.9559500328731098}}, "plot_path": "./Predictions/NON_CODING/LimmaVoom/RFE/Pictures/12.png"}, "13": {"ensembles": "ENSG00000213442, ENSG00000236552, ENSG00000272906, ENSG00000225864, ENSG00000269893, ENSG00000278771, ENSG00000215414, ENSG00000224066, ENSG00000226287, ENSG00000274012, ENSG00000230979, ENSG00000255559, ENSG00000258920", "genes": "RPL18AP3, RPL13AP5, RP11-533E19.7, HCG4P11, SNHG8, Metazoa_SRP, PSMA6P1, RP4-622L5.7, TMEM191A, RN7SL2, AC079250.1, ZNF252P-AS1, FOXN3-AS1", "results": {"0": {"accuracy": 0.8846153846153846, "roc_auc": 0.963182117028271}, "1": {"accuracy": 0.8846153846153846, "roc_auc": 0.9579224194608811}, "2": {"accuracy": 0.8846153846153846, "roc_auc": 0.960552268244576}, "3": {"accuracy": 0.8846153846153846, "roc_auc": 0.9552925706771861}, "4": {"accuracy": 0.8846153846153846, "roc_auc": 0.9500328731097962}}, "plot_path": "./Predictions/NON_CODING/LimmaVoom/RFE/Pictures/13.png"}, "14": {"ensembles": "ENSG00000213442, ENSG00000236552, ENSG00000272906, ENSG00000225864, ENSG00000269893, ENSG00000278771, ENSG00000215414, ENSG00000226287, ENSG00000274012, ENSG00000230979, ENSG00000272277, ENSG00000260260, ENSG00000272711, ENSG00000258920", "genes": "RPL18AP3, RPL13AP5, RP11-533E19.7, HCG4P11, SNHG8, Metazoa_SRP, PSMA6P1, TMEM191A, RN7SL2, AC079250.1, RP1-40E16.12, SNHG19, RP11-259N19.1, FOXN3-AS1",