{"3": {"ensembles": "ENSG00000236552, ENSG00000272906, ENSG00000269893", "genes": "RPL13AP5, RP11-533E19.7, SNHG8", "results": {"0": {"accuracy": 0.8076923076923077, "roc_auc": 0.9151873767258383}, "1": {"accuracy": 0.8076923076923077, "roc_auc": 0.9276791584483892}, "2": {"accuracy": 0.8076923076923077, "roc_auc": 0.9171597633136096}, "3": {"accuracy": 0.8076923076923077, "roc_auc": 0.9171597633136094}, "4": {"accuracy": 0.8205128205128205, "roc_auc": 0.9178172255095332}}, "plot_path": "./Predictions/NON_CODING/Only combined libraries/RFE/Pictures/3.png"}, "4": {"ensembles": "ENSG00000213442, ENSG00000236552, ENSG00000225864, ENSG00000269893", "genes": "RPL18AP3, RPL13AP5, HCG4P11, SNHG8", "results": {"0": {"accuracy": 0.8461538461538461, "roc_auc": 0.9408284023668638}, "1": {"accuracy": 0.8589743589743589, "roc_auc": 0.9493754109138725}, "2": {"accuracy": 0.8461538461538461, "roc_auc": 0.9414858645627877}, "3": {"accuracy": 0.8461538461538461, "roc_auc": 0.9368836291913216}, "4": {"accuracy": 0.8333333333333334, "roc_auc": 0.9428007889546351}}, "plot_path": "./Predictions/NON_CODING/Only combined libraries/RFE/Pictures/4.png"}, "5": {"ensembles": "ENSG00000213442, ENSG00000236552, ENSG00000272906, ENSG00000225864, ENSG00000269893", "genes": "RPL18AP3, RPL13AP5, RP11-533E19.7, HCG4P11, SNHG8", "results": {"0": {"accuracy": 0.8333333333333334, "roc_auc": 0.9421433267587114}, "1": {"accuracy": 0.8333333333333334, "roc_auc": 0.9480604865220249}, "2": {"accuracy": 0.8461538461538461, "roc_auc": 0.9506903353057198}, "3": {"accuracy": 0.8589743589743589, "roc_auc": 0.948060486522025}, "4": {"accuracy": 0.8717948717948718, "roc_auc": 0.9493754109138725}}, "plot_path": "./Predictions/NON_CODING/Only combined libraries/RFE/Pictures/5.png"}, "6": {"ensembles": "ENSG00000236552, ENSG00000272906, ENSG00000225864, ENSG00000269893, ENSG00000278771, ENSG00000265393", "genes": "RPL13AP5, RP11-533E19.7, HCG4P11, SNHG8, Metazoa_SRP, CTD-2517M22.17", "results": {"0": {"accuracy": 0.8846153846153846, "roc_auc": 0.9579224194608809}, "1": {"accuracy": 0.8846153846153846, "roc_auc": 0.960552268244576}, "2": {"accuracy": 0.8717948717948718, "roc_auc": 0.9592373438527285}, "3": {"accuracy": 0.8589743589743589, "roc_auc": 0.9559500328731098}, "4": {"accuracy": 0.8846153846153846, "roc_auc": 0.9533201840894149}}, "plot_path": "./Predictions/NON_CODING/Only combined libraries/RFE/Pictures/6.png"}, "7": {"ensembles": "ENSG00000213442, ENSG00000236552, ENSG00000272906, ENSG00000225864, ENSG00000269893, ENSG00000228205, ENSG00000278771", "genes": "RPL18AP3, RPL13AP5, RP11-533E19.7, HCG4P11, SNHG8, RP11-778D9.4, Metazoa_SRP", "results": {"0": {"accuracy": 0.8717948717948718, "roc_auc": 0.9533201840894149}, "1": {"accuracy": 0.8717948717948718, "roc_auc": 0.9618671926364234}, "2": {"accuracy": 0.8461538461538461, "roc_auc": 0.957922419460881}, "3": {"accuracy": 0.8717948717948718, "roc_auc": 0.9533201840894149}, "4": {"accuracy": 0.8589743589743589, "roc_auc": 0.9533201840894149}}, "plot_path": "./Predictions/NON_CODING/Only combined libraries/RFE/Pictures/7.png"}, "8": {"ensembles": "ENSG00000213442, ENSG00000236552, ENSG00000272906, ENSG00000225864, ENSG00000269893, ENSG00000278771, ENSG00000276791, ENSG00000265393", "genes": "RPL18AP3, RPL13AP5, RP11-533E19.7, HCG4P11, SNHG8, Metazoa_SRP, CTD-2270P14.5, CTD-2517M22.17", "results": {"0": {"accuracy": 0.8589743589743589, "roc_auc": 0.94543063773833}, "1": {"accuracy": 0.8461538461538461, "roc_auc": 0.9434582511505589}, "2": {"accuracy": 0.8461538461538461, "roc_auc": 0.9474030243261012}, "3": {"accuracy": 0.8589743589743589, "roc_auc": 0.9487179487179487}, "4": {"accuracy": 0.8461538461538461, "roc_auc": 0.942800788954635}}, "plot_path": "./Predictions/NON_CODING/Only combined libraries/RFE/Pictures/8.png"}, "9": {"ensembles": "ENSG00000213442, ENSG00000236552, ENSG00000272906, ENSG00000225864, ENSG00000269893, ENSG00000226085, ENSG00000240877, ENSG00000278771, ENSG00000265393", "genes": "RPL18AP3, RPL13AP5, RP11-533E19.7, HCG4P11, SNHG8, UQCRFS1P1, RN7SL521P, Metazoa_SRP, CTD-2517M22.17", "results": {"0": {"accuracy": 0.8589743589743589, "roc_auc": 0.9533201840894149}, "1": {"accuracy": 0.8717948717948718, "roc_auc": 0.9526627218934911}, "2": {"accuracy": 0.8717948717948718, "roc_auc": 0.9559500328731098}, "3": {"accuracy": 0.8717948717948718, "roc_auc": 0.955292570677186}, "4": {"accuracy": 0.8717948717948718, "roc_auc": 0.9539776462853385}}, "plot_path": "./Predictions/NON_CODING/Only combined libraries/RFE/Pictures/9.png"}, "10": {"ensembles": "ENSG00000236552, ENSG00000272906, ENSG00000225864, ENSG00000225178, ENSG00000269893, ENSG00000277383, ENSG00000226085, ENSG00000228205, ENSG00000278771, ENSG00000276791", "genes": "RPL13AP5, RP11-533E19.7, HCG4P11, RPSAP58, SNHG8, CTD-3001H11.2, UQCRFS1P1, RP11-778D9.4, Metazoa_SRP, CTD-2270P14.5", "results": {"0": {"accuracy": 0.8589743589743589, "roc_auc": 0.9428007889546351}, "1": {"accuracy": 0.8717948717948718, "roc_auc": 0.9520052596975673}, "2": {"accuracy": 0.8589743589743589, "roc_auc": 0.9441157133464826}, "3": {"accuracy": 0.8717948717948718, "roc_auc": 0.9490466798159106}, "4": {"accuracy": 0.8846153846153846, "roc_auc": 0.9408284023668639}}, "plot_path": "./Predictions/NON_CODING/Only combined libraries/RFE/Pictures/10.png"}, "11": {"ensembles": "ENSG00000213442, ENSG00000236552, ENSG00000272906, ENSG00000225864, ENSG00000269893, ENSG00000226085, ENSG00000278771, ENSG00000231351, ENSG00000273599, ENSG00000272677, ENSG00000237842", "genes": "RPL18AP3, RPL13AP5, RP11-533E19.7, HCG4P11, SNHG8, UQCRFS1P1, Metazoa_SRP, AC111200.7, RP11-59C5.3, RP11-127B20.3, RP11-110J1.2", "results": {"0": {"accuracy": 0.8846153846153846, "roc_auc": 0.9539776462853385}, "1": {"accuracy": 0.8717948717948718, "roc_auc": 0.957922419460881}, "2": {"accuracy": 0.8846153846153846, "roc_auc": 0.9572649572649574}, "3": {"accuracy": 0.9102564102564102, "roc_auc": 0.9585798816568046}, "4": {"accuracy": 0.8846153846153846, "roc_auc": 0.9612097304404996}}, "plot_path": "./Predictions/NON_CODING/Only combined libraries/RFE/Pictures/11.png"}, "12": {"ensembles": "ENSG00000213442, ENSG00000236552, ENSG00000272906, ENSG00000225864, ENSG00000225178, ENSG00000269893, ENSG00000215030, ENSG00000277383, ENSG00000226085, ENSG00000228205, ENSG00000240877, ENSG00000278771", "genes": "RPL18AP3, RPL13AP5, RP11-533E19.7, HCG4P11, RPSAP58, SNHG8, RPL13P12, CTD-3001H11.2, UQCRFS1P1, RP11-778D9.4, RN7SL521P, Metazoa_SRP", "results": {"0": {"accuracy": 0.8846153846153846, "roc_auc": 0.9401709401709402}, "1": {"accuracy": 0.8717948717948718, "roc_auc": 0.9447731755424063}, "2": {"accuracy": 0.8589743589743589, "roc_auc": 0.9447731755424063}, "3": {"accuracy": 0.8974358974358975, "roc_auc": 0.9460880999342538}, "4": {"accuracy": 0.8461538461538461, "roc_auc": 0.9421433267587114}}, "plot_path": "./Predictions/NON_CODING/Only combined libraries/RFE/Pictures/12.png"}, "13": {"ensembles": "ENSG00000213442, ENSG00000236552, ENSG00000272906, ENSG00000225864, ENSG00000225178, ENSG00000269893, ENSG00000215030, ENSG00000226085, ENSG00000228205, ENSG00000240877, ENSG00000278771, ENSG00000237842, ENSG00000265393", "genes": "RPL18AP3, RPL13AP5, RP11-533E19.7, HCG4P11, RPSAP58, SNHG8, RPL13P12, UQCRFS1P1, RP11-778D9.4, RN7SL521P, Metazoa_SRP, RP11-110J1.2, CTD-2517M22.17", "results": {"0": {"accuracy": 0.8717948717948718, "roc_auc": 0.9460880999342538}, "1": {"accuracy": 0.8846153846153846, "roc_auc": 0.9500328731097962}, "2": {"accuracy": 0.8846153846153846, "roc_auc": 0.9526627218934911}, "3": {"accuracy": 0.8846153846153846, "roc_auc": 0.9605522682445758}, "4": {"accuracy": 0.8846153846153846, "roc_auc": 0.9487179487179487}}, "plot_path": "./Predictions/NON_CODING/Only combined libraries/RFE/Pictures/13.png"},