{"3": {"ensembles": "ENSG00000236552, ENSG00000203875, ENSG00000269893", "genes": "RPL13AP5, SNHG5, SNHG8", "results": {"0": {"accuracy": 0.8589743589743589, "roc_auc": 0.9270216962524654}, "1": {"accuracy": 0.8589743589743589, "roc_auc": 0.9329388560157791}, "2": {"accuracy": 0.8589743589743589, "roc_auc": 0.9349112426035503}, "3": {"accuracy": 0.8205128205128205, "roc_auc": 0.9335963182117029}, "4": {"accuracy": 0.8589743589743589, "roc_auc": 0.9322813938198554}}, "plot_path": "./Predictions/NON_CODING/Only combined libraries/RFE/Pictures/3.png"}, "4": {"ensembles": "ENSG00000236552, ENSG00000225864, ENSG00000203875, ENSG00000269893", "genes": "RPL13AP5, HCG4P11, SNHG5, SNHG8", "results": {"0": {"accuracy": 0.8846153846153846, "roc_auc": 0.9533201840894149}, "1": {"accuracy": 0.8589743589743589, "roc_auc": 0.9559500328731098}, "2": {"accuracy": 0.8461538461538461, "roc_auc": 0.9552925706771861}, "3": {"accuracy": 0.8589743589743589, "roc_auc": 0.9546351084812624}, "4": {"accuracy": 0.8974358974358975, "roc_auc": 0.9526627218934912}}, "plot_path": "./Predictions/NON_CODING/Only combined libraries/RFE/Pictures/4.png"}, "5": {"ensembles": "ENSG00000236552, ENSG00000272906, ENSG00000203875, ENSG00000269893, ENSG00000278771", "genes": "RPL13AP5, RP11-533E19.7, SNHG5, SNHG8, Metazoa_SRP", "results": {"0": {"accuracy": 0.8717948717948718, "roc_auc": 0.94543063773833}, "1": {"accuracy": 0.8461538461538461, "roc_auc": 0.9434582511505588}, "2": {"accuracy": 0.8589743589743589, "roc_auc": 0.9421433267587114}, "3": {"accuracy": 0.8461538461538461, "roc_auc": 0.9293228139381985}, "4": {"accuracy": 0.8461538461538461, "roc_auc": 0.9414858645627877}}, "plot_path": "./Predictions/NON_CODING/Only combined libraries/RFE/Pictures/5.png"}, "6": {"ensembles": "ENSG00000213442, ENSG00000236552, ENSG00000225864, ENSG00000203875, ENSG00000269893, ENSG00000278771", "genes": "RPL18AP3, RPL13AP5, HCG4P11, SNHG5, SNHG8, Metazoa_SRP", "results": {"0": {"accuracy": 0.8846153846153846, "roc_auc": 0.9625246548323471}, "1": {"accuracy": 0.8589743589743589, "roc_auc": 0.957922419460881}, "2": {"accuracy": 0.8717948717948718, "roc_auc": 0.9552925706771861}, "3": {"accuracy": 0.8461538461538461, "roc_auc": 0.9533201840894149}, "4": {"accuracy": 0.8717948717948718, "roc_auc": 0.9546351084812623}}, "plot_path": "./Predictions/NON_CODING/Only combined libraries/RFE/Pictures/6.png"}, "7": {"ensembles": "ENSG00000213442, ENSG00000236552, ENSG00000272906, ENSG00000225864, ENSG00000203875, ENSG00000269893, ENSG00000278771", "genes": "RPL18AP3, RPL13AP5, RP11-533E19.7, HCG4P11, SNHG5, SNHG8, Metazoa_SRP", "results": {"0": {"accuracy": 0.8846153846153846, "roc_auc": 0.9644970414201182}, "1": {"accuracy": 0.8717948717948718, "roc_auc": 0.9664694280078896}, "2": {"accuracy": 0.8589743589743589, "roc_auc": 0.9612097304404996}, "3": {"accuracy": 0.8717948717948718, "roc_auc": 0.9625246548323472}, "4": {"accuracy": 0.8717948717948718, "roc_auc": 0.9618671926364234}}, "plot_path": "./Predictions/NON_CODING/Only combined libraries/RFE/Pictures/7.png"}, "8": {"ensembles": "ENSG00000213442, ENSG00000236552, ENSG00000272906, ENSG00000225864, ENSG00000203875, ENSG00000269893, ENSG00000278771, ENSG00000265393", "genes": "RPL18AP3, RPL13AP5, RP11-533E19.7, HCG4P11, SNHG5, SNHG8, Metazoa_SRP, CTD-2517M22.17", "results": {"0": {"accuracy": 0.8846153846153846, "roc_auc": 0.9631821170282708}, "1": {"accuracy": 0.8589743589743589, "roc_auc": 0.9592373438527284}, "2": {"accuracy": 0.8717948717948718, "roc_auc": 0.9605522682445758}, "3": {"accuracy": 0.8717948717948718, "roc_auc": 0.9671268902038133}, "4": {"accuracy": 0.8717948717948718, "roc_auc": 0.9671268902038133}}, "plot_path": "./Predictions/NON_CODING/Only combined libraries/RFE/Pictures/8.png"}, "9": {"ensembles": "ENSG00000213442, ENSG00000236552, ENSG00000272906, ENSG00000225864, ENSG00000203875, ENSG00000269893, ENSG00000226085, ENSG00000278771, ENSG00000265393", "genes": "RPL18AP3, RPL13AP5, RP11-533E19.7, HCG4P11, SNHG5, SNHG8, UQCRFS1P1, Metazoa_SRP, CTD-2517M22.17", "results": {"0": {"accuracy": 0.8589743589743589, "roc_auc": 0.9618671926364234}, "1": {"accuracy": 0.8717948717948718, "roc_auc": 0.9664694280078896}, "2": {"accuracy": 0.8846153846153846, "roc_auc": 0.9638395792241946}, "3": {"accuracy": 0.8717948717948718, "roc_auc": 0.9664694280078895}, "4": {"accuracy": 0.8589743589743589, "roc_auc": 0.9585798816568047}}, "plot_path": "./Predictions/NON_CODING/Only combined libraries/RFE/Pictures/9.png"}, "10": {"ensembles": "ENSG00000213442, ENSG00000236552, ENSG00000272906, ENSG00000225864, ENSG00000225178, ENSG00000203875, ENSG00000269893, ENSG00000226085, ENSG00000278771, ENSG00000273599", "genes": "RPL18AP3, RPL13AP5, RP11-533E19.7, HCG4P11, RPSAP58, SNHG5, SNHG8, UQCRFS1P1, Metazoa_SRP, RP11-59C5.3", "results": {"0": {"accuracy": 0.8974358974358975, "roc_auc": 0.9585798816568047}, "1": {"accuracy": 0.8846153846153846, "roc_auc": 0.9566074950690335}, "2": {"accuracy": 0.8846153846153846, "roc_auc": 0.9592373438527284}, "3": {"accuracy": 0.8974358974358975, "roc_auc": 0.9615384615384616}, "4": {"accuracy": 0.8846153846153846, "roc_auc": 0.9585798816568047}}, "plot_path": "./Predictions/NON_CODING/Only combined libraries/RFE/Pictures/10.png"}, "11": {"ensembles": "ENSG00000213442, ENSG00000236552, ENSG00000272906, ENSG00000225864, ENSG00000203875, ENSG00000269893, ENSG00000277383, ENSG00000226085, ENSG00000228205, ENSG00000278771, ENSG00000265393", "genes": "RPL18AP3, RPL13AP5, RP11-533E19.7, HCG4P11, SNHG5, SNHG8, CTD-3001H11.2, UQCRFS1P1, RP11-778D9.4, Metazoa_SRP, CTD-2517M22.17", "results": {"0": {"accuracy": 0.8717948717948718, "roc_auc": 0.9631821170282708}, "1": {"accuracy": 0.8589743589743589, "roc_auc": 0.9625246548323472}, "2": {"accuracy": 0.8717948717948718, "roc_auc": 0.9566074950690335}, "3": {"accuracy": 0.8717948717948718, "roc_auc": 0.9579224194608811}, "4": {"accuracy": 0.8717948717948718, "roc_auc": 0.9638395792241946}}, "plot_path": "./Predictions/NON_CODING/Only combined libraries/RFE/Pictures/11.png"}, "12": {"ensembles": "ENSG00000213442, ENSG00000236552, ENSG00000272906, ENSG00000225864, ENSG00000225178, ENSG00000203875, ENSG00000269893, ENSG00000277383, ENSG00000226085, ENSG00000228205, ENSG00000278771, ENSG00000265393", "genes": "RPL18AP3, RPL13AP5, RP11-533E19.7, HCG4P11, RPSAP58, SNHG5, SNHG8, CTD-3001H11.2, UQCRFS1P1, RP11-778D9.4, Metazoa_SRP, CTD-2517M22.17", "results": {"0": {"accuracy": 0.8461538461538461, "roc_auc": 0.9592373438527284}, "1": {"accuracy": 0.8589743589743589, "roc_auc": 0.9592373438527284}, "2": {"accuracy": 0.8717948717948718, "roc_auc": 0.9579224194608811}, "3": {"accuracy": 0.8589743589743589, "roc_auc": 0.9559500328731099}, "4": {"accuracy": 0.8461538461538461, "roc_auc": 0.9566074950690335}}, "plot_path": "./Predictions/NON_CODING/Only combined libraries/RFE/Pictures/12.png"}, "13": {"ensembles": "ENSG00000213442, ENSG00000236552, ENSG00000272906, ENSG00000225864, ENSG00000203875, ENSG00000269893, ENSG00000215030, ENSG00000277383, ENSG00000226085, ENSG00000228205, ENSG00000278771, ENSG00000231351, ENSG00000265393", "genes": "RPL18AP3, RPL13AP5, RP11-533E19.7, HCG4P11, SNHG5, SNHG8, RPL13P12, CTD-3001H11.2, UQCRFS1P1, RP11-778D9.4, Metazoa_SRP, AC111200.7, CTD-2517M22.17", "results": {"0": {"accuracy": 0.8717948717948718, "roc_auc": 0.9559500328731098}, "1": {"accuracy": 0.8461538461538461, "roc_auc": 0.9592373438527284}, "2": {"accuracy": 0.8717948717948718, "roc_auc": 0.9526627218934911}, "3": {"accuracy": 0.8589743589743589, "roc_auc": 0.9566074950690335}, "4": {"accuracy": 0.8589743589743589, "roc_auc": 0.9539776462853387}}, "plot_path": "./Predictions/NON_CODING/Only combined libraries/RFE/Pictures/13.png"}, "14": {"ensembles": "ENSG00000213442, ENSG00000236552, ENSG00000272906, ENSG00000225864, ENSG00000203875, ENSG00000269893, ENSG00000277383, ENSG00000226085, ENSG00000228205, ENSG00000278771, ENSG00000276791, ENSG00000273599, ENSG00000237842, ENSG00000232229",