{"3": {"ensembles": "ENSG00000213442, ENSG00000236552, ENSG00000171858", "genes": "RPL18AP3, RPL13AP5, RPS21", "results": {"0": {"accuracy": 0.7948717948717948, "roc_auc": 0.8938198553583169}, "1": {"accuracy": 0.7948717948717948, "roc_auc": 0.8839579224194609}, "2": {"accuracy": 0.8076923076923077, "roc_auc": 0.8954635108481263}, "3": {"accuracy": 0.8076923076923077, "roc_auc": 0.8931623931623931}, "4": {"accuracy": 0.8205128205128205, "roc_auc": 0.8888888888888888}}, "plot_path": "./Predictions/All_GENES/Only combined libraries/chi2/Pictures/3.png"}, "4": {"ensembles": "ENSG00000213442, ENSG00000236552, ENSG00000203875, ENSG00000171858", "genes": "RPL18AP3, RPL13AP5, SNHG5, RPS21", "results": {"0": {"accuracy": 0.8461538461538461, "roc_auc": 0.9165023011176857}, "1": {"accuracy": 0.8205128205128205, "roc_auc": 0.9046679815910585}, "2": {"accuracy": 0.8333333333333334, "roc_auc": 0.9079552925706772}, "3": {"accuracy": 0.8205128205128205, "roc_auc": 0.9112426035502958}, "4": {"accuracy": 0.8461538461538461, "roc_auc": 0.9066403681788296}}, "plot_path": "./Predictions/All_GENES/Only combined libraries/chi2/Pictures/4.png"}, "5": {"ensembles": "ENSG00000111678, ENSG00000213442, ENSG00000236552, ENSG00000203875, ENSG00000171858", "genes": "C12orf57, RPL18AP3, RPL13AP5, SNHG5, RPS21", "results": {"0": {"accuracy": 0.8205128205128205, "roc_auc": 0.9135437212360289}, "1": {"accuracy": 0.8205128205128205, "roc_auc": 0.9142011834319527}, "2": {"accuracy": 0.8076923076923077, "roc_auc": 0.9053254437869822}, "3": {"accuracy": 0.8076923076923077, "roc_auc": 0.9119000657462196}, "4": {"accuracy": 0.8205128205128205, "roc_auc": 0.9142011834319527}}, "plot_path": "./Predictions/All_GENES/Only combined libraries/chi2/Pictures/5.png"}, "6": {"ensembles": "ENSG00000111678, ENSG00000152082, ENSG00000213442, ENSG00000236552, ENSG00000203875, ENSG00000171858", "genes": "C12orf57, MZT2B, RPL18AP3, RPL13AP5, SNHG5, RPS21", "results": {"0": {"accuracy": 0.8205128205128205, "roc_auc": 0.9191321499013807}, "1": {"accuracy": 0.8333333333333334, "roc_auc": 0.9204470742932281}, "2": {"accuracy": 0.8333333333333334, "roc_auc": 0.9237343852728468}, "3": {"accuracy": 0.8205128205128205, "roc_auc": 0.9184746877054568}, "4": {"accuracy": 0.8205128205128205, "roc_auc": 0.9128862590401051}}, "plot_path": "./Predictions/All_GENES/Only combined libraries/chi2/Pictures/6.png"}, "7": {"ensembles": "ENSG00000198804, ENSG00000111678, ENSG00000152082, ENSG00000213442, ENSG00000236552, ENSG00000203875, ENSG00000171858", "genes": "MT-CO1, C12orf57, MZT2B, RPL18AP3, RPL13AP5, SNHG5, RPS21", "results": {"0": {"accuracy": 0.8461538461538461, "roc_auc": 0.9191321499013807}, "1": {"accuracy": 0.8333333333333334, "roc_auc": 0.9204470742932281}, "2": {"accuracy": 0.8333333333333334, "roc_auc": 0.9138724523339908}, "3": {"accuracy": 0.8205128205128205, "roc_auc": 0.9224194608809994}, "4": {"accuracy": 0.8333333333333334, "roc_auc": 0.9184746877054568}}, "plot_path": "./Predictions/All_GENES/Only combined libraries/chi2/Pictures/7.png"}, "8": {"ensembles": "ENSG00000198804, ENSG00000111678, ENSG00000152082, ENSG00000213442, ENSG00000236552, ENSG00000203875, ENSG00000171858, ENSG00000215030", "genes": "MT-CO1, C12orf57, MZT2B, RPL18AP3, RPL13AP5, SNHG5, RPS21, RPL13P12", "results": {"0": {"accuracy": 0.8205128205128205, "roc_auc": 0.9148586456278764}, "1": {"accuracy": 0.7948717948717948, "roc_auc": 0.9151873767258383}, "2": {"accuracy": 0.8205128205128205, "roc_auc": 0.9171597633136094}, "3": {"accuracy": 0.8333333333333334, "roc_auc": 0.9214332675871137}, "4": {"accuracy": 0.8333333333333334, "roc_auc": 0.9128862590401052}}, "plot_path": "./Predictions/All_GENES/Only combined libraries/chi2/Pictures/8.png"}, "9": {"ensembles": "ENSG00000198804, ENSG00000111678, ENSG00000152082, ENSG00000213442, ENSG00000236552, ENSG00000225178, ENSG00000203875, ENSG00000171858, ENSG00000215030", "genes": "MT-CO1, C12orf57, MZT2B, RPL18AP3, RPL13AP5, RPSAP58, SNHG5, RPS21, RPL13P12", "results": {"0": {"accuracy": 0.8333333333333334, "roc_auc": 0.9119000657462196}, "1": {"accuracy": 0.8205128205128205, "roc_auc": 0.9066403681788298}, "2": {"accuracy": 0.7948717948717948, "roc_auc": 0.9119000657462196}, "3": {"accuracy": 0.8205128205128205, "roc_auc": 0.9076265614727154}, "4": {"accuracy": 0.782051282051282, "roc_auc": 0.9128862590401052}}, "plot_path": "./Predictions/All_GENES/Only combined libraries/chi2/Pictures/9.png"}, "10": {"ensembles": "ENSG00000198804, ENSG00000111678, ENSG00000152082, ENSG00000213442, ENSG00000236552, ENSG00000175602, ENSG00000225178, ENSG00000203875, ENSG00000171858, ENSG00000215030", "genes": "MT-CO1, C12orf57, MZT2B, RPL18AP3, RPL13AP5, CCDC85B, RPSAP58, SNHG5, RPS21, RPL13P12", "results": {"0": {"accuracy": 0.8205128205128205, "roc_auc": 0.9191321499013807}, "1": {"accuracy": 0.8461538461538461, "roc_auc": 0.925706771860618}, "2": {"accuracy": 0.8076923076923077, "roc_auc": 0.9151873767258383}, "3": {"accuracy": 0.8461538461538461, "roc_auc": 0.9204470742932281}, "4": {"accuracy": 0.8333333333333334, "roc_auc": 0.9250493096646943}}, "plot_path": "./Predictions/All_GENES/Only combined libraries/chi2/Pictures/10.png"}, "11": {"ensembles": "ENSG00000198804, ENSG00000111678, ENSG00000152082, ENSG00000213442, ENSG00000236552, ENSG00000175602, ENSG00000225178, ENSG00000161179, ENSG00000203875, ENSG00000171858, ENSG00000215030", "genes": "MT-CO1, C12orf57, MZT2B, RPL18AP3, RPL13AP5, CCDC85B, RPSAP58, YDJC, SNHG5, RPS21, RPL13P12", "results": {"0": {"accuracy": 0.8076923076923077, "roc_auc": 0.9178172255095332}, "1": {"accuracy": 0.7948717948717948, "roc_auc": 0.915844838921762}, "2": {"accuracy": 0.8076923076923077, "roc_auc": 0.9102564102564102}, "3": {"accuracy": 0.8205128205128205, "roc_auc": 0.9145299145299146}, "4": {"accuracy": 0.8205128205128205, "roc_auc": 0.9217619986850757}}, "plot_path": "./Predictions/All_GENES/Only combined libraries/chi2/Pictures/11.png"}, "12": {"ensembles": "ENSG00000198804, ENSG00000179085, ENSG00000111678, ENSG00000152082, ENSG00000213442, ENSG00000236552, ENSG00000175602, ENSG00000225178, ENSG00000161179, ENSG00000203875, ENSG00000171858, ENSG00000215030", "genes": "MT-CO1, DPM3, C12orf57, MZT2B, RPL18AP3, RPL13AP5, CCDC85B, RPSAP58, YDJC, SNHG5, RPS21, RPL13P12", "results": {"0": {"accuracy": 0.8333333333333334, "roc_auc": 0.9237343852728468}, "1": {"accuracy": 0.8333333333333334, "roc_auc": 0.9230769230769231}, "2": {"accuracy": 0.8205128205128205, "roc_auc": 0.9270216962524654}, "3": {"accuracy": 0.8205128205128205, "roc_auc": 0.9257067718606181}, "4": {"accuracy": 0.8333333333333334, "roc_auc": 0.9217619986850757}}, "plot_path": "./Predictions/All_GENES/Only combined libraries/chi2/Pictures/12.png"}, "13": {"ensembles": "ENSG00000198804, ENSG00000179085, ENSG00000111678, ENSG00000152082, ENSG00000204387, ENSG00000213442, ENSG00000236552, ENSG00000175602, ENSG00000225178, ENSG00000161179, ENSG00000203875, ENSG00000171858, ENSG00000215030", "genes": "MT-CO1, DPM3, C12orf57, MZT2B, C6orf48, RPL18AP3, RPL13AP5, CCDC85B, RPSAP58, YDJC, SNHG5, RPS21, RPL13P12", "results": {"0": {"accuracy": 0.8589743589743589, "roc_auc": 0.9428007889546351}, "1": {"accuracy": 0.8076923076923077, "roc_auc": 0.9395134779750164}, "2": {"accuracy": 0.8333333333333334, "roc_auc": 0.9421433267587114}, "3": {"accuracy": 0.8333333333333334, "roc_auc": 0.9395134779750165}, "4": {"accuracy": 0.8461538461538461, "roc_auc": 0.9388560157790927}}, "plot_path": "./Predictions/All_GENES/Only combined libraries/chi2/Pictures/13.png"}, "14": {"ensembles": "ENSG00000198804, ENSG00000179085, ENSG00000111678, ENSG00000152082, ENSG00000204387, ENSG00000213442, ENSG00000236552, ENSG00000175602, ENSG00000103254, ENSG00000225178, ENSG00000161179, ENSG00000203875, ENSG00000171858, ENSG00000215030", "genes": "MT-CO1, DPM3, C12orf57, MZT2B, C6orf48, RPL18AP3, RPL13AP5, CCDC85B, FAM173A, RPSAP58, YDJC, SNHG5, RPS21, RPL13P12", "results": {"0": {"accuracy": 0.8461538461538461, "roc_auc": 0.938198553583169},