,selector,gene_names,weights,absolute weights
2,ENSG00000204387,C6orf48,0.38387748748576,0.38387748748576
0,ENSG00000179085,DPM3,0.3090118194293097,0.3090118194293097
1,ENSG00000111678,C12orf57,0.3071106930849301,0.3071106930849301
