,selector,gene_names,weights,absolute weights
2,ENSG00000204387,C6orf48,0.4532570060737528,0.4532570060737528
0,ENSG00000179085,DPM3,0.2030444713106161,0.2030444713106161
1,ENSG00000111678,C12orf57,0.18402550563938866,0.18402550563938866
3,ENSG00000233493,TMEM238,0.15967301697624242,0.15967301697624242
