,selector,gene_names,weights,absolute weights
2,ENSG00000204387,C6orf48,0.37176996067796103,0.37176996067796103
0,ENSG00000179085,DPM3,0.1811631951931598,0.1811631951931598
1,ENSG00000111678,C12orf57,0.17486364377837957,0.17486364377837957
3,ENSG00000233493,TMEM238,0.1465937656241236,0.1465937656241236
4,ENSG00000141933,TPGS1,0.12560943472637606,0.12560943472637606
