,selector,gene_names,weights,absolute weights
3,ENSG00000204387,C6orf48,0.3177949061990543,0.3177949061990543
0,ENSG00000179085,DPM3,0.17067335659411118,0.17067335659411118
4,ENSG00000233493,TMEM238,0.15378338125787472,0.15378338125787472
1,ENSG00000111678,C12orf57,0.14498611258387484,0.14498611258387484
2,ENSG00000152082,MZT2B,0.1146505932618246,0.1146505932618246
5,ENSG00000171858,RPS21,0.09811165010326026,0.09811165010326026
