,selector,gene_names,weights,absolute weights
3,ENSG00000204387,C6orf48,0.2788887416162075,0.2788887416162075
0,ENSG00000179085,DPM3,0.15134001787612125,0.15134001787612125
1,ENSG00000111678,C12orf57,0.14227486388094462,0.14227486388094462
4,ENSG00000233493,TMEM238,0.12533539490733867,0.12533539490733867
2,ENSG00000152082,MZT2B,0.10800602993493001,0.10800602993493001
5,ENSG00000141933,TPGS1,0.10546596100017858,0.10546596100017858
6,ENSG00000167700,MFSD3,0.08868899078427911,0.08868899078427911
