,selector,gene_names,weights,absolute weights
3,ENSG00000204387,C6orf48,0.25352179092864063,0.25352179092864063
0,ENSG00000179085,DPM3,0.14768815081828252,0.14768815081828252
1,ENSG00000111678,C12orf57,0.13424323372066618,0.13424323372066618
4,ENSG00000233493,TMEM238,0.11126439101349452,0.11126439101349452
5,ENSG00000141933,TPGS1,0.10422810362865163,0.10422810362865163
2,ENSG00000152082,MZT2B,0.10146588395294223,0.10146588395294223
6,ENSG00000171858,RPS21,0.07955220002480348,0.07955220002480348
7,ENSG00000188290,HES4,0.06803624591251886,0.06803624591251886
