,selector,gene_names,weights,absolute weights
3,ENSG00000204387,C6orf48,0.3447111674877629,0.3447111674877629
0,ENSG00000179085,DPM3,0.1665168103902583,0.1665168103902583
1,ENSG00000111678,C12orf57,0.12494912151785904,0.12494912151785904
4,ENSG00000233493,TMEM238,0.1194675545145978,0.1194675545145978
8,ENSG00000177469,PTRF,0.08517347094871212,0.08517347094871212
5,ENSG00000141933,TPGS1,0.06391559101375517,0.06391559101375517
2,ENSG00000152082,MZT2B,0.036121714806606434,0.036121714806606434
7,ENSG00000188290,HES4,0.03022933728190094,0.03022933728190094
6,ENSG00000171858,RPS21,0.028915232038547227,0.028915232038547227
