,selector,gene_names,weights,absolute weights
0,ENSG00000170889,RPS9,0.5286974434856171,0.5286974434856171
2,ENSG00000133112,TPT1,0.23678227329838294,0.23678227329838294
1,ENSG00000145425,RPS3A,0.2345202832159999,0.2345202832159999
