,selector,gene_names,weights,absolute weights
0,ENSG00000170889,RPS9,0.6270387753328119,0.6270387753328119
3,ENSG00000133112,TPT1,0.17731636651036603,0.17731636651036603
1,ENSG00000145425,RPS3A,0.1178758352290848,0.1178758352290848
2,ENSG00000229117,RPL41,0.07776902292773723,0.07776902292773723
