,selector,gene_names,weights,absolute weights
0,ENSG00000170889,RPS9,0.5412237362869242,0.5412237362869242
2,ENSG00000147604,RPL7,0.18981366950829429,0.18981366950829429
4,ENSG00000133112,TPT1,0.12876993641764972,0.12876993641764972
1,ENSG00000145425,RPS3A,0.08536468457959329,0.08536468457959329
3,ENSG00000229117,RPL41,0.054827973207538405,0.054827973207538405
