,selector,gene_names,weights,absolute weights
0,ENSG00000170889,RPS9,0.42386886527162093,0.42386886527162093
3,ENSG00000131469,RPL27,0.19584476764089045,0.19584476764089045
2,ENSG00000147604,RPL7,0.10414074145786047,0.10414074145786047
4,ENSG00000229117,RPL41,0.10368161320356108,0.10368161320356108
5,ENSG00000133112,TPT1,0.0972469166892006,0.0972469166892006
1,ENSG00000145425,RPS3A,0.07521709573686663,0.07521709573686663
