,selector,gene_names,weights,absolute weights
0,ENSG00000170889,RPS9,0.39974990928801135,0.39974990928801135
3,ENSG00000131469,RPL27,0.1909725409330516,0.1909725409330516
2,ENSG00000147604,RPL7,0.11484522960502293,0.11484522960502293
6,ENSG00000133112,TPT1,0.09081506729124848,0.09081506729124848
1,ENSG00000145425,RPS3A,0.07883588069394419,0.07883588069394419
5,ENSG00000229117,RPL41,0.06676256539926974,0.06676256539926974
4,ENSG00000163682,RPL9,0.05801880678945158,0.05801880678945158
