,selector,gene_names,weights,absolute weights
0,ENSG00000170889,RPS9,0.40024441108832837,0.40024441108832837
1,ENSG00000136942,RPL35,0.224637531265062,0.224637531265062
4,ENSG00000131469,RPL27,0.13167009077406197,0.13167009077406197
6,ENSG00000229117,RPL41,0.060119090112376344,0.060119090112376344
3,ENSG00000147604,RPL7,0.0586179537660186,0.0586179537660186
7,ENSG00000133112,TPT1,0.04674602423791532,0.04674602423791532
5,ENSG00000163682,RPL9,0.040552306815641814,0.040552306815641814
2,ENSG00000145425,RPS3A,0.037412591940595506,0.037412591940595506
