,selector,gene_names,weights,absolute weights
0,ENSG00000170889,RPS9,0.3654480246434686,0.3654480246434686
1,ENSG00000136942,RPL35,0.21263169758518863,0.21263169758518863
5,ENSG00000131469,RPL27,0.13110979965882968,0.13110979965882968
7,ENSG00000229117,RPL41,0.05942131708404077,0.05942131708404077
4,ENSG00000147604,RPL7,0.05630754230468071,0.05630754230468071
8,ENSG00000133112,TPT1,0.049542367627097746,0.049542367627097746
3,ENSG00000071082,RPL31,0.04757662561429692,0.04757662561429692
6,ENSG00000163682,RPL9,0.04042311198398304,0.04042311198398304
2,ENSG00000145425,RPS3A,0.03753951349841392,0.03753951349841392
