,selector,gene_names,weights,absolute weights
1,ENSG00000236552,RPL13AP5,0.3912493203672113,0.3912493203672113
0,ENSG00000213442,RPL18AP3,0.3204332821840845,0.3204332821840845
2,ENSG00000171858,RPS21,0.28831739744870444,0.28831739744870444
