,selector,gene_names,weights,absolute weights
2,ENSG00000203875,SNHG5,0.35787474676735065,0.35787474676735065
1,ENSG00000236552,RPL13AP5,0.3117120351332127,0.3117120351332127
0,ENSG00000213442,RPL18AP3,0.18332829106949683,0.18332829106949683
3,ENSG00000171858,RPS21,0.1470849270299399,0.1470849270299399
