,selector,gene_names,weights,absolute weights
3,ENSG00000203875,SNHG5,0.3067447428158038,0.3067447428158038
2,ENSG00000236552,RPL13AP5,0.25391516483695564,0.25391516483695564
0,ENSG00000111678,C12orf57,0.22046713389359945,0.22046713389359945
1,ENSG00000213442,RPL18AP3,0.12777378802511188,0.12777378802511188
4,ENSG00000171858,RPS21,0.09109917042852908,0.09109917042852908
