,selector,gene_names,weights,absolute weights
4,ENSG00000203875,SNHG5,0.2622705964576843,0.2622705964576843
3,ENSG00000236552,RPL13AP5,0.2118903602549812,0.2118903602549812
0,ENSG00000111678,C12orf57,0.1914665124869309,0.1914665124869309
1,ENSG00000152082,MZT2B,0.14454762984190692,0.14454762984190692
2,ENSG00000213442,RPL18AP3,0.10506230467334902,0.10506230467334902
5,ENSG00000171858,RPS21,0.08476259628514773,0.08476259628514773
