,selector,gene_names,weights,absolute weights
5,ENSG00000203875,SNHG5,0.242927469896237,0.242927469896237
4,ENSG00000236552,RPL13AP5,0.19151564620468198,0.19151564620468198
1,ENSG00000111678,C12orf57,0.1887953676303887,0.1887953676303887
2,ENSG00000152082,MZT2B,0.14516772484511345,0.14516772484511345
3,ENSG00000213442,RPL18AP3,0.11287252253973744,0.11287252253973744
6,ENSG00000171858,RPS21,0.10464285469907313,0.10464285469907313
0,ENSG00000198804,MT-CO1,0.014078414184768167,0.014078414184768167
