,selector,gene_names,weights,absolute weights
5,ENSG00000203875,SNHG5,0.2285030969603512,0.2285030969603512
4,ENSG00000236552,RPL13AP5,0.18511095280185538,0.18511095280185538
1,ENSG00000111678,C12orf57,0.16334520320997872,0.16334520320997872
2,ENSG00000152082,MZT2B,0.13933642794619525,0.13933642794619525
3,ENSG00000213442,RPL18AP3,0.11415620193635578,0.11415620193635578
6,ENSG00000171858,RPS21,0.0932252637556986,0.0932252637556986
7,ENSG00000215030,RPL13P12,0.059134874699760975,0.059134874699760975
0,ENSG00000198804,MT-CO1,0.017187978689803856,0.017187978689803856
