,selector,gene_names,weights,absolute weights
6,ENSG00000203875,SNHG5,0.26009620309018905,0.26009620309018905
4,ENSG00000236552,RPL13AP5,0.1843520238206254,0.1843520238206254
1,ENSG00000111678,C12orf57,0.16885303741162017,0.16885303741162017
2,ENSG00000152082,MZT2B,0.13321669084263205,0.13321669084263205
3,ENSG00000213442,RPL18AP3,0.0887099174429784,0.0887099174429784
7,ENSG00000171858,RPS21,0.07427752441543113,0.07427752441543113
8,ENSG00000215030,RPL13P12,0.037714588356795996,0.037714588356795996
5,ENSG00000225178,RPSAP58,0.03727141071799081,0.03727141071799081
0,ENSG00000198804,MT-CO1,0.015508603901736969,0.015508603901736969
