{"3": {"ensembles": "ENSG00000170889, ENSG00000145425, ENSG00000133112", "genes": "RPS9, RPS3A, TPT1", "results": {"0": {"accuracy": 0.782051282051282, "roc_auc": 0.9020381328073636}, "1": {"accuracy": 0.8076923076923077, "roc_auc": 0.9105851413543721}, "2": {"accuracy": 0.8076923076923077, "roc_auc": 0.9049967126890204}, "3": {"accuracy": 0.782051282051282, "roc_auc": 0.9007232084155161}, "4": {"accuracy": 0.8205128205128205, "roc_auc": 0.9072978303747534}}, "plot_path": "./Predictions/CODING/EdgeR/chi2/Pictures/3.png"}, "4": {"ensembles": "ENSG00000170889, ENSG00000145425, ENSG00000229117, ENSG00000133112", "genes": "RPS9, RPS3A, RPL41, TPT1", "results": {"0": {"accuracy": 0.782051282051282, "roc_auc": 0.9053254437869822}, "1": {"accuracy": 0.782051282051282, "roc_auc": 0.9161735700197238}, "2": {"accuracy": 0.7948717948717948, "roc_auc": 0.9145299145299145}, "3": {"accuracy": 0.7692307692307693, "roc_auc": 0.9112426035502958}, "4": {"accuracy": 0.7692307692307693, "roc_auc": 0.9105851413543721}}, "plot_path": "./Predictions/CODING/EdgeR/chi2/Pictures/4.png"}, "5": {"ensembles": "ENSG00000170889, ENSG00000145425, ENSG00000147604, ENSG00000229117, ENSG00000133112", "genes": "RPS9, RPS3A, RPL7, RPL41, TPT1", "results": {"0": {"accuracy": 0.7948717948717948, "roc_auc": 0.9066403681788296}, "1": {"accuracy": 0.7948717948717948, "roc_auc": 0.9040105193951348}, "2": {"accuracy": 0.7948717948717948, "roc_auc": 0.9040105193951348}, "3": {"accuracy": 0.7948717948717948, "roc_auc": 0.9040105193951348}, "4": {"accuracy": 0.7948717948717948, "roc_auc": 0.9013806706114398}}, "plot_path": "./Predictions/CODING/EdgeR/chi2/Pictures/5.png"}, "6": {"ensembles": "ENSG00000170889, ENSG00000145425, ENSG00000147604, ENSG00000131469, ENSG00000229117, ENSG00000133112", "genes": "RPS9, RPS3A, RPL7, RPL27, RPL41, TPT1", "results": {"0": {"accuracy": 0.782051282051282, "roc_auc": 0.8875739644970414}, "1": {"accuracy": 0.8076923076923077, "roc_auc": 0.8875739644970414}, "2": {"accuracy": 0.7948717948717948, "roc_auc": 0.8948060486522025}, "3": {"accuracy": 0.7948717948717948, "roc_auc": 0.8974358974358974}, "4": {"accuracy": 0.7948717948717948, "roc_auc": 0.8994082840236687}}, "plot_path": "./Predictions/CODING/EdgeR/chi2/Pictures/6.png"}, "7": {"ensembles": "ENSG00000170889, ENSG00000145425, ENSG00000147604, ENSG00000131469, ENSG00000163682, ENSG00000229117, ENSG00000133112", "genes": "RPS9, RPS3A, RPL7, RPL27, RPL9, RPL41, TPT1", "results": {"0": {"accuracy": 0.8205128205128205, "roc_auc": 0.9000657462195923}, "1": {"accuracy": 0.7948717948717948, "roc_auc": 0.9026955950032873}, "2": {"accuracy": 0.8076923076923077, "roc_auc": 0.9007232084155161}, "3": {"accuracy": 0.8076923076923077, "roc_auc": 0.8967784352399737}, "4": {"accuracy": 0.8333333333333334, "roc_auc": 0.9066403681788298}}, "plot_path": "./Predictions/CODING/EdgeR/chi2/Pictures/7.png"}, "8": {"ensembles": "ENSG00000170889, ENSG00000136942, ENSG00000145425, ENSG00000147604, ENSG00000131469, ENSG00000163682, ENSG00000229117, ENSG00000133112", "genes": "RPS9, RPL35, RPS3A, RPL7, RPL27, RPL9, RPL41, TPT1", "results": {"0": {"accuracy": 0.7948717948717948, "roc_auc": 0.9053254437869822}, "1": {"accuracy": 0.7948717948717948, "roc_auc": 0.905982905982906}, "2": {"accuracy": 0.7948717948717948, "roc_auc": 0.905982905982906}, "3": {"accuracy": 0.7948717948717948, "roc_auc": 0.9007232084155161}, "4": {"accuracy": 0.8076923076923077, "roc_auc": 0.9020381328073636}}, "plot_path": "./Predictions/CODING/EdgeR/chi2/Pictures/8.png"}, "9": {"ensembles": "ENSG00000170889, ENSG00000136942, ENSG00000145425, ENSG00000071082, ENSG00000147604, ENSG00000131469, ENSG00000163682, ENSG00000229117, ENSG00000133112", "genes": "RPS9, RPL35, RPS3A, RPL31, RPL7, RPL27, RPL9, RPL41, TPT1", "results": {"0": {"accuracy": 0.782051282051282, "roc_auc": 0.9099276791584483}, "1": {"accuracy": 0.782051282051282, "roc_auc": 0.9013806706114398}, "2": {"accuracy": 0.7948717948717948, "roc_auc": 0.9013806706114398}, "3": {"accuracy": 0.8333333333333334, "roc_auc": 0.9040105193951348}, "4": {"accuracy": 0.8205128205128205, "roc_auc": 0.9112426035502958}}, "plot_path": "./Predictions/CODING/EdgeR/chi2/Pictures/9.png"}, "10": {"ensembles": "ENSG00000170889, ENSG00000136942, ENSG00000145425, ENSG00000071082, ENSG00000171863, ENSG00000147604, ENSG00000131469, ENSG00000163682, ENSG00000229117, ENSG00000133112", "genes": "RPS9, RPL35, RPS3A, RPL31, RPS7, RPL7, RPL27, RPL9, RPL41, TPT1", "results": {"0": {"accuracy": 0.8333333333333334, "roc_auc": 0.9125575279421433}, "1": {"accuracy": 0.8333333333333334, "roc_auc": 0.8961209730440499}, "2": {"accuracy": 0.8076923076923077, "roc_auc": 0.9066403681788296}, "3": {"accuracy": 0.8076923076923077, "roc_auc": 0.8974358974358975}, "4": {"accuracy": 0.7948717948717948, "roc_auc": 0.8967784352399737}}, "plot_path": "./Predictions/CODING/EdgeR/chi2/Pictures/10.png"}, "11": {"ensembles": "ENSG00000170889, ENSG00000136942, ENSG00000145425, ENSG00000071082, ENSG00000171863, ENSG00000125691, ENSG00000147604, ENSG00000131469, ENSG00000163682, ENSG00000229117, ENSG00000133112", "genes": "RPS9, RPL35, RPS3A, RPL31, RPS7, RPL23, RPL7, RPL27, RPL9, RPL41, TPT1", "results": {"0": {"accuracy": 0.8333333333333334, "roc_auc": 0.9020381328073636}, "1": {"accuracy": 0.7948717948717948, "roc_auc": 0.9112426035502958}, "2": {"accuracy": 0.8333333333333334, "roc_auc": 0.9066403681788298}, "3": {"accuracy": 0.7948717948717948, "roc_auc": 0.9138724523339908}, "4": {"accuracy": 0.782051282051282, "roc_auc": 0.9020381328073636}}, "plot_path": "./Predictions/CODING/EdgeR/chi2/Pictures/11.png"}, "12": {"ensembles": "ENSG00000170889, ENSG00000136942, ENSG00000145425, ENSG00000071082, ENSG00000171863, ENSG00000125691, ENSG00000147604, ENSG00000131469, ENSG00000163682, ENSG00000229117, ENSG00000213741, ENSG00000133112", "genes": "RPS9, RPL35, RPS3A, RPL31, RPS7, RPL23, RPL7, RPL27, RPL9, RPL41, RPS29, TPT1", "results": {"0": {"accuracy": 0.8076923076923077, "roc_auc": 0.9007232084155162}, "1": {"accuracy": 0.7948717948717948, "roc_auc": 0.9000657462195923}, "2": {"accuracy": 0.8205128205128205, "roc_auc": 0.9151873767258383}, "3": {"accuracy": 0.7948717948717948, "roc_auc": 0.8905325443786982}, "4": {"accuracy": 0.8076923076923077, "roc_auc": 0.8980933596318211}}, "plot_path": "./Predictions/CODING/EdgeR/chi2/Pictures/12.png"}, "13": {"ensembles": "ENSG00000171858, ENSG00000170889, ENSG00000136942, ENSG00000145425, ENSG00000071082, ENSG00000171863, ENSG00000125691, ENSG00000147604, ENSG00000131469, ENSG00000163682, ENSG00000229117, ENSG00000213741, ENSG00000133112", "genes": "RPS21, RPS9, RPL35, RPS3A, RPL31, RPS7, RPL23, RPL7, RPL27, RPL9, RPL41, RPS29, TPT1", "results": {"0": {"accuracy": 0.8076923076923077, "roc_auc": 0.9017094017094017}, "1": {"accuracy": 0.7948717948717948, "roc_auc": 0.8941485864562787}, "2": {"accuracy": 0.8333333333333334, "roc_auc": 0.9112426035502958}, "3": {"accuracy": 0.8076923076923077, "roc_auc": 0.9046679815910585}, "4": {"accuracy": 0.782051282051282, "roc_auc": 0.905982905982906}}, "plot_path": "./Predictions/CODING/EdgeR/chi2/Pictures/13.png"}, "14": {"ensembles": "ENSG00000171858, ENSG00000170889, ENSG00000136942, ENSG00000145425, ENSG00000071082, ENSG00000171863, ENSG00000125691, ENSG00000138326, ENSG00000147604, ENSG00000131469, ENSG00000163682, ENSG00000229117, ENSG00000213741, ENSG00000133112", "genes": "RPS21, RPS9, RPL35, RPS3A, RPL31, RPS7, RPL23, RPS24, RPL7, RPL27, RPL9, RPL41, RPS29, TPT1", "results": {"0": {"accuracy": 0.8076923076923077, "roc_auc": 0.8967784352399737}, "1": {"accuracy": 0.8205128205128205, "roc_auc": 0.8954635108481261}, "2": {"accuracy": 0.8205128205128205, "roc_auc": 0.9033530571992111}, "3": {"accuracy": 0.7948717948717948, "roc_auc": 0.9020381328073636}, "4": {"accuracy": 0.8205128205128205, "roc_auc": 0.9046679815910585}}, "plot_path": "./Predictions/CODING/EdgeR/chi2/Pictures/14.png"},