,selector,gene_names,weights,absolute weights
0,ENSG00000204387,C6orf48,0.3571397287323306,0.3571397287323306
2,ENSG00000145337,PYURF,0.32645215517752035,0.32645215517752035
1,ENSG00000170889,RPS9,0.31640811609014907,0.31640811609014907
