,selector,gene_names,weights,absolute weights
0,ENSG00000204387,C6orf48,0.3885008937942465,0.3885008937942465
2,ENSG00000145337,PYURF,0.24731778127911325,0.24731778127911325
1,ENSG00000170889,RPS9,0.21056856214195627,0.21056856214195627
3,ENSG00000125995,ROMO1,0.15361276278468386,0.15361276278468386
