,selector,gene_names,weights,absolute weights
1,ENSG00000204387,C6orf48,0.38987117171419566,0.38987117171419566
4,ENSG00000145337,PYURF,0.24232117129332847,0.24232117129332847
3,ENSG00000170889,RPS9,0.19433133456718027,0.19433133456718027
0,ENSG00000179085,DPM3,0.10108208729021434,0.10108208729021434
2,ENSG00000233493,TMEM238,0.07239423513508125,0.07239423513508125
