,selector,gene_names,weights,absolute weights
1,ENSG00000204387,C6orf48,0.2777941420906003,0.2777941420906003
3,ENSG00000145337,PYURF,0.19728827696897336,0.19728827696897336
2,ENSG00000170889,RPS9,0.1637399969459396,0.1637399969459396
5,ENSG00000125995,ROMO1,0.13151552079440906,0.13151552079440906
0,ENSG00000179085,DPM3,0.11628328359113316,0.11628328359113316
4,ENSG00000117543,DPH5,0.11337877960894459,0.11337877960894459
