,selector,gene_names,weights,absolute weights
0,ENSG00000204387,C6orf48,0.25296845082982916,0.25296845082982916
4,ENSG00000145337,PYURF,0.1717392551869766,0.1717392551869766
2,ENSG00000170889,RPS9,0.15489438398191135,0.15489438398191135
6,ENSG00000125995,ROMO1,0.1288463223487952,0.1288463223487952
5,ENSG00000117543,DPH5,0.11513028677912542,0.11513028677912542
3,ENSG00000172428,COPS9,0.09301530830502089,0.09301530830502089
1,ENSG00000141933,TPGS1,0.08340599256834129,0.08340599256834129
