,selector,gene_names,weights,absolute weights
1,ENSG00000204387,C6orf48,0.21899720197479453,0.21899720197479453
5,ENSG00000145337,PYURF,0.16332102657544614,0.16332102657544614
3,ENSG00000170889,RPS9,0.1483272323973135,0.1483272323973135
7,ENSG00000125995,ROMO1,0.10921300397209635,0.10921300397209635
6,ENSG00000117543,DPH5,0.09910618033855426,0.09910618033855426
0,ENSG00000179085,DPM3,0.09776674171373162,0.09776674171373162
4,ENSG00000172428,COPS9,0.08629745905904725,0.08629745905904725
2,ENSG00000233493,TMEM238,0.07697115396901644,0.07697115396901644
