,selector,gene_names,weights,absolute weights
1,ENSG00000204387,C6orf48,0.2353811052703925,0.2353811052703925
5,ENSG00000145337,PYURF,0.15185743495988552,0.15185743495988552
3,ENSG00000170889,RPS9,0.12630233576441,0.12630233576441
8,ENSG00000125995,ROMO1,0.10255305535910939,0.10255305535910939
2,ENSG00000233493,TMEM238,0.08980753969972874,0.08980753969972874
0,ENSG00000179085,DPM3,0.08707674582085821,0.08707674582085821
6,ENSG00000117543,DPH5,0.08390455700335113,0.08390455700335113
4,ENSG00000172428,COPS9,0.06576363978683486,0.06576363978683486
7,ENSG00000164405,UQCRQ,0.05735358633542955,0.05735358633542955
