,selector,gene_names,weights,absolute weights
0,ENSG00000233493,TMEM238,0.10521207283130926,0.10521207283130926
1,ENSG00000172803,SNX32,0.09347198550783944,0.09347198550783944
2,ENSG00000258429,PDF,0.084828724795441,0.084828724795441
