,selector,gene_names,weights,absolute weights
0,ENSG00000233493,TMEM238,0.08464711037951501,0.08464711037951501
1,ENSG00000172803,SNX32,0.07281720931179153,0.07281720931179153
3,ENSG00000258429,PDF,0.06788066863383811,0.06788066863383811
2,ENSG00000184986,TMEM121,0.06499267899342669,0.06499267899342669
