,selector,gene_names,weights,absolute weights
0,ENSG00000233493,TMEM238,0.07523586066999603,0.07523586066999603
1,ENSG00000172803,SNX32,0.07248958712776622,0.07248958712776622
4,ENSG00000258429,PDF,0.06281490992391633,0.06281490992391633
3,ENSG00000184986,TMEM121,0.059186569483242794,0.059186569483242794
2,ENSG00000155428,TRIM74,0.018746505684505723,0.018746505684505723
