,selector,gene_names,weights,absolute weights
2,ENSG00000172803,SNX32,0.09054503357846946,0.09054503357846946
0,ENSG00000233493,TMEM238,0.08478674626249898,0.08478674626249898
5,ENSG00000258429,PDF,0.0717758892015378,0.0717758892015378
4,ENSG00000184986,TMEM121,0.055795721944814664,0.055795721944814664
3,ENSG00000155428,TRIM74,0.03327827688925337,0.03327827688925337
1,ENSG00000167476,JSRP1,-0.01597747035752248,0.01597747035752248
