,selector,gene_names,weights,absolute weights
6,ENSG00000258429,PDF,0.07773814839562009,0.07773814839562009
1,ENSG00000233493,TMEM238,0.07003095137965684,0.07003095137965684
5,ENSG00000184986,TMEM121,0.06602463526884288,0.06602463526884288
3,ENSG00000172803,SNX32,0.05558535807177647,0.05558535807177647
4,ENSG00000155428,TRIM74,0.04703742242011731,0.04703742242011731
2,ENSG00000167476,JSRP1,-0.042584816413575324,0.042584816413575324
0,ENSG00000204387,C6orf48,0.01621155007831589,0.01621155007831589
