,selector,gene_names,weights,absolute weights
7,ENSG00000258429,PDF,0.4220018182548557,0.4220018182548557
4,ENSG00000172803,SNX32,0.2771529973877651,0.2771529973877651
1,ENSG00000233493,TMEM238,0.27552078406057834,0.27552078406057834
5,ENSG00000155428,TRIM74,0.24144928315665146,0.24144928315665146
6,ENSG00000184986,TMEM121,0.2132792230559997,0.2132792230559997
3,ENSG00000167476,JSRP1,-0.17088293306957383,0.17088293306957383
0,ENSG00000204387,C6orf48,0.061043821394917666,0.061043821394917666
2,ENSG00000167700,MFSD3,-0.054831400924574294,0.054831400924574294
