,selector,gene_names,weights,absolute weights
8,ENSG00000258429,PDF,0.28440542061958,0.28440542061958
1,ENSG00000233493,TMEM238,0.17320893342736884,0.17320893342736884
4,ENSG00000172803,SNX32,0.16772818628615474,0.16772818628615474
7,ENSG00000184986,TMEM121,0.15831563194662343,0.15831563194662343
5,ENSG00000155428,TRIM74,0.14063853251034233,0.14063853251034233
3,ENSG00000167476,JSRP1,-0.09384464221905268,0.09384464221905268
0,ENSG00000204387,C6orf48,0.04285778610941321,0.04285778610941321
2,ENSG00000167700,MFSD3,-0.04259477988090996,0.04259477988090996
6,ENSG00000173210,ABLIM3,0.008961113773857918,0.008961113773857918
