{"3": {"ensembles": "ENSG00000179085, ENSG00000204387, ENSG00000203875", "genes": "DPM3, C6orf48, SNHG5", "results": {"0": {"accuracy": 0.8974358974358975, "roc_auc": 0.955292570677186}, "1": {"accuracy": 0.8717948717948718, "roc_auc": 0.9546351084812624}, "2": {"accuracy": 0.8846153846153846, "roc_auc": 0.9585798816568047}, "3": {"accuracy": 0.8717948717948718, "roc_auc": 0.9618671926364234}, "4": {"accuracy": 0.8846153846153846, "roc_auc": 0.9612097304404996}}, "plot_path": "./Predictions/CODING/Only combined libraries/RFE/Pictures/3.png"}, "4": {"ensembles": "ENSG00000179085, ENSG00000111678, ENSG00000204387, ENSG00000203875", "genes": "DPM3, C12orf57, C6orf48, SNHG5", "results": {"0": {"accuracy": 0.8717948717948718, "roc_auc": 0.9552925706771861}, "1": {"accuracy": 0.8717948717948718, "roc_auc": 0.9539776462853385}, "2": {"accuracy": 0.8589743589743589, "roc_auc": 0.9539776462853387}, "3": {"accuracy": 0.8461538461538461, "roc_auc": 0.9533201840894149}, "4": {"accuracy": 0.8461538461538461, "roc_auc": 0.9513477975016437}}, "plot_path": "./Predictions/CODING/Only combined libraries/RFE/Pictures/4.png"}, "5": {"ensembles": "ENSG00000179085, ENSG00000111678, ENSG00000204387, ENSG00000167700, ENSG00000203875", "genes": "DPM3, C12orf57, C6orf48, MFSD3, SNHG5", "results": {"0": {"accuracy": 0.8717948717948718, "roc_auc": 0.9585798816568047}, "1": {"accuracy": 0.8974358974358975, "roc_auc": 0.955292570677186}, "2": {"accuracy": 0.8846153846153846, "roc_auc": 0.9559500328731098}, "3": {"accuracy": 0.8846153846153846, "roc_auc": 0.9546351084812623}, "4": {"accuracy": 0.8846153846153846, "roc_auc": 0.9566074950690335}}, "plot_path": "./Predictions/CODING/Only combined libraries/RFE/Pictures/5.png"}, "6": {"ensembles": "ENSG00000179085, ENSG00000111678, ENSG00000204387, ENSG00000233493, ENSG00000141933, ENSG00000203875", "genes": "DPM3, C12orf57, C6orf48, TMEM238, TPGS1, SNHG5", "results": {"0": {"accuracy": 0.8974358974358975, "roc_auc": 0.9605522682445758}, "1": {"accuracy": 0.8846153846153846, "roc_auc": 0.9562787639710716}, "2": {"accuracy": 0.8846153846153846, "roc_auc": 0.9612097304404996}, "3": {"accuracy": 0.8717948717948718, "roc_auc": 0.9585798816568047}, "4": {"accuracy": 0.8974358974358975, "roc_auc": 0.9658119658119657}}, "plot_path": "./Predictions/CODING/Only combined libraries/RFE/Pictures/6.png"}, "7": {"ensembles": "ENSG00000179085, ENSG00000111678, ENSG00000152082, ENSG00000204387, ENSG00000233493, ENSG00000203875, ENSG00000188290", "genes": "DPM3, C12orf57, MZT2B, C6orf48, TMEM238, SNHG5, HES4", "results": {"0": {"accuracy": 0.8846153846153846, "roc_auc": 0.960552268244576}, "1": {"accuracy": 0.8974358974358975, "roc_auc": 0.9598948060486523}, "2": {"accuracy": 0.8846153846153846, "roc_auc": 0.9598948060486522}, "3": {"accuracy": 0.9102564102564102, "roc_auc": 0.9605522682445758}, "4": {"accuracy": 0.8846153846153846, "roc_auc": 0.9644970414201183}}, "plot_path": "./Predictions/CODING/Only combined libraries/RFE/Pictures/7.png"}, "8": {"ensembles": "ENSG00000179085, ENSG00000111678, ENSG00000152082, ENSG00000204387, ENSG00000233493, ENSG00000141933, ENSG00000203875, ENSG00000171858", "genes": "DPM3, C12orf57, MZT2B, C6orf48, TMEM238, TPGS1, SNHG5, RPS21", "results": {"0": {"accuracy": 0.8461538461538461, "roc_auc": 0.9526627218934911}, "1": {"accuracy": 0.8461538461538461, "roc_auc": 0.9539776462853387}, "2": {"accuracy": 0.8589743589743589, "roc_auc": 0.9559500328731099}, "3": {"accuracy": 0.8461538461538461, "roc_auc": 0.955292570677186}, "4": {"accuracy": 0.8461538461538461, "roc_auc": 0.9520052596975674}}, "plot_path": "./Predictions/CODING/Only combined libraries/RFE/Pictures/8.png"}, "9": {"ensembles": "ENSG00000179085, ENSG00000111678, ENSG00000152082, ENSG00000204387, ENSG00000233493, ENSG00000141933, ENSG00000203875, ENSG00000171858, ENSG00000184986", "genes": "DPM3, C12orf57, MZT2B, C6orf48, TMEM238, TPGS1, SNHG5, RPS21, TMEM121", "results": {"0": {"accuracy": 0.8461538461538461, "roc_auc": 0.9612097304404996}, "1": {"accuracy": 0.8717948717948718, "roc_auc": 0.9585798816568047}, "2": {"accuracy": 0.8717948717948718, "roc_auc": 0.957922419460881}, "3": {"accuracy": 0.8589743589743589, "roc_auc": 0.9559500328731098}, "4": {"accuracy": 0.8589743589743589, "roc_auc": 0.957922419460881}}, "plot_path": "./Predictions/CODING/Only combined libraries/RFE/Pictures/9.png"}, "10": {"ensembles": "ENSG00000179085, ENSG00000111678, ENSG00000152082, ENSG00000204387, ENSG00000233493, ENSG00000141933, ENSG00000167700, ENSG00000203875, ENSG00000172803, ENSG00000212123", "genes": "DPM3, C12orf57, MZT2B, C6orf48, TMEM238, TPGS1, MFSD3, SNHG5, SNX32, PRR22", "results": {"0": {"accuracy": 0.8333333333333334, "roc_auc": 0.9506903353057199}, "1": {"accuracy": 0.8717948717948718, "roc_auc": 0.9546351084812623}, "2": {"accuracy": 0.8846153846153846, "roc_auc": 0.9585798816568047}, "3": {"accuracy": 0.8717948717948718, "roc_auc": 0.9500328731097962}, "4": {"accuracy": 0.8846153846153846, "roc_auc": 0.9533201840894149}}, "plot_path": "./Predictions/CODING/Only combined libraries/RFE/Pictures/10.png"}, "11": {"ensembles": "ENSG00000179085, ENSG00000111678, ENSG00000152082, ENSG00000204387, ENSG00000233493, ENSG00000167700, ENSG00000203875, ENSG00000130748, ENSG00000171858, ENSG00000155428, ENSG00000212123", "genes": "DPM3, C12orf57, MZT2B, C6orf48, TMEM238, MFSD3, SNHG5, TMEM160, RPS21, TRIM74, PRR22", "results": {"0": {"accuracy": 0.8846153846153846, "roc_auc": 0.9618671926364235}, "1": {"accuracy": 0.8846153846153846, "roc_auc": 0.9631821170282708}, "2": {"accuracy": 0.8717948717948718, "roc_auc": 0.9592373438527284}, "3": {"accuracy": 0.8717948717948718, "roc_auc": 0.9566074950690335}, "4": {"accuracy": 0.8589743589743589, "roc_auc": 0.9520052596975674}}, "plot_path": "./Predictions/CODING/Only combined libraries/RFE/Pictures/11.png"}, "12": {"ensembles": "ENSG00000179085, ENSG00000111678, ENSG00000152082, ENSG00000204387, ENSG00000233493, ENSG00000112667, ENSG00000141933, ENSG00000203875, ENSG00000171858, ENSG00000155428, ENSG00000188290, ENSG00000258429", "genes": "DPM3, C12orf57, MZT2B, C6orf48, TMEM238, DNPH1, TPGS1, SNHG5, RPS21, TRIM74, HES4, PDF", "results": {"0": {"accuracy": 0.8974358974358975, "roc_auc": 0.9572649572649573}, "1": {"accuracy": 0.8717948717948718, "roc_auc": 0.9562787639710717}, "2": {"accuracy": 0.8589743589743589, "roc_auc": 0.9526627218934911}, "3": {"accuracy": 0.8589743589743589, "roc_auc": 0.9559500328731098}, "4": {"accuracy": 0.8717948717948718, "roc_auc": 0.9572649572649573}}, "plot_path": "./Predictions/CODING/Only combined libraries/RFE/Pictures/12.png"}, "13": {"ensembles": "ENSG00000179085, ENSG00000111678, ENSG00000152082, ENSG00000204387, ENSG00000233493, ENSG00000112667, ENSG00000141933, ENSG00000167700, ENSG00000203875, ENSG00000172803, ENSG00000171858, ENSG00000155428, ENSG00000188290", "genes": "DPM3, C12orf57, MZT2B, C6orf48, TMEM238, DNPH1, TPGS1, MFSD3, SNHG5, SNX32, RPS21, TRIM74, HES4", "results": {"0": {"accuracy": 0.8589743589743589, "roc_auc": 0.9566074950690335}, "1": {"accuracy": 0.8846153846153846, "roc_auc": 0.9612097304404996}, "2": {"accuracy": 0.8717948717948718, "roc_auc": 0.9585798816568047}, "3": {"accuracy": 0.8717948717948718, "roc_auc": 0.9559500328731096}, "4": {"accuracy": 0.8589743589743589, "roc_auc": 0.9513477975016437}}, "plot_path": "./Predictions/CODING/Only combined libraries/RFE/Pictures/13.png"}, "14": {"ensembles": "ENSG00000179085, ENSG00000111678, ENSG00000152082, ENSG00000204387, ENSG00000233493, ENSG00000112667, ENSG00000141933, ENSG00000167700, ENSG00000203875, ENSG00000172803, ENSG00000155428, ENSG00000212123, ENSG00000188290, ENSG00000184986", "genes": "DPM3, C12orf57, MZT2B, C6orf48, TMEM238, DNPH1, TPGS1, MFSD3, SNHG5, SNX32, TRIM74, PRR22, HES4, TMEM121", "results": {"0": {"accuracy": 0.9102564102564102, "roc_auc": 0.9618671926364234}, "1": {"accuracy": 0.8974358974358975, "roc_auc": 0.957922419460881}, "2": {"accuracy": 0.8717948717948718,