{"3": {"ensembles": "ENSG00000179085, ENSG00000111678, ENSG00000204387", "genes": "DPM3, C12orf57, C6orf48", "results": {"0": {"accuracy": 0.8461538461538461, "roc_auc": 0.9283366206443129}, "1": {"accuracy": 0.8589743589743589, "roc_auc": 0.928336620644313}, "2": {"accuracy": 0.8589743589743589, "roc_auc": 0.9211045364891518}, "3": {"accuracy": 0.8589743589743589, "roc_auc": 0.9263642340565418}, "4": {"accuracy": 0.8589743589743589, "roc_auc": 0.928336620644313}}, "plot_path": "./Predictions/CODING/Only combined libraries/RFE/Pictures/3.png"}, "4": {"ensembles": "ENSG00000179085, ENSG00000111678, ENSG00000204387, ENSG00000233493", "genes": "DPM3, C12orf57, C6orf48, TMEM238", "results": {"0": {"accuracy": 0.8717948717948718, "roc_auc": 0.938198553583169}, "1": {"accuracy": 0.8717948717948718, "roc_auc": 0.9368836291913216}, "2": {"accuracy": 0.8589743589743589, "roc_auc": 0.9342537804076265}, "3": {"accuracy": 0.8717948717948718, "roc_auc": 0.9358974358974359}, "4": {"accuracy": 0.8589743589743589, "roc_auc": 0.9362261669953977}}, "plot_path": "./Predictions/CODING/Only combined libraries/RFE/Pictures/4.png"}, "5": {"ensembles": "ENSG00000179085, ENSG00000111678, ENSG00000204387, ENSG00000233493, ENSG00000141933", "genes": "DPM3, C12orf57, C6orf48, TMEM238, TPGS1", "results": {"0": {"accuracy": 0.8717948717948718, "roc_auc": 0.9342537804076265}, "1": {"accuracy": 0.8589743589743589, "roc_auc": 0.9368836291913215}, "2": {"accuracy": 0.8717948717948718, "roc_auc": 0.9332675871137409}, "3": {"accuracy": 0.8461538461538461, "roc_auc": 0.9296515450361604}, "4": {"accuracy": 0.8717948717948718, "roc_auc": 0.935568704799474}}, "plot_path": "./Predictions/CODING/Only combined libraries/RFE/Pictures/5.png"}, "6": {"ensembles": "ENSG00000179085, ENSG00000111678, ENSG00000152082, ENSG00000204387, ENSG00000233493, ENSG00000171858", "genes": "DPM3, C12orf57, MZT2B, C6orf48, TMEM238, RPS21", "results": {"0": {"accuracy": 0.8717948717948718, "roc_auc": 0.9421433267587114}, "1": {"accuracy": 0.8846153846153846, "roc_auc": 0.935568704799474}, "2": {"accuracy": 0.8589743589743589, "roc_auc": 0.9414858645627876}, "3": {"accuracy": 0.8717948717948718, "roc_auc": 0.938198553583169}, "4": {"accuracy": 0.8589743589743589, "roc_auc": 0.9362261669953977}}, "plot_path": "./Predictions/CODING/Only combined libraries/RFE/Pictures/6.png"}, "7": {"ensembles": "ENSG00000179085, ENSG00000111678, ENSG00000204387, ENSG00000233493, ENSG00000141933, ENSG00000171858, ENSG00000188290", "genes": "DPM3, C12orf57, C6orf48, TMEM238, TPGS1, RPS21, HES4", "results": {"0": {"accuracy": 0.8717948717948718, "roc_auc": 0.9414858645627877}, "1": {"accuracy": 0.8461538461538461, "roc_auc": 0.9401709401709402}, "2": {"accuracy": 0.8333333333333334, "roc_auc": 0.9395134779750164}, "3": {"accuracy": 0.8333333333333334, "roc_auc": 0.9388560157790926}, "4": {"accuracy": 0.8717948717948718, "roc_auc": 0.9428007889546351}}, "plot_path": "./Predictions/CODING/Only combined libraries/RFE/Pictures/7.png"}, "8": {"ensembles": "ENSG00000179085, ENSG00000111678, ENSG00000152082, ENSG00000204387, ENSG00000233493, ENSG00000141933, ENSG00000172803, ENSG00000171858", "genes": "DPM3, C12orf57, MZT2B, C6orf48, TMEM238, TPGS1, SNX32, RPS21", "results": {"0": {"accuracy": 0.8461538461538461, "roc_auc": 0.9345825115055885}, "1": {"accuracy": 0.8589743589743589, "roc_auc": 0.9368836291913215}, "2": {"accuracy": 0.8589743589743589, "roc_auc": 0.9335963182117029}, "3": {"accuracy": 0.8589743589743589, "roc_auc": 0.9322813938198554}, "4": {"accuracy": 0.8589743589743589, "roc_auc": 0.9345825115055884}}, "plot_path": "./Predictions/CODING/Only combined libraries/RFE/Pictures/8.png"}, "9": {"ensembles": "ENSG00000179085, ENSG00000111678, ENSG00000152082, ENSG00000204387, ENSG00000233493, ENSG00000141933, ENSG00000172803, ENSG00000171858, ENSG00000212123", "genes": "DPM3, C12orf57, MZT2B, C6orf48, TMEM238, TPGS1, SNX32, RPS21, PRR22", "results": {"0": {"accuracy": 0.8589743589743589, "roc_auc": 0.9273504273504273}, "1": {"accuracy": 0.8589743589743589, "roc_auc": 0.9312952005259698}, "2": {"accuracy": 0.8589743589743589, "roc_auc": 0.9316239316239316}, "3": {"accuracy": 0.8461538461538461, "roc_auc": 0.9329388560157791}, "4": {"accuracy": 0.8717948717948718, "roc_auc": 0.9276791584483892}}, "plot_path": "./Predictions/CODING/Only combined libraries/RFE/Pictures/9.png"}, "10": {"ensembles": "ENSG00000179085, ENSG00000111678, ENSG00000152082, ENSG00000204387, ENSG00000233493, ENSG00000141933, ENSG00000171858, ENSG00000212123, ENSG00000188290, ENSG00000258429", "genes": "DPM3, C12orf57, MZT2B, C6orf48, TMEM238, TPGS1, RPS21, PRR22, HES4, PDF", "results": {"0": {"accuracy": 0.8461538461538461, "roc_auc": 0.9345825115055885}, "1": {"accuracy": 0.8205128205128205, "roc_auc": 0.9230769230769231}, "2": {"accuracy": 0.8461538461538461, "roc_auc": 0.9322813938198553}, "3": {"accuracy": 0.8461538461538461, "roc_auc": 0.9362261669953977}, "4": {"accuracy": 0.8461538461538461, "roc_auc": 0.9303090072320842}}, "plot_path": "./Predictions/CODING/Only combined libraries/RFE/Pictures/10.png"}, "11": {"ensembles": "ENSG00000179085, ENSG00000111678, ENSG00000152082, ENSG00000204387, ENSG00000233493, ENSG00000141933, ENSG00000167700, ENSG00000172803, ENSG00000171858, ENSG00000155428, ENSG00000188290", "genes": "DPM3, C12orf57, MZT2B, C6orf48, TMEM238, TPGS1, MFSD3, SNX32, RPS21, TRIM74, HES4", "results": {"0": {"accuracy": 0.8333333333333334, "roc_auc": 0.9362261669953977}, "1": {"accuracy": 0.8333333333333334, "roc_auc": 0.935568704799474}, "2": {"accuracy": 0.8589743589743589, "roc_auc": 0.9352399737015122}, "3": {"accuracy": 0.8333333333333334, "roc_auc": 0.9441157133464825}, "4": {"accuracy": 0.8717948717948718, "roc_auc": 0.9335963182117029}}, "plot_path": "./Predictions/CODING/Only combined libraries/RFE/Pictures/11.png"}, "12": {"ensembles": "ENSG00000179085, ENSG00000111678, ENSG00000152082, ENSG00000204387, ENSG00000233493, ENSG00000141933, ENSG00000167700, ENSG00000172803, ENSG00000171858, ENSG00000212123, ENSG00000184986, ENSG00000258429", "genes": "DPM3, C12orf57, MZT2B, C6orf48, TMEM238, TPGS1, MFSD3, SNX32, RPS21, PRR22, TMEM121, PDF", "results": {"0": {"accuracy": 0.8589743589743589, "roc_auc": 0.9385272846811308}, "1": {"accuracy": 0.8589743589743589, "roc_auc": 0.9441157133464826}, "2": {"accuracy": 0.8589743589743589, "roc_auc": 0.9368836291913215}, "3": {"accuracy": 0.8589743589743589, "roc_auc": 0.9349112426035503}, "4": {"accuracy": 0.8589743589743589, "roc_auc": 0.9368836291913215}}, "plot_path": "./Predictions/CODING/Only combined libraries/RFE/Pictures/12.png"}, "13": {"ensembles": "ENSG00000179085, ENSG00000111678, ENSG00000152082, ENSG00000204387, ENSG00000233493, ENSG00000112667, ENSG00000141933, ENSG00000167700, ENSG00000172803, ENSG00000171858, ENSG00000188290, ENSG00000184986, ENSG00000258429", "genes": "DPM3, C12orf57, MZT2B, C6orf48, TMEM238, DNPH1, TPGS1, MFSD3, SNX32, RPS21, HES4, TMEM121, PDF", "results": {"0": {"accuracy": 0.8589743589743589, "roc_auc": 0.9391847468770546}, "1": {"accuracy": 0.8589743589743589, "roc_auc": 0.938198553583169}, "2": {"accuracy": 0.8333333333333334, "roc_auc": 0.9342537804076265}, "3": {"accuracy": 0.8589743589743589, "roc_auc": 0.9408284023668638}, "4": {"accuracy": 0.8589743589743589, "roc_auc": 0.9375410913872452}}, "plot_path": "./Predictions/CODING/Only combined libraries/RFE/Pictures/13.png"}, "14": {"ensembles": "ENSG00000179085, ENSG00000111678, ENSG00000152082, ENSG00000204387, ENSG00000233493, ENSG00000112667, ENSG00000141933, ENSG00000167700, ENSG00000172803, ENSG00000171858, ENSG00000155428, ENSG00000212123, ENSG00000188290, ENSG00000258429", "genes": "DPM3, C12orf57, MZT2B, C6orf48, TMEM238, DNPH1, TPGS1, MFSD3, SNX32, RPS21, TRIM74, PRR22, HES4, PDF", "results": {"0": {"accuracy": 0.8461538461538461, "roc_auc": 0.9332675871137409}, "1": {"accuracy": 0.8717948717948718, "roc_auc": 0.9434582511505589}, "2": {"accuracy": 0.8717948717948718,