,selector,gene_names,weights,absolute weights
2,ENSG00000274012,RN7SL2,0.39776657326498516,0.39776657326498516
0,ENSG00000213442,RPL18AP3,0.3189056167328531,0.3189056167328531
1,ENSG00000171858,RPS21,0.28332781000216184,0.28332781000216184
