,selector,gene_names,weights,absolute weights
1,ENSG00000236552,RPL13AP5,0.3442686546644947,0.3442686546644947
3,ENSG00000274012,RN7SL2,0.31906493308708433,0.31906493308708433
0,ENSG00000213442,RPL18AP3,0.18899810545019655,0.18899810545019655
2,ENSG00000171858,RPS21,0.14766830679822415,0.14766830679822415
