,selector,gene_names,weights,absolute weights
2,ENSG00000203875,SNHG5,0.29416347590447556,0.29416347590447556
1,ENSG00000236552,RPL13AP5,0.2446214024088834,0.2446214024088834
4,ENSG00000274012,RN7SL2,0.22906743933842227,0.22906743933842227
0,ENSG00000213442,RPL18AP3,0.13401894280747836,0.13401894280747836
3,ENSG00000171858,RPS21,0.09812873954074053,0.09812873954074053
