,selector,gene_names,weights,absolute weights
3,ENSG00000203875,SNHG5,0.25813721870821266,0.25813721870821266
5,ENSG00000274012,RN7SL2,0.19610390673299646,0.19610390673299646
2,ENSG00000236552,RPL13AP5,0.1916309052591768,0.1916309052591768
0,ENSG00000111678,C12orf57,0.17596063613717422,0.17596063613717422
1,ENSG00000213442,RPL18AP3,0.0991475338121841,0.0991475338121841
4,ENSG00000171858,RPS21,0.07901979935025569,0.07901979935025569
