,selector,gene_names,weights,absolute weights
4,ENSG00000203875,SNHG5,0.2239424628246824,0.2239424628246824
6,ENSG00000274012,RN7SL2,0.1762005691905899,0.1762005691905899
3,ENSG00000236552,RPL13AP5,0.16655269994639127,0.16655269994639127
0,ENSG00000111678,C12orf57,0.14919353749887185,0.14919353749887185
1,ENSG00000152082,MZT2B,0.12526689884841005,0.12526689884841005
2,ENSG00000213442,RPL18AP3,0.08803253610985573,0.08803253610985573
5,ENSG00000171858,RPS21,0.07081129558119881,0.07081129558119881
