,selector,gene_names,weights,absolute weights
5,ENSG00000203875,SNHG5,0.24671376696169253,0.24671376696169253
7,ENSG00000274012,RN7SL2,0.1811754079090631,0.1811754079090631
4,ENSG00000236552,RPL13AP5,0.17994160109408588,0.17994160109408588
1,ENSG00000111678,C12orf57,0.15181318153365098,0.15181318153365098
2,ENSG00000152082,MZT2B,0.10632205134994514,0.10632205134994514
3,ENSG00000213442,RPL18AP3,0.07148281087589729,0.07148281087589729
6,ENSG00000171858,RPS21,0.054840347710828664,0.054840347710828664
0,ENSG00000198804,MT-CO1,0.007710832564836552,0.007710832564836552
