,selector,gene_names,weights,absolute weights
5,ENSG00000203875,SNHG5,0.22635262086887656,0.22635262086887656
8,ENSG00000274012,RN7SL2,0.1755775620368851,0.1755775620368851
4,ENSG00000236552,RPL13AP5,0.1688681904191054,0.1688681904191054
1,ENSG00000111678,C12orf57,0.14581446374902024,0.14581446374902024
2,ENSG00000152082,MZT2B,0.11098272257910768,0.11098272257910768
3,ENSG00000213442,RPL18AP3,0.07691856228023612,0.07691856228023612
6,ENSG00000171858,RPS21,0.06179814421648681,0.06179814421648681
7,ENSG00000215030,RPL13P12,0.026431199237348307,0.026431199237348307
0,ENSG00000198804,MT-CO1,0.007256534612933876,0.007256534612933876
