,selector,gene_names,weights,absolute weights
0,ENSG00000111678,C12orf57,0.36298882285368056,0.36298882285368056
1,ENSG00000152082,MZT2B,0.3337177069452587,0.3337177069452587
2,ENSG00000171858,RPS21,0.3032934702010608,0.3032934702010608
