,selector,gene_names,weights,absolute weights
1,ENSG00000111678,C12orf57,0.39292377859817884,0.39292377859817884
2,ENSG00000152082,MZT2B,0.3233110123957002,0.3233110123957002
3,ENSG00000171858,RPS21,0.2410342996497523,0.2410342996497523
0,ENSG00000198804,MT-CO1,0.042730909356368925,0.042730909356368925
