,selector,gene_names,weights,absolute weights
1,ENSG00000111678,C12orf57,0.32046612612363806,0.32046612612363806
2,ENSG00000152082,MZT2B,0.2642027629774464,0.2642027629774464
4,ENSG00000171858,RPS21,0.21098286151174483,0.21098286151174483
3,ENSG00000175602,CCDC85B,0.16709727533947327,0.16709727533947327
0,ENSG00000198804,MT-CO1,0.03725097404769738,0.03725097404769738
