,selector,gene_names,weights,absolute weights
1,ENSG00000111678,C12orf57,0.2780902287608192,0.2780902287608192
2,ENSG00000152082,MZT2B,0.23341920381911657,0.23341920381911657
4,ENSG00000171858,RPS21,0.18409847141792252,0.18409847141792252
3,ENSG00000175602,CCDC85B,0.13812743349384457,0.13812743349384457
5,ENSG00000099849,RASSF7,0.13641679931729783,0.13641679931729783
0,ENSG00000198804,MT-CO1,0.029847863190999496,0.029847863190999496
