,selector,gene_names,weights,absolute weights
1,ENSG00000111678,C12orf57,0.23944633022479003,0.23944633022479003
2,ENSG00000152082,MZT2B,0.2108411691220237,0.2108411691220237
4,ENSG00000171858,RPS21,0.17024689180175018,0.17024689180175018
6,ENSG00000099849,RASSF7,0.12657070605752624,0.12657070605752624
3,ENSG00000175602,CCDC85B,0.12475624189013423,0.12475624189013423
5,ENSG00000107404,DVL1,0.09904295905710524,0.09904295905710524
0,ENSG00000198804,MT-CO1,0.029095701846670367,0.029095701846670367
