,selector,gene_names,weights,absolute weights
1,ENSG00000111678,C12orf57,0.26826443284742335,0.26826443284742335
2,ENSG00000152082,MZT2B,0.20805776241349272,0.20805776241349272
4,ENSG00000171858,RPS21,0.1557416379898042,0.1557416379898042
7,ENSG00000099849,RASSF7,0.09812249034937402,0.09812249034937402
3,ENSG00000175602,CCDC85B,0.097100390297593,0.097100390297593
5,ENSG00000103024,NME3,0.08527321011051907,0.08527321011051907
6,ENSG00000107404,DVL1,0.06047436486238276,0.06047436486238276
0,ENSG00000198804,MT-CO1,0.026965711129410826,0.026965711129410826
