,selector,gene_names,weights,absolute weights
1,ENSG00000111678,C12orf57,0.24385868295219373,0.24385868295219373
2,ENSG00000152082,MZT2B,0.20281576290777964,0.20281576290777964
4,ENSG00000171858,RPS21,0.1503246440259327,0.1503246440259327
7,ENSG00000099849,RASSF7,0.09832196268114071,0.09832196268114071
3,ENSG00000175602,CCDC85B,0.09748466061246815,0.09748466061246815
5,ENSG00000103024,NME3,0.09096883460384494,0.09096883460384494
6,ENSG00000107404,DVL1,0.06259531759745998,0.06259531759745998
8,ENSG00000107872,FBXL15,0.031914676414322524,0.031914676414322524
0,ENSG00000198804,MT-CO1,0.021715458204857648,0.021715458204857648
