,selector,gene_names,weights,absolute weights
2,ENSG00000203875,SNHG5,0.0015900060191677025,0.0015900060191677025
0,ENSG00000213442,RPL18AP3,0.0009652830650623775,0.0009652830650623775
1,ENSG00000236552,RPL13AP5,0.00015344044729428228,0.00015344044729428228
