,selector,gene_names,weights,absolute weights
2,ENSG00000203875,SNHG5,0.0020862073764403013,0.0020862073764403013
0,ENSG00000213442,RPL18AP3,0.0010616844585607564,0.0010616844585607564
3,ENSG00000215030,RPL13P12,0.0006145868991088672,0.0006145868991088672
1,ENSG00000236552,RPL13AP5,9.177829532781148e-05,9.177829532781148e-05
