,selector,gene_names,weights,absolute weights
3,ENSG00000203875,SNHG5,0.0020694039938453593,0.0020694039938453593
0,ENSG00000213442,RPL18AP3,0.0010705724923354798,0.0010705724923354798
2,ENSG00000225178,RPSAP58,-0.0008926651360529319,0.0008926651360529319
4,ENSG00000215030,RPL13P12,0.0005062262273335895,0.0005062262273335895
1,ENSG00000236552,RPL13AP5,0.00041335788032285226,0.00041335788032285226
