,selector,gene_names,weights,absolute weights
4,ENSG00000269893,SNHG8,0.011683592752632133,0.011683592752632133
3,ENSG00000203875,SNHG5,0.0012568242967692163,0.0012568242967692163
0,ENSG00000213442,RPL18AP3,0.0007383071584479882,0.0007383071584479882
2,ENSG00000225178,RPSAP58,-0.0006181143776364927,0.0006181143776364927
1,ENSG00000236552,RPL13AP5,-0.0004285871922341171,0.0004285871922341171
5,ENSG00000215030,RPL13P12,0.00041888748103663956,0.00041888748103663956
