,selector,gene_names,weights,absolute weights
4,ENSG00000269893,SNHG8,0.006839781407981869,0.006839781407981869
6,ENSG00000276791,CTD-2270P14.5,0.005481502131012878,0.005481502131012878
0,ENSG00000213442,RPL18AP3,0.0007557090228141818,0.0007557090228141818
3,ENSG00000203875,SNHG5,0.0007553914421305006,0.0007553914421305006
1,ENSG00000236552,RPL13AP5,-0.0004513683631847598,0.0004513683631847598
5,ENSG00000215030,RPL13P12,-0.00034927365472662333,0.00034927365472662333
2,ENSG00000225178,RPSAP58,-0.00024878389783523555,0.00024878389783523555
