,selector,gene_names,weights,absolute weights
2,ENSG00000272906,RP11-533E19.7,0.023089304562843048,0.023089304562843048
5,ENSG00000269893,SNHG8,0.006317093953184075,0.006317093953184075
7,ENSG00000276791,CTD-2270P14.5,0.005002153235373698,0.005002153235373698
1,ENSG00000236552,RPL13AP5,-0.000790379104306663,0.000790379104306663
4,ENSG00000203875,SNHG5,0.0007245933834061464,0.0007245933834061464
0,ENSG00000213442,RPL18AP3,0.0004501693453068255,0.0004501693453068255
3,ENSG00000225178,RPSAP58,0.00011347920836148291,0.00011347920836148291
6,ENSG00000215030,RPL13P12,4.2538978369225857e-05,4.2538978369225857e-05
