,selector,gene_names,weights,absolute weights
2,ENSG00000272906,RP11-533E19.7,0.05570723431166892,0.05570723431166892
8,ENSG00000232229,LINC00865,-0.011768759441794093,0.011768759441794093
7,ENSG00000276791,CTD-2270P14.5,0.011620548922572123,0.011620548922572123
5,ENSG00000269893,SNHG8,0.010171858531663821,0.010171858531663821
6,ENSG00000215030,RPL13P12,0.001625028570278159,0.001625028570278159
4,ENSG00000203875,SNHG5,0.001428459101084029,0.001428459101084029
1,ENSG00000236552,RPL13AP5,-0.0010750726729723058,0.0010750726729723058
0,ENSG00000213442,RPL18AP3,-0.00015936857747064483,0.00015936857747064483
3,ENSG00000225178,RPSAP58,3.0136452353462015e-05,3.0136452353462015e-05
