,selector,gene_names,weights,absolute weights
1,ENSG00000269893,SNHG8,0.3479817084157263,0.3479817084157263
2,ENSG00000215908,CROCCP2,0.3292872432108049,0.3292872432108049
0,ENSG00000203875,SNHG5,0.3227310483734689,0.3227310483734689
