,selector,gene_names,weights,absolute weights
2,ENSG00000269893,SNHG8,0.4252679602337764,0.4252679602337764
1,ENSG00000203875,SNHG5,0.31228850881041187,0.31228850881041187
3,ENSG00000215908,CROCCP2,0.21230284472145255,0.21230284472145255
0,ENSG00000236552,RPL13AP5,0.05014068623435942,0.05014068623435942
