,selector,gene_names,weights,absolute weights
2,ENSG00000269893,SNHG8,0.29601687515683284,0.29601687515683284
1,ENSG00000203875,SNHG5,0.22063545508268398,0.22063545508268398
3,ENSG00000215908,CROCCP2,0.21412071237450456,0.21412071237450456
0,ENSG00000236552,RPL13AP5,0.15541885283198587,0.15541885283198587
4,ENSG00000234741,GAS5,0.11380810455399266,0.11380810455399266
