,selector,gene_names,weights,absolute weights
2,ENSG00000269893,SNHG8,0.23224186326858687,0.23224186326858687
3,ENSG00000215908,CROCCP2,0.20179939776596126,0.20179939776596126
1,ENSG00000203875,SNHG5,0.20090514312511307,0.20090514312511307
0,ENSG00000236552,RPL13AP5,0.14610955541185433,0.14610955541185433
4,ENSG00000234741,GAS5,0.12288112833388957,0.12288112833388957
5,ENSG00000215414,PSMA6P1,0.09606291209459518,0.09606291209459518
