,selector,gene_names,weights,absolute weights
3,ENSG00000269893,SNHG8,0.21732887122752495,0.21732887122752495
2,ENSG00000203875,SNHG5,0.1846026428556843,0.1846026428556843
4,ENSG00000215908,CROCCP2,0.17550022439734342,0.17550022439734342
0,ENSG00000236552,RPL13AP5,0.14391037281826582,0.14391037281826582
5,ENSG00000234741,GAS5,0.10382067975626234,0.10382067975626234
1,ENSG00000225864,HCG4P11,0.09139414879239455,0.09139414879239455
6,ENSG00000215414,PSMA6P1,0.08344306015252484,0.08344306015252484
