,selector,gene_names,weights,absolute weights
5,ENSG00000269893,SNHG8,0.19028249113512272,0.19028249113512272
4,ENSG00000203875,SNHG5,0.1670759488039761,0.1670759488039761
6,ENSG00000215908,CROCCP2,0.16499045377922292,0.16499045377922292
1,ENSG00000236552,RPL13AP5,0.12375342406842343,0.12375342406842343
7,ENSG00000234741,GAS5,0.10446103551278313,0.10446103551278313
2,ENSG00000272906,RP11-533E19.7,0.09068431099022711,0.09068431099022711
3,ENSG00000225864,HCG4P11,0.08580262921093897,0.08580262921093897
0,ENSG00000213442,RPL18AP3,0.07294970649930543,0.07294970649930543
