{"3": {"ensembles": "ENSG00000203875, ENSG00000269893, ENSG00000274012", "genes": "SNHG5, SNHG8, RN7SL2", "results": {"0": {"accuracy": 0.8846153846153846, "roc_auc": 0.9697567389875082}, "1": {"accuracy": 0.8846153846153846, "roc_auc": 0.965154503616042}, "2": {"accuracy": 0.8974358974358975, "roc_auc": 0.9690992767915845}, "3": {"accuracy": 0.8717948717948718, "roc_auc": 0.9658119658119658}, "4": {"accuracy": 0.8974358974358975, "roc_auc": 0.9684418145956607}}, "plot_path": "./Predictions/NON_CODING/LimmaVoom/RFE/Pictures/3.png"}, "4": {"ensembles": "ENSG00000203875, ENSG00000269893, ENSG00000226287, ENSG00000274012", "genes": "SNHG5, SNHG8, TMEM191A, RN7SL2", "results": {"0": {"accuracy": 0.8974358974358975, "roc_auc": 0.9598948060486523}, "1": {"accuracy": 0.8846153846153846, "roc_auc": 0.9526627218934911}, "2": {"accuracy": 0.8846153846153846, "roc_auc": 0.9566074950690335}, "3": {"accuracy": 0.8846153846153846, "roc_auc": 0.9625246548323471}, "4": {"accuracy": 0.8846153846153846, "roc_auc": 0.9598948060486522}}, "plot_path": "./Predictions/NON_CODING/LimmaVoom/RFE/Pictures/4.png"}, "5": {"ensembles": "ENSG00000236552, ENSG00000203875, ENSG00000269893, ENSG00000274012, ENSG00000258920", "genes": "RPL13AP5, SNHG5, SNHG8, RN7SL2, FOXN3-AS1", "results": {"0": {"accuracy": 0.8717948717948718, "roc_auc": 0.9490466798159106}, "1": {"accuracy": 0.8717948717948718, "roc_auc": 0.9513477975016437}, "2": {"accuracy": 0.8717948717948718, "roc_auc": 0.9533201840894149}, "3": {"accuracy": 0.8846153846153846, "roc_auc": 0.957922419460881}, "4": {"accuracy": 0.8846153846153846, "roc_auc": 0.9572649572649573}}, "plot_path": "./Predictions/NON_CODING/LimmaVoom/RFE/Pictures/5.png"}, "6": {"ensembles": "ENSG00000236552, ENSG00000203875, ENSG00000269893, ENSG00000226287, ENSG00000274012, ENSG00000255559", "genes": "RPL13AP5, SNHG5, SNHG8, TMEM191A, RN7SL2, ZNF252P-AS1", "results": {"0": {"accuracy": 0.8846153846153846, "roc_auc": 0.955292570677186}, "1": {"accuracy": 0.8846153846153846, "roc_auc": 0.9631821170282708}, "2": {"accuracy": 0.8846153846153846, "roc_auc": 0.9618671926364235}, "3": {"accuracy": 0.9102564102564102, "roc_auc": 0.9631821170282708}, "4": {"accuracy": 0.8846153846153846, "roc_auc": 0.9566074950690334}}, "plot_path": "./Predictions/NON_CODING/LimmaVoom/RFE/Pictures/6.png"}, "7": {"ensembles": "ENSG00000236552, ENSG00000203875, ENSG00000269893, ENSG00000215414, ENSG00000226287, ENSG00000274012, ENSG00000255559", "genes": "RPL13AP5, SNHG5, SNHG8, PSMA6P1, TMEM191A, RN7SL2, ZNF252P-AS1", "results": {"0": {"accuracy": 0.8974358974358975, "roc_auc": 0.9618671926364234}, "1": {"accuracy": 0.8846153846153846, "roc_auc": 0.9625246548323472}, "2": {"accuracy": 0.9230769230769231, "roc_auc": 0.9631821170282708}, "3": {"accuracy": 0.9102564102564102, "roc_auc": 0.963182117028271}, "4": {"accuracy": 0.9230769230769231, "roc_auc": 0.965154503616042}}, "plot_path": "./Predictions/NON_CODING/LimmaVoom/RFE/Pictures/7.png"}, "8": {"ensembles": "ENSG00000236552, ENSG00000272906, ENSG00000203875, ENSG00000269893, ENSG00000226287, ENSG00000274012, ENSG00000255559, ENSG00000258920", "genes": "RPL13AP5, RP11-533E19.7, SNHG5, SNHG8, TMEM191A, RN7SL2, ZNF252P-AS1, FOXN3-AS1", "results": {"0": {"accuracy": 0.8846153846153846, "roc_auc": 0.9671268902038133}, "1": {"accuracy": 0.9102564102564102, "roc_auc": 0.9651545036160422}, "2": {"accuracy": 0.9102564102564102, "roc_auc": 0.9717291255752794}, "3": {"accuracy": 0.9102564102564102, "roc_auc": 0.9671268902038134}, "4": {"accuracy": 0.8974358974358975, "roc_auc": 0.9625246548323472}}, "plot_path": "./Predictions/NON_CODING/LimmaVoom/RFE/Pictures/8.png"}, "9": {"ensembles": "ENSG00000236552, ENSG00000203875, ENSG00000269893, ENSG00000278771, ENSG00000226287, ENSG00000274012, ENSG00000230979, ENSG00000255559, ENSG00000258920", "genes": "RPL13AP5, SNHG5, SNHG8, Metazoa_SRP, TMEM191A, RN7SL2, AC079250.1, ZNF252P-AS1, FOXN3-AS1", "results": {"0": {"accuracy": 0.8974358974358975, "roc_auc": 0.9612097304404996}, "1": {"accuracy": 0.8974358974358975, "roc_auc": 0.9559500328731098}, "2": {"accuracy": 0.8974358974358975, "roc_auc": 0.967784352399737}, "3": {"accuracy": 0.8974358974358975, "roc_auc": 0.9638395792241946}, "4": {"accuracy": 0.9102564102564102, "roc_auc": 0.9671268902038133}}, "plot_path": "./Predictions/NON_CODING/LimmaVoom/RFE/Pictures/9.png"}, "10": {"ensembles": "ENSG00000213442, ENSG00000236552, ENSG00000225864, ENSG00000203875, ENSG00000269893, ENSG00000278771, ENSG00000215414, ENSG00000226287, ENSG00000274012, ENSG00000255559", "genes": "RPL18AP3, RPL13AP5, HCG4P11, SNHG5, SNHG8, Metazoa_SRP, PSMA6P1, TMEM191A, RN7SL2, ZNF252P-AS1", "results": {"0": {"accuracy": 0.8974358974358975, "roc_auc": 0.965154503616042}, "1": {"accuracy": 0.9102564102564102, "roc_auc": 0.9651545036160422}, "2": {"accuracy": 0.8974358974358975, "roc_auc": 0.960552268244576}, "3": {"accuracy": 0.9102564102564102, "roc_auc": 0.9644970414201184}, "4": {"accuracy": 0.8974358974358975, "roc_auc": 0.9618671926364234}}, "plot_path": "./Predictions/NON_CODING/LimmaVoom/RFE/Pictures/10.png"}, "11": {"ensembles": "ENSG00000236552, ENSG00000272906, ENSG00000225864, ENSG00000203875, ENSG00000269893, ENSG00000278771, ENSG00000215414, ENSG00000226287, ENSG00000274012, ENSG00000255559, ENSG00000258920", "genes": "RPL13AP5, RP11-533E19.7, HCG4P11, SNHG5, SNHG8, Metazoa_SRP, PSMA6P1, TMEM191A, RN7SL2, ZNF252P-AS1, FOXN3-AS1", "results": {"0": {"accuracy": 0.9102564102564102, "roc_auc": 0.9743589743589743}, "1": {"accuracy": 0.9102564102564102, "roc_auc": 0.9756738987508219}, "2": {"accuracy": 0.8846153846153846, "roc_auc": 0.9730440499671269}, "3": {"accuracy": 0.9102564102564102, "roc_auc": 0.9723865877712031}, "4": {"accuracy": 0.9102564102564102, "roc_auc": 0.967784352399737}}, "plot_path": "./Predictions/NON_CODING/LimmaVoom/RFE/Pictures/11.png"}, "12": {"ensembles": "ENSG00000236552, ENSG00000272906, ENSG00000225864, ENSG00000203875, ENSG00000269893, ENSG00000278771, ENSG00000215414, ENSG00000226287, ENSG00000274012, ENSG00000272277, ENSG00000255559, ENSG00000258920", "genes": "RPL13AP5, RP11-533E19.7, HCG4P11, SNHG5, SNHG8, Metazoa_SRP, PSMA6P1, TMEM191A, RN7SL2, RP1-40E16.12, ZNF252P-AS1, FOXN3-AS1", "results": {"0": {"accuracy": 0.9102564102564102, "roc_auc": 0.9750164365548981}, "1": {"accuracy": 0.9102564102564102, "roc_auc": 0.9690992767915845}, "2": {"accuracy": 0.9102564102564102, "roc_auc": 0.9638395792241947}, "3": {"accuracy": 0.8974358974358975, "roc_auc": 0.9704142011834319}, "4": {"accuracy": 0.9230769230769231, "roc_auc": 0.9664694280078896}}, "plot_path": "./Predictions/NON_CODING/LimmaVoom/RFE/Pictures/12.png"}, "13": {"ensembles": "ENSG00000236552, ENSG00000272906, ENSG00000203875, ENSG00000269893, ENSG00000226085, ENSG00000278771, ENSG00000215414, ENSG00000224066, ENSG00000226287, ENSG00000274012, ENSG00000230979, ENSG00000255559, ENSG00000258920", "genes": "RPL13AP5, RP11-533E19.7, SNHG5, SNHG8, UQCRFS1P1, Metazoa_SRP, PSMA6P1, RP4-622L5.7, TMEM191A, RN7SL2, AC079250.1, ZNF252P-AS1, FOXN3-AS1", "results": {"0": {"accuracy": 0.8974358974358975, "roc_auc": 0.9697567389875082}, "1": {"accuracy": 0.9102564102564102, "roc_auc": 0.9690992767915845}, "2": {"accuracy": 0.8974358974358975, "roc_auc": 0.972386587771203}, "3": {"accuracy": 0.9102564102564102, "roc_auc": 0.9714003944773175}, "4": {"accuracy": 0.9102564102564102, "roc_auc": 0.9658119658119657}}, "plot_path": "./Predictions/NON_CODING/LimmaVoom/RFE/Pictures/13.png"}, "14": {"ensembles": "ENSG00000213442, ENSG00000236552, ENSG00000272906, ENSG00000225864, ENSG00000203875, ENSG00000269893, ENSG00000278771, ENSG00000224066, ENSG00000226287, ENSG00000274012, ENSG00000230979, ENSG00000272277, ENSG00000255559, ENSG00000258920", "genes": "RPL18AP3, RPL13AP5, RP11-533E19.7, HCG4P11, SNHG5, SNHG8, Metazoa_SRP, RP4-622L5.7, TMEM191A, RN7SL2, AC079250.1, RP1-40E16.12, ZNF252P-AS1, FOXN3-AS1", "results": {"0": {"accuracy": 0.8974358974358975, "roc_auc": 0.9684418145956607},