,selector,gene_names,weights,absolute weights
0,ENSG00000204387,C6orf48,0.3649768413718126,0.3649768413718126
2,ENSG00000269893,SNHG8,0.3281268834260195,0.3281268834260195
1,ENSG00000203875,SNHG5,0.3068962752021677,0.3068962752021677
