,selector,gene_names,weights,absolute weights
0,ENSG00000204387,C6orf48,0.36766223676588733,0.36766223676588733
3,ENSG00000269893,SNHG8,0.265928227811452,0.265928227811452
2,ENSG00000203875,SNHG5,0.22911899616655818,0.22911899616655818
1,ENSG00000141933,TPGS1,0.13729053925610246,0.13729053925610246
