,selector,gene_names,weights,absolute weights
1,ENSG00000204387,C6orf48,0.31674655537660684,0.31674655537660684
4,ENSG00000269893,SNHG8,0.23568162189245057,0.23568162189245057
3,ENSG00000203875,SNHG5,0.19546952142919005,0.19546952142919005
0,ENSG00000179085,DPM3,0.13202087972701368,0.13202087972701368
2,ENSG00000236552,RPL13AP5,0.1200814215747388,0.1200814215747388
