,selector,gene_names,weights,absolute weights
1,ENSG00000204387,C6orf48,0.26990501365541764,0.26990501365541764
5,ENSG00000269893,SNHG8,0.20947841284605928,0.20947841284605928
4,ENSG00000203875,SNHG5,0.1807355049588888,0.1807355049588888
0,ENSG00000179085,DPM3,0.1239555015091445,0.1239555015091445
2,ENSG00000236552,RPL13AP5,0.12319175854181857,0.12319175854181857
3,ENSG00000141933,TPGS1,0.09273380848867123,0.09273380848867123
