,selector,gene_names,weights,absolute weights
2,ENSG00000204387,C6orf48,0.23747870624130607,0.23747870624130607
6,ENSG00000269893,SNHG8,0.19139029144240896,0.19139029144240896
5,ENSG00000203875,SNHG5,0.15557207414684365,0.15557207414684365
0,ENSG00000179085,DPM3,0.10998498734842056,0.10998498734842056
4,ENSG00000236552,RPL13AP5,0.10868188744196249,0.10868188744196249
3,ENSG00000233493,TMEM238,0.1043243514809652,0.1043243514809652
1,ENSG00000111678,C12orf57,0.09256770189809323,0.09256770189809323
