,selector,gene_names,weights,absolute weights
2,ENSG00000204387,C6orf48,0.20935927003374125,0.20935927003374125
7,ENSG00000269893,SNHG8,0.16288362286955066,0.16288362286955066
6,ENSG00000203875,SNHG5,0.1519513690002801,0.1519513690002801
0,ENSG00000179085,DPM3,0.10452920585695213,0.10452920585695213
4,ENSG00000236552,RPL13AP5,0.10376783327288923,0.10376783327288923
3,ENSG00000233493,TMEM238,0.09495929822298824,0.09495929822298824
1,ENSG00000111678,C12orf57,0.0901712307466943,0.0901712307466943
5,ENSG00000141933,TPGS1,0.08237816999690398,0.08237816999690398
