,selector,gene_names,weights,absolute weights
2,ENSG00000204387,C6orf48,0.24523899298729956,0.24523899298729956
7,ENSG00000269893,SNHG8,0.18415527425013795,0.18415527425013795
6,ENSG00000203875,SNHG5,0.15163054416096405,0.15163054416096405
0,ENSG00000179085,DPM3,0.08854208837635613,0.08854208837635613
4,ENSG00000236552,RPL13AP5,0.08050166483222526,0.08050166483222526
3,ENSG00000233493,TMEM238,0.07763372980240311,0.07763372980240311
1,ENSG00000111678,C12orf57,0.06553466439542853,0.06553466439542853
5,ENSG00000141933,TPGS1,0.06217152582087671,0.06217152582087671
8,ENSG00000278771,Metazoa_SRP,0.04459151537430866,0.04459151537430866
