{"3": {"ensembles": "ENSG00000170889, ENSG00000145425, ENSG00000133112", "genes": "RPS9, RPS3A, TPT1", "results": {"0": {"accuracy": 0.7948717948717948, "roc_auc": 0.905982905982906}, "1": {"accuracy": 0.8076923076923077, "roc_auc": 0.9138724523339908}, "2": {"accuracy": 0.8076923076923077, "roc_auc": 0.9072978303747535}, "3": {"accuracy": 0.7948717948717948, "roc_auc": 0.9053254437869823}, "4": {"accuracy": 0.7948717948717948, "roc_auc": 0.9000657462195925}}, "plot_path": "./Predictions/All_GENES/EdgeR/chi2/Pictures/3.png"}, "4": {"ensembles": "ENSG00000170889, ENSG00000145425, ENSG00000229117, ENSG00000133112", "genes": "RPS9, RPS3A, RPL41, TPT1", "results": {"0": {"accuracy": 0.7948717948717948, "roc_auc": 0.9125575279421434}, "1": {"accuracy": 0.782051282051282, "roc_auc": 0.9072978303747534}, "2": {"accuracy": 0.7948717948717948, "roc_auc": 0.9158448389217619}, "3": {"accuracy": 0.782051282051282, "roc_auc": 0.9013806706114398}, "4": {"accuracy": 0.7692307692307693, "roc_auc": 0.9105851413543721}}, "plot_path": "./Predictions/All_GENES/EdgeR/chi2/Pictures/4.png"}, "5": {"ensembles": "ENSG00000170889, ENSG00000145425, ENSG00000147604, ENSG00000229117, ENSG00000133112", "genes": "RPS9, RPS3A, RPL7, RPL41, TPT1", "results": {"0": {"accuracy": 0.7948717948717948, "roc_auc": 0.9046679815910585}, "1": {"accuracy": 0.782051282051282, "roc_auc": 0.9040105193951348}, "2": {"accuracy": 0.782051282051282, "roc_auc": 0.9046679815910585}, "3": {"accuracy": 0.7948717948717948, "roc_auc": 0.903353057199211}, "4": {"accuracy": 0.7948717948717948, "roc_auc": 0.908612754766601}}, "plot_path": "./Predictions/All_GENES/EdgeR/chi2/Pictures/5.png"}, "6": {"ensembles": "ENSG00000170889, ENSG00000145425, ENSG00000147604, ENSG00000131469, ENSG00000229117, ENSG00000133112", "genes": "RPS9, RPS3A, RPL7, RPL27, RPL41, TPT1", "results": {"0": {"accuracy": 0.8076923076923077, "roc_auc": 0.8954635108481263}, "1": {"accuracy": 0.8205128205128205, "roc_auc": 0.9072978303747534}, "2": {"accuracy": 0.8076923076923077, "roc_auc": 0.8902038132807364}, "3": {"accuracy": 0.7948717948717948, "roc_auc": 0.8984220907297831}, "4": {"accuracy": 0.7948717948717948, "roc_auc": 0.9082840236686389}}, "plot_path": "./Predictions/All_GENES/EdgeR/chi2/Pictures/6.png"}, "7": {"ensembles": "ENSG00000170889, ENSG00000145425, ENSG00000147604, ENSG00000131469, ENSG00000163682, ENSG00000229117, ENSG00000133112", "genes": "RPS9, RPS3A, RPL7, RPL27, RPL9, RPL41, TPT1", "results": {"0": {"accuracy": 0.8333333333333334, "roc_auc": 0.905982905982906}, "1": {"accuracy": 0.8076923076923077, "roc_auc": 0.8928336620644313}, "2": {"accuracy": 0.7948717948717948, "roc_auc": 0.8948060486522025}, "3": {"accuracy": 0.8076923076923077, "roc_auc": 0.9020381328073636}, "4": {"accuracy": 0.8333333333333334, "roc_auc": 0.8987508218277449}}, "plot_path": "./Predictions/All_GENES/EdgeR/chi2/Pictures/7.png"}, "8": {"ensembles": "ENSG00000170889, ENSG00000136942, ENSG00000145425, ENSG00000147604, ENSG00000131469, ENSG00000163682, ENSG00000229117, ENSG00000133112", "genes": "RPS9, RPL35, RPS3A, RPL7, RPL27, RPL9, RPL41, TPT1", "results": {"0": {"accuracy": 0.8076923076923077, "roc_auc": 0.900723208415516}, "1": {"accuracy": 0.7948717948717948, "roc_auc": 0.9046679815910585}, "2": {"accuracy": 0.8076923076923077, "roc_auc": 0.9119000657462196}, "3": {"accuracy": 0.7948717948717948, "roc_auc": 0.9053254437869822}, "4": {"accuracy": 0.7948717948717948, "roc_auc": 0.9066403681788298}}, "plot_path": "./Predictions/All_GENES/EdgeR/chi2/Pictures/8.png"}, "9": {"ensembles": "ENSG00000170889, ENSG00000136942, ENSG00000145425, ENSG00000071082, ENSG00000147604, ENSG00000131469, ENSG00000163682, ENSG00000229117, ENSG00000133112", "genes": "RPS9, RPL35, RPS3A, RPL31, RPL7, RPL27, RPL9, RPL41, TPT1", "results": {"0": {"accuracy": 0.782051282051282, "roc_auc": 0.8987508218277449}, "1": {"accuracy": 0.8205128205128205, "roc_auc": 0.9112426035502958}, "2": {"accuracy": 0.7948717948717948, "roc_auc": 0.9138724523339907}, "3": {"accuracy": 0.8076923076923077, "roc_auc": 0.9119000657462195}, "4": {"accuracy": 0.7948717948717948, "roc_auc": 0.9046679815910585}}, "plot_path": "./Predictions/All_GENES/EdgeR/chi2/Pictures/9.png"}, "10": {"ensembles": "ENSG00000170889, ENSG00000136942, ENSG00000145425, ENSG00000071082, ENSG00000171863, ENSG00000147604, ENSG00000131469, ENSG00000163682, ENSG00000229117, ENSG00000133112", "genes": "RPS9, RPL35, RPS3A, RPL31, RPS7, RPL7, RPL27, RPL9, RPL41, TPT1", "results": {"0": {"accuracy": 0.782051282051282, "roc_auc": 0.9046679815910585}, "1": {"accuracy": 0.8076923076923077, "roc_auc": 0.9040105193951348}, "2": {"accuracy": 0.7948717948717948, "roc_auc": 0.8954635108481263}, "3": {"accuracy": 0.8076923076923077, "roc_auc": 0.9046679815910585}, "4": {"accuracy": 0.782051282051282, "roc_auc": 0.9099276791584484}}, "plot_path": "./Predictions/All_GENES/EdgeR/chi2/Pictures/10.png"}, "11": {"ensembles": "ENSG00000170889, ENSG00000136942, ENSG00000145425, ENSG00000071082, ENSG00000171863, ENSG00000125691, ENSG00000147604, ENSG00000131469, ENSG00000163682, ENSG00000229117, ENSG00000133112", "genes": "RPS9, RPL35, RPS3A, RPL31, RPS7, RPL23, RPL7, RPL27, RPL9, RPL41, TPT1", "results": {"0": {"accuracy": 0.8205128205128205, "roc_auc": 0.9013806706114398}, "1": {"accuracy": 0.8076923076923077, "roc_auc": 0.9040105193951347}, "2": {"accuracy": 0.8076923076923077, "roc_auc": 0.905982905982906}, "3": {"accuracy": 0.8205128205128205, "roc_auc": 0.9125575279421433}, "4": {"accuracy": 0.8333333333333334, "roc_auc": 0.9102564102564102}}, "plot_path": "./Predictions/All_GENES/EdgeR/chi2/Pictures/11.png"}, "12": {"ensembles": "ENSG00000170889, ENSG00000136942, ENSG00000145425, ENSG00000071082, ENSG00000171863, ENSG00000125691, ENSG00000147604, ENSG00000131469, ENSG00000163682, ENSG00000229117, ENSG00000213741, ENSG00000133112", "genes": "RPS9, RPL35, RPS3A, RPL31, RPS7, RPL23, RPL7, RPL27, RPL9, RPL41, RPS29, TPT1", "results": {"0": {"accuracy": 0.7948717948717948, "roc_auc": 0.8928336620644313}, "1": {"accuracy": 0.8076923076923077, "roc_auc": 0.8967784352399737}, "2": {"accuracy": 0.8205128205128205, "roc_auc": 0.9026955950032873}, "3": {"accuracy": 0.782051282051282, "roc_auc": 0.8967784352399737}, "4": {"accuracy": 0.8076923076923077, "roc_auc": 0.8987508218277449}}, "plot_path": "./Predictions/All_GENES/EdgeR/chi2/Pictures/12.png"}, "13": {"ensembles": "ENSG00000171858, ENSG00000170889, ENSG00000136942, ENSG00000145425, ENSG00000071082, ENSG00000171863, ENSG00000125691, ENSG00000147604, ENSG00000131469, ENSG00000163682, ENSG00000229117, ENSG00000213741, ENSG00000133112", "genes": "RPS21, RPS9, RPL35, RPS3A, RPL31, RPS7, RPL23, RPL7, RPL27, RPL9, RPL41, RPS29, TPT1", "results": {"0": {"accuracy": 0.8333333333333334, "roc_auc": 0.9053254437869822}, "1": {"accuracy": 0.7692307692307693, "roc_auc": 0.9119000657462196}, "2": {"accuracy": 0.782051282051282, "roc_auc": 0.9026955950032873}, "3": {"accuracy": 0.7948717948717948, "roc_auc": 0.8967784352399737}, "4": {"accuracy": 0.8076923076923077, "roc_auc": 0.905982905982906}}, "plot_path": "./Predictions/All_GENES/EdgeR/chi2/Pictures/13.png"}, "14": {"ensembles": "ENSG00000171858, ENSG00000170889, ENSG00000136942, ENSG00000145425, ENSG00000071082, ENSG00000171863, ENSG00000125691, ENSG00000147604, ENSG00000131469, ENSG00000237550, ENSG00000163682, ENSG00000229117, ENSG00000213741, ENSG00000133112", "genes": "RPS21, RPS9, RPL35, RPS3A, RPL31, RPS7, RPL23, RPL7, RPL27, RPL9P9, RPL9, RPL41, RPS29, TPT1", "results": {"0": {"accuracy": 0.8205128205128205, "roc_auc": 0.9138724523339907}, "1": {"accuracy": 0.7948717948717948, "roc_auc": 0.9000657462195923}, "2": {"accuracy": 0.8205128205128205, "roc_auc": 0.9046679815910585}, "3": {"accuracy": 0.7948717948717948, "roc_auc": 0.9000657462195925}, "4": {"accuracy": 0.7948717948717948, "roc_auc": 0.9013806706114398}}, "plot_path": "./Predictions/All_GENES/EdgeR/chi2/Pictures/14.png"},