,selector,gene_names,weights,absolute weights
1,ENSG00000236552,RPL13AP5,0.3486833234912196,0.3486833234912196
2,ENSG00000274012,RN7SL2,0.3476830035221211,0.3476830035221211
0,ENSG00000213442,RPL18AP3,0.30363367298665955,0.30363367298665955
