,selector,gene_names,weights,absolute weights
2,ENSG00000203875,SNHG5,0.3373564904210896,0.3373564904210896
1,ENSG00000236552,RPL13AP5,0.2818020441263852,0.2818020441263852
3,ENSG00000274012,RN7SL2,0.2538935884457773,0.2538935884457773
0,ENSG00000213442,RPL18AP3,0.126947877006748,0.126947877006748
