,selector,gene_names,weights,absolute weights
2,ENSG00000203875,SNHG5,0.2965744326408129,0.2965744326408129
1,ENSG00000236552,RPL13AP5,0.2560638203504074,0.2560638203504074
4,ENSG00000274012,RN7SL2,0.2412589206252914,0.2412589206252914
0,ENSG00000213442,RPL18AP3,0.1426353782121046,0.1426353782121046
3,ENSG00000215030,RPL13P12,0.06346744817138382,0.06346744817138382
