,selector,gene_names,weights,absolute weights
3,ENSG00000203875,SNHG5,0.30939388891672476,0.30939388891672476
1,ENSG00000236552,RPL13AP5,0.23198182412265334,0.23198182412265334
5,ENSG00000274012,RN7SL2,0.22110280562904358,0.22110280562904358
0,ENSG00000213442,RPL18AP3,0.11892322994075606,0.11892322994075606
4,ENSG00000215030,RPL13P12,0.07067207952379656,0.07067207952379656
2,ENSG00000225178,RPSAP58,0.04792617186702582,0.04792617186702582
