,selector,gene_names,weights,absolute weights
3,ENSG00000203875,SNHG5,0.24060940749600213,0.24060940749600213
5,ENSG00000274012,RN7SL2,0.20443751553632528,0.20443751553632528
1,ENSG00000236552,RPL13AP5,0.2018195009413714,0.2018195009413714
0,ENSG00000213442,RPL18AP3,0.13811778742183747,0.13811778742183747
4,ENSG00000215030,RPL13P12,0.07817407235973504,0.07817407235973504
2,ENSG00000225178,RPSAP58,0.07305884066918981,0.07305884066918981
6,ENSG00000273149,RP11-290D2.6,0.06378287557553894,0.06378287557553894
