,selector,gene_names,weights,absolute weights
4,ENSG00000269893,SNHG8,0.24768073082244968,0.24768073082244968
3,ENSG00000203875,SNHG5,0.22901324971313997,0.22901324971313997
1,ENSG00000236552,RPL13AP5,0.15870441548820222,0.15870441548820222
6,ENSG00000274012,RN7SL2,0.15443359800728151,0.15443359800728151
0,ENSG00000213442,RPL18AP3,0.09452285600956342,0.09452285600956342
5,ENSG00000215030,RPL13P12,0.0548055214979872,0.0548055214979872
2,ENSG00000225178,RPSAP58,0.03557145493657405,0.03557145493657405
7,ENSG00000273149,RP11-290D2.6,0.025268173524802144,0.025268173524802144
