,selector,gene_names,weights,absolute weights
4,ENSG00000269893,SNHG8,0.2402621645650464,0.2402621645650464
3,ENSG00000203875,SNHG5,0.1925345457383782,0.1925345457383782
7,ENSG00000274012,RN7SL2,0.14360194162039064,0.14360194162039064
6,ENSG00000226287,TMEM191A,0.13820295639719773,0.13820295639719773
1,ENSG00000236552,RPL13AP5,0.13466452202377477,0.13466452202377477
0,ENSG00000213442,RPL18AP3,0.0651243661699387,0.0651243661699387
8,ENSG00000273149,RP11-290D2.6,0.029852631845653257,0.029852631845653257
2,ENSG00000225178,RPSAP58,0.028039634818272836,0.028039634818272836
5,ENSG00000215030,RPL13P12,0.02771723682134742,0.02771723682134742
