{"3": {"ensembles": "ENSG00000171858, ENSG00000213442, ENSG00000150991", "genes": "RPS21, RPL18AP3, UBC", "results": {"0": {"accuracy": 0.7948717948717948, "roc_auc": 0.8520710059171598}, "1": {"accuracy": 0.8076923076923077, "roc_auc": 0.8599605522682446}, "2": {"accuracy": 0.7564102564102564, "roc_auc": 0.8415516107823799}, "3": {"accuracy": 0.7948717948717948, "roc_auc": 0.8520710059171597}, "4": {"accuracy": 0.7948717948717948, "roc_auc": 0.8520710059171598}}, "plot_path": "./Predictions/best_genes/1/chi2/Pictures/3.png"}}