,selector,gene_names,weights,absolute weights
0,ENSG00000204387,C6orf48,0.361926860309213,0.361926860309213
1,ENSG00000170889,RPS9,0.3190999852037853,0.3190999852037853
2,ENSG00000145337,PYURF,0.3189731544870018,0.3189731544870018
