,selector,gene_names,weights,absolute weights
0,ENSG00000204387,C6orf48,0.38235206013998657,0.38235206013998657
2,ENSG00000145337,PYURF,0.24513583971635206,0.24513583971635206
1,ENSG00000170889,RPS9,0.20779982371014163,0.20779982371014163
3,ENSG00000125995,ROMO1,0.16471227643351954,0.16471227643351954
