,selector,gene_names,weights,absolute weights
0,ENSG00000204387,C6orf48,0.3222331826510005,0.3222331826510005
2,ENSG00000145337,PYURF,0.2151485355631984,0.2151485355631984
1,ENSG00000170889,RPS9,0.1926130273700609,0.1926130273700609
4,ENSG00000125995,ROMO1,0.15368507667047138,0.15368507667047138
3,ENSG00000117543,DPH5,0.11632017774526893,0.11632017774526893
