,selector,gene_names,weights,absolute weights
2,ENSG00000204387,C6orf48,0.336929867277477,0.336929867277477
5,ENSG00000145337,PYURF,0.24220254299338562,0.24220254299338562
4,ENSG00000170889,RPS9,0.1964426136050563,0.1964426136050563
0,ENSG00000179085,DPM3,0.11018563337433819,0.11018563337433819
1,ENSG00000111678,C12orf57,0.06160202409204601,0.06160202409204601
3,ENSG00000233493,TMEM238,0.05263731865769683,0.05263731865769683
