,selector,gene_names,weights,absolute weights
2,ENSG00000204387,C6orf48,0.24592570429009888,0.24592570429009888
5,ENSG00000145337,PYURF,0.17946700153771275,0.17946700153771275
4,ENSG00000170889,RPS9,0.17154721809487267,0.17154721809487267
6,ENSG00000125995,ROMO1,0.13113175956066514,0.13113175956066514
0,ENSG00000179085,DPM3,0.11382319071611856,0.11382319071611856
3,ENSG00000233493,TMEM238,0.08755900075397693,0.08755900075397693
1,ENSG00000152082,MZT2B,0.07054612504655514,0.07054612504655514
