,selector,gene_names,weights,absolute weights
1,ENSG00000204387,C6orf48,0.2708396220710122,0.2708396220710122
5,ENSG00000145337,PYURF,0.16455194897214956,0.16455194897214956
3,ENSG00000170889,RPS9,0.14348794388705544,0.14348794388705544
7,ENSG00000125995,ROMO1,0.10419804045852746,0.10419804045852746
6,ENSG00000117543,DPH5,0.08764092368150252,0.08764092368150252
0,ENSG00000179085,DPM3,0.08421594698641041,0.08421594698641041
2,ENSG00000233493,TMEM238,0.07896058992421946,0.07896058992421946
4,ENSG00000172428,COPS9,0.06610498401912294,0.06610498401912294
