,selector,gene_names,weights,absolute weights
1,ENSG00000204387,C6orf48,0.254233304864704,0.254233304864704
5,ENSG00000145337,PYURF,0.1506415126665697,0.1506415126665697
4,ENSG00000170889,RPS9,0.12036870234879792,0.12036870234879792
8,ENSG00000125995,ROMO1,0.09742800392375428,0.09742800392375428
6,ENSG00000117543,DPH5,0.08798613573548184,0.08798613573548184
2,ENSG00000233493,TMEM238,0.08407377913259072,0.08407377913259072
0,ENSG00000179085,DPM3,0.08075410010533973,0.08075410010533973
7,ENSG00000164405,UQCRQ,0.06320304683506565,0.06320304683506565
3,ENSG00000141933,TPGS1,0.061311414387696224,0.061311414387696224
