{"3": {"ensembles": "ENSG00000150991, ENSG00000213442, ENSG00000171858", "genes": "UBC, RPL18AP3, RPS21", "results": {"0": {"accuracy": 0.782051282051282, "roc_auc": 0.8586456278763971}, "1": {"accuracy": 0.7692307692307693, "roc_auc": 0.854043392504931}, "2": {"accuracy": 0.7564102564102564, "roc_auc": 0.8616042077580539}, "3": {"accuracy": 0.7692307692307693, "roc_auc": 0.841880341880342}, "4": {"accuracy": 0.782051282051282, "roc_auc": 0.8477975016436554}}, "plot_path": "./Predictions/All_GENES/best_genes/chi2/Pictures/3.png"}}