,selector,gene_names,weights,absolute weights
0,ENSG00000204387,C6orf48,0.35075850407464976,0.35075850407464976
1,ENSG00000269893,SNHG8,0.327048587633029,0.327048587633029
2,ENSG00000145337,PYURF,0.3221929082923213,0.3221929082923213
