,selector,gene_names,weights,absolute weights
0,ENSG00000204387,C6orf48,0.3627708659741201,0.3627708659741201
2,ENSG00000269893,SNHG8,0.24878369298338399,0.24878369298338399
1,ENSG00000203875,SNHG5,0.20306171279887156,0.20306171279887156
3,ENSG00000170889,RPS9,0.1853837282436243,0.1853837282436243
