,selector,gene_names,weights,absolute weights
0,ENSG00000204387,C6orf48,0.27986292212337294,0.27986292212337294
2,ENSG00000269893,SNHG8,0.20371027580259948,0.20371027580259948
4,ENSG00000145337,PYURF,0.18245715824251127,0.18245715824251127
1,ENSG00000203875,SNHG5,0.17235964403410042,0.17235964403410042
3,ENSG00000215908,CROCCP2,0.16160999979741592,0.16160999979741592
