,selector,gene_names,weights,absolute weights
0,ENSG00000204387,C6orf48,0.24673171258609886,0.24673171258609886
2,ENSG00000269893,SNHG8,0.18325404635776688,0.18325404635776688
5,ENSG00000145337,PYURF,0.15366699900376693,0.15366699900376693
1,ENSG00000203875,SNHG5,0.14750061532972897,0.14750061532972897
4,ENSG00000215908,CROCCP2,0.13759771983024413,0.13759771983024413
3,ENSG00000170889,RPS9,0.13124890689239413,0.13124890689239413
