,selector,gene_names,weights,absolute weights
0,ENSG00000204387,C6orf48,0.21451650659996468,0.21451650659996468
2,ENSG00000269893,SNHG8,0.16349849551096765,0.16349849551096765
5,ENSG00000145337,PYURF,0.14623081226342743,0.14623081226342743
1,ENSG00000203875,SNHG5,0.13275525748841593,0.13275525748841593
4,ENSG00000215908,CROCCP2,0.12922913748653622,0.12922913748653622
3,ENSG00000170889,RPS9,0.12170073271227064,0.12170073271227064
6,ENSG00000125995,ROMO1,0.09206905793841727,0.09206905793841727
