,selector,gene_names,weights,absolute weights
0,ENSG00000204387,C6orf48,0.18457294753761827,0.18457294753761827
4,ENSG00000269893,SNHG8,0.15643623955502725,0.15643623955502725
7,ENSG00000145337,PYURF,0.14033961367853365,0.14033961367853365
3,ENSG00000203875,SNHG5,0.12863006334359,0.12863006334359
5,ENSG00000170889,RPS9,0.1273567387485565,0.1273567387485565
6,ENSG00000215908,CROCCP2,0.12359922402304452,0.12359922402304452
1,ENSG00000233493,TMEM238,0.07110947536261401,0.07110947536261401
2,ENSG00000141933,TPGS1,0.06795569775101597,0.06795569775101597
