,selector,gene_names,weights,absolute weights
0,ENSG00000204387,C6orf48,0.20146376221343618,0.20146376221343618
3,ENSG00000269893,SNHG8,0.14337838334969125,0.14337838334969125
6,ENSG00000145337,PYURF,0.13310797497210128,0.13310797497210128
2,ENSG00000203875,SNHG5,0.12597962635427326,0.12597962635427326
5,ENSG00000215908,CROCCP2,0.11074079716852592,0.11074079716852592
4,ENSG00000170889,RPS9,0.08907774128888676,0.08907774128888676
8,ENSG00000125995,ROMO1,0.07475771176871801,0.07475771176871801
7,ENSG00000234741,GAS5,0.0624963272040009,0.0624963272040009
1,ENSG00000236552,RPL13AP5,0.058997675680366464,0.058997675680366464
