,selector,gene_names,weights,absolute weights
0,ENSG00000225864,HCG4P11,0.1122513732132284,0.1122513732132284
1,ENSG00000226085,UQCRFS1P1,0.08743879008187107,0.08743879008187107
2,ENSG00000278771,Metazoa_SRP,0.08293964876718757,0.08293964876718757
