,selector,gene_names,weights,absolute weights
0,ENSG00000225864,HCG4P11,0.1129404133343295,0.1129404133343295
1,ENSG00000226085,UQCRFS1P1,0.08301103212154505,0.08301103212154505
3,ENSG00000278771,Metazoa_SRP,0.07761769368458114,0.07761769368458114
2,ENSG00000228205,RP11-778D9.4,0.04542423431846292,0.04542423431846292
