,selector,gene_names,weights,absolute weights
0,ENSG00000225864,HCG4P11,0.11282551808078814,0.11282551808078814
1,ENSG00000226085,UQCRFS1P1,0.11001619603743543,0.11001619603743543
3,ENSG00000278771,Metazoa_SRP,0.09158358116131055,0.09158358116131055
2,ENSG00000228205,RP11-778D9.4,0.08537931470092712,0.08537931470092712
4,ENSG00000239040,Y_RNA,-0.07567125904141424,0.07567125904141424
