,selector,gene_names,weights,absolute weights
1,ENSG00000226085,UQCRFS1P1,0.14312059798658253,0.14312059798658253
3,ENSG00000278771,Metazoa_SRP,0.13427921592422493,0.13427921592422493
2,ENSG00000228205,RP11-778D9.4,0.13413485734806985,0.13413485734806985
0,ENSG00000225864,HCG4P11,0.11181868743911202,0.11181868743911202
5,ENSG00000239040,Y_RNA,-0.09972880329775709,0.09972880329775709
4,ENSG00000273599,RP11-59C5.3,0.07304366475330362,0.07304366475330362
