,selector,gene_names,weights,absolute weights
0,ENSG00000225864,HCG4P11,0.6874321122969285,0.6874321122969285
1,ENSG00000226085,UQCRFS1P1,0.6077978459775596,0.6077978459775596
2,ENSG00000228205,RP11-778D9.4,0.6077567370783604,0.6077567370783604
6,ENSG00000239040,Y_RNA,-0.5770147728891732,0.5770147728891732
5,ENSG00000273599,RP11-59C5.3,0.46256356848474195,0.46256356848474195
3,ENSG00000278771,Metazoa_SRP,0.42271675687568194,0.42271675687568194
4,ENSG00000222020,AC062017.1,-0.223217960940948,0.223217960940948
