,selector,gene_names,weights,absolute weights
0,ENSG00000225864,HCG4P11,0.940055055177677,0.940055055177677
1,ENSG00000226085,UQCRFS1P1,0.8338956193961123,0.8338956193961123
2,ENSG00000228205,RP11-778D9.4,0.8125774682599409,0.8125774682599409
7,ENSG00000239040,Y_RNA,-0.7611817027901518,0.7611817027901518
4,ENSG00000222020,AC062017.1,-0.7086468653587324,0.7086468653587324
5,ENSG00000273599,RP11-59C5.3,0.6951265852965981,0.6951265852965981
3,ENSG00000278771,Metazoa_SRP,0.5774696892897245,0.5774696892897245
6,ENSG00000272677,RP11-127B20.3,0.22236798194758395,0.22236798194758395
