,selector,gene_names,weights,absolute weights
0,ENSG00000225864,HCG4P11,1.8958903672169238,1.8958903672169238
6,ENSG00000273599,RP11-59C5.3,1.4886012896931253,1.4886012896931253
5,ENSG00000222020,AC062017.1,-1.240104595985747,1.240104595985747
3,ENSG00000228205,RP11-778D9.4,1.0765985335091042,1.0765985335091042
4,ENSG00000278771,Metazoa_SRP,0.898223044083895,0.898223044083895
2,ENSG00000226085,UQCRFS1P1,0.784023216164095,0.784023216164095
8,ENSG00000239040,Y_RNA,-0.710020639888847,0.710020639888847
7,ENSG00000272677,RP11-127B20.3,0.5338560578819601,0.5338560578819601
1,ENSG00000228797,FAM207BP,-0.3241315558524648,0.3241315558524648
