,selector,gene_names,weights,absolute weights
1,ENSG00000236552,RPL13AP5,0.4163905659971249,0.4163905659971249
0,ENSG00000213442,RPL18AP3,0.3569836151490235,0.3569836151490235
2,ENSG00000237550,RPL9P9,0.22662581885385188,0.22662581885385188
