,selector,gene_names,weights,absolute weights
2,ENSG00000203875,SNHG5,0.40262638397839473,0.40262638397839473
1,ENSG00000236552,RPL13AP5,0.35400091954728435,0.35400091954728435
0,ENSG00000213442,RPL18AP3,0.20909803438668598,0.20909803438668598
3,ENSG00000237550,RPL9P9,0.03427466208763477,0.03427466208763477
