,selector,gene_names,weights,absolute weights
2,ENSG00000203875,SNHG5,0.3585768243614669,0.3585768243614669
3,ENSG00000215908,CROCCP2,0.29276989845227025,0.29276989845227025
1,ENSG00000236552,RPL13AP5,0.20477080674817683,0.20477080674817683
0,ENSG00000213442,RPL18AP3,0.10952768994267117,0.10952768994267117
4,ENSG00000237550,RPL9P9,0.03435478049541466,0.03435478049541466
