,selector,gene_names,weights,absolute weights
3,ENSG00000215908,CROCCP2,0.23919149641844606,0.23919149641844606
2,ENSG00000203875,SNHG5,0.23493387388453563,0.23493387388453563
1,ENSG00000236552,RPL13AP5,0.19264173800135298,0.19264173800135298
4,ENSG00000234741,GAS5,0.16554648903711908,0.16554648903711908
0,ENSG00000213442,RPL18AP3,0.12007416175081263,0.12007416175081263
5,ENSG00000237550,RPL9P9,0.04761224090773367,0.04761224090773367
