,selector,gene_names,weights,absolute weights
4,ENSG00000215908,CROCCP2,0.21886081363239254,0.21886081363239254
2,ENSG00000203875,SNHG5,0.21220006750964915,0.21220006750964915
1,ENSG00000236552,RPL13AP5,0.17205709102037156,0.17205709102037156
5,ENSG00000234741,GAS5,0.1561123355367237,0.1561123355367237
0,ENSG00000213442,RPL18AP3,0.11369839568529216,0.11369839568529216
3,ENSG00000215030,RPL13P12,0.08161356816378292,0.08161356816378292
6,ENSG00000237550,RPL9P9,0.04545772845178788,0.04545772845178788
