,selector,gene_names,weights,absolute weights
4,ENSG00000215908,CROCCP2,0.23373742862285982,0.23373742862285982
2,ENSG00000203875,SNHG5,0.22769033041340017,0.22769033041340017
1,ENSG00000236552,RPL13AP5,0.17487628910369263,0.17487628910369263
5,ENSG00000234741,GAS5,0.14707832619409333,0.14707832619409333
0,ENSG00000213442,RPL18AP3,0.0921884291952001,0.0921884291952001
3,ENSG00000215030,RPL13P12,0.05607600518067704,0.05607600518067704
6,ENSG00000237550,RPL9P9,0.03563232374057771,0.03563232374057771
7,ENSG00000214485,RPL7P1,0.03272086754949921,0.03272086754949921
