,selector,gene_names,weights,absolute weights
3,ENSG00000203875,SNHG5,0.2613349455740874,0.2613349455740874
5,ENSG00000215908,CROCCP2,0.23676424365193993,0.23676424365193993
1,ENSG00000236552,RPL13AP5,0.16277482995917078,0.16277482995917078
6,ENSG00000234741,GAS5,0.11988719081933838,0.11988719081933838
0,ENSG00000213442,RPL18AP3,0.08132513312193113,0.08132513312193113
4,ENSG00000215030,RPL13P12,0.04090993721612171,0.04090993721612171
2,ENSG00000225178,RPSAP58,0.038140568419556195,0.038140568419556195
7,ENSG00000237550,RPL9P9,0.03119986583785516,0.03119986583785516
8,ENSG00000214485,RPL7P1,0.027663285399999193,0.027663285399999193
