{"3": {"ensembles": "ENSG00000213442, ENSG00000236552, ENSG00000203875", "genes": "RPL18AP3, RPL13AP5, SNHG5", "results": {"0": {"accuracy": 0.8461538461538461, "roc_auc": 0.9184746877054568}, "1": {"accuracy": 0.8461538461538461, "roc_auc": 0.9197896120973044}, "2": {"accuracy": 0.8461538461538461, "roc_auc": 0.9191321499013807}, "3": {"accuracy": 0.8717948717948718, "roc_auc": 0.9204470742932281}, "4": {"accuracy": 0.8461538461538461, "roc_auc": 0.9243918474687706}}, "plot_path": "./Predictions/NON_CODING/Only combined libraries/chi2/Pictures/3.png"}, "4": {"ensembles": "ENSG00000213442, ENSG00000236552, ENSG00000203875, ENSG00000215030", "genes": "RPL18AP3, RPL13AP5, SNHG5, RPL13P12", "results": {"0": {"accuracy": 0.8333333333333334, "roc_auc": 0.9171597633136095}, "1": {"accuracy": 0.8076923076923077, "roc_auc": 0.901051939513478}, "2": {"accuracy": 0.8205128205128205, "roc_auc": 0.9109138724523339}, "3": {"accuracy": 0.7948717948717948, "roc_auc": 0.9109138724523339}, "4": {"accuracy": 0.8205128205128205, "roc_auc": 0.9026955950032872}}, "plot_path": "./Predictions/NON_CODING/Only combined libraries/chi2/Pictures/4.png"}, "5": {"ensembles": "ENSG00000213442, ENSG00000236552, ENSG00000225178, ENSG00000203875, ENSG00000215030", "genes": "RPL18AP3, RPL13AP5, RPSAP58, SNHG5, RPL13P12", "results": {"0": {"accuracy": 0.8205128205128205, "roc_auc": 0.9043392504930966}, "1": {"accuracy": 0.8205128205128205, "roc_auc": 0.9063116370808678}, "2": {"accuracy": 0.8205128205128205, "roc_auc": 0.9076265614727154}, "3": {"accuracy": 0.8205128205128205, "roc_auc": 0.910913872452334}, "4": {"accuracy": 0.8076923076923077, "roc_auc": 0.9072978303747534}}, "plot_path": "./Predictions/NON_CODING/Only combined libraries/chi2/Pictures/5.png"}, "6": {"ensembles": "ENSG00000213442, ENSG00000236552, ENSG00000225178, ENSG00000203875, ENSG00000269893, ENSG00000215030", "genes": "RPL18AP3, RPL13AP5, RPSAP58, SNHG5, SNHG8, RPL13P12", "results": {"0": {"accuracy": 0.8333333333333334, "roc_auc": 0.9119000657462196}, "1": {"accuracy": 0.8205128205128205, "roc_auc": 0.9217619986850756}, "2": {"accuracy": 0.8333333333333334, "roc_auc": 0.9224194608809994}, "3": {"accuracy": 0.8333333333333334, "roc_auc": 0.9253780407626561}, "4": {"accuracy": 0.8205128205128205, "roc_auc": 0.9197896120973044}}, "plot_path": "./Predictions/NON_CODING/Only combined libraries/chi2/Pictures/6.png"}, "7": {"ensembles": "ENSG00000213442, ENSG00000236552, ENSG00000225178, ENSG00000203875, ENSG00000269893, ENSG00000215030, ENSG00000276791", "genes": "RPL18AP3, RPL13AP5, RPSAP58, SNHG5, SNHG8, RPL13P12, CTD-2270P14.5", "results": {"0": {"accuracy": 0.8076923076923077, "roc_auc": 0.9076265614727153}, "1": {"accuracy": 0.8333333333333334, "roc_auc": 0.9270216962524654}, "2": {"accuracy": 0.8205128205128205, "roc_auc": 0.9283366206443129}, "3": {"accuracy": 0.8205128205128205, "roc_auc": 0.9207758053911901}, "4": {"accuracy": 0.8205128205128205, "roc_auc": 0.9217619986850756}}, "plot_path": "./Predictions/NON_CODING/Only combined libraries/chi2/Pictures/7.png"}, "8": {"ensembles": "ENSG00000213442, ENSG00000236552, ENSG00000272906, ENSG00000225178, ENSG00000203875, ENSG00000269893, ENSG00000215030, ENSG00000276791", "genes": "RPL18AP3, RPL13AP5, RP11-533E19.7, RPSAP58, SNHG5, SNHG8, RPL13P12, CTD-2270P14.5", "results": {"0": {"accuracy": 0.8461538461538461, "roc_auc": 0.9263642340565418}, "1": {"accuracy": 0.8461538461538461, "roc_auc": 0.9243918474687706}, "2": {"accuracy": 0.8333333333333334, "roc_auc": 0.928336620644313}, "3": {"accuracy": 0.8333333333333334, "roc_auc": 0.9158448389217619}, "4": {"accuracy": 0.8461538461538461, "roc_auc": 0.9289940828402367}}, "plot_path": "./Predictions/NON_CODING/Only combined libraries/chi2/Pictures/8.png"}, "9": {"ensembles": "ENSG00000213442, ENSG00000236552, ENSG00000272906, ENSG00000225178, ENSG00000203875, ENSG00000269893, ENSG00000215030, ENSG00000276791, ENSG00000232229", "genes": "RPL18AP3, RPL13AP5, RP11-533E19.7, RPSAP58, SNHG5, SNHG8, RPL13P12, CTD-2270P14.5, LINC00865", "results": {"0": {"accuracy": 0.8333333333333334, "roc_auc": 0.9171597633136095}, "1": {"accuracy": 0.8205128205128205, "roc_auc": 0.9211045364891519}, "2": {"accuracy": 0.8461538461538461, "roc_auc": 0.9224194608809992}, "3": {"accuracy": 0.8461538461538461, "roc_auc": 0.9224194608809994}, "4": {"accuracy": 0.8461538461538461, "roc_auc": 0.923076923076923}}, "plot_path": "./Predictions/NON_CODING/Only combined libraries/chi2/Pictures/9.png"}, "10": {"ensembles": "ENSG00000213442, ENSG00000236552, ENSG00000272906, ENSG00000225178, ENSG00000203875, ENSG00000269893, ENSG00000215030, ENSG00000277383, ENSG00000276791, ENSG00000232229", "genes": "RPL18AP3, RPL13AP5, RP11-533E19.7, RPSAP58, SNHG5, SNHG8, RPL13P12, CTD-3001H11.2, CTD-2270P14.5, LINC00865", "results": {"0": {"accuracy": 0.8461538461538461, "roc_auc": 0.9243918474687706}, "1": {"accuracy": 0.8589743589743589, "roc_auc": 0.9257067718606179}, "2": {"accuracy": 0.8461538461538461, "roc_auc": 0.9181459566074951}, "3": {"accuracy": 0.8333333333333334, "roc_auc": 0.9303090072320841}, "4": {"accuracy": 0.8461538461538461, "roc_auc": 0.9283366206443129}}, "plot_path": "./Predictions/NON_CODING/Only combined libraries/chi2/Pictures/10.png"}, "11": {"ensembles": "ENSG00000213442, ENSG00000236552, ENSG00000272906, ENSG00000225178, ENSG00000203875, ENSG00000269893, ENSG00000215030, ENSG00000277383, ENSG00000222020, ENSG00000276791, ENSG00000232229", "genes": "RPL18AP3, RPL13AP5, RP11-533E19.7, RPSAP58, SNHG5, SNHG8, RPL13P12, CTD-3001H11.2, AC062017.1, CTD-2270P14.5, LINC00865", "results": {"0": {"accuracy": 0.8333333333333334, "roc_auc": 0.9243918474687706}, "1": {"accuracy": 0.8461538461538461, "roc_auc": 0.9273504273504273}, "2": {"accuracy": 0.8461538461538461, "roc_auc": 0.9263642340565418}, "3": {"accuracy": 0.8333333333333334, "roc_auc": 0.9303090072320842}, "4": {"accuracy": 0.8461538461538461, "roc_auc": 0.9237343852728469}}, "plot_path": "./Predictions/NON_CODING/Only combined libraries/chi2/Pictures/11.png"}, "12": {"ensembles": "ENSG00000213442, ENSG00000236552, ENSG00000272906, ENSG00000225178, ENSG00000203875, ENSG00000269893, ENSG00000215030, ENSG00000277383, ENSG00000222020, ENSG00000276791, ENSG00000272677, ENSG00000232229", "genes": "RPL18AP3, RPL13AP5, RP11-533E19.7, RPSAP58, SNHG5, SNHG8, RPL13P12, CTD-3001H11.2, AC062017.1, CTD-2270P14.5, RP11-127B20.3, LINC00865", "results": {"0": {"accuracy": 0.8205128205128205, "roc_auc": 0.9184746877054569}, "1": {"accuracy": 0.8333333333333334, "roc_auc": 0.9303090072320842}, "2": {"accuracy": 0.8333333333333334, "roc_auc": 0.9243918474687706}, "3": {"accuracy": 0.8461538461538461, "roc_auc": 0.9224194608809995}, "4": {"accuracy": 0.8461538461538461, "roc_auc": 0.928336620644313}}, "plot_path": "./Predictions/NON_CODING/Only combined libraries/chi2/Pictures/12.png"}, "13": {"ensembles": "ENSG00000213442, ENSG00000236552, ENSG00000272906, ENSG00000225864, ENSG00000225178, ENSG00000203875, ENSG00000269893, ENSG00000215030, ENSG00000277383, ENSG00000222020, ENSG00000276791, ENSG00000272677, ENSG00000232229", "genes": "RPL18AP3, RPL13AP5, RP11-533E19.7, HCG4P11, RPSAP58, SNHG5, SNHG8, RPL13P12, CTD-3001H11.2, AC062017.1, CTD-2270P14.5, RP11-127B20.3, LINC00865", "results": {"0": {"accuracy": 0.8461538461538461, "roc_auc": 0.9362261669953977}, "1": {"accuracy": 0.8461538461538461, "roc_auc": 0.9349112426035502}, "2": {"accuracy": 0.8589743589743589, "roc_auc": 0.9375410913872452}, "3": {"accuracy": 0.8461538461538461, "roc_auc": 0.9362261669953977}, "4": {"accuracy": 0.8461538461538461, "roc_auc": 0.9362261669953977}}, "plot_path": "./Predictions/NON_CODING/Only combined libraries/chi2/Pictures/13.png"}, "14": {"ensembles": "ENSG00000213442, ENSG00000236552, ENSG00000272906, ENSG00000225864, ENSG00000225178, ENSG00000203875, ENSG00000269893, ENSG00000215030, ENSG00000277383, ENSG00000228205, ENSG00000222020, ENSG00000276791, ENSG00000272677, ENSG00000232229",