,selector,gene_names,weights,absolute weights
2,ENSG00000203875,SNHG5,0.3637978851639377,0.3637978851639377
1,ENSG00000236552,RPL13AP5,0.34137277612880274,0.34137277612880274
0,ENSG00000213442,RPL18AP3,0.29482933870725947,0.29482933870725947
