,selector,gene_names,weights,absolute weights
2,ENSG00000203875,SNHG5,0.4207306120305007,0.4207306120305007
1,ENSG00000236552,RPL13AP5,0.3083999192270197,0.3083999192270197
0,ENSG00000213442,RPL18AP3,0.17852598601823486,0.17852598601823486
3,ENSG00000215030,RPL13P12,0.09234348272424499,0.09234348272424499
