,selector,gene_names,weights,absolute weights
3,ENSG00000203875,SNHG5,0.33222257418073753,0.33222257418073753
1,ENSG00000236552,RPL13AP5,0.278708478009539,0.278708478009539
0,ENSG00000213442,RPL18AP3,0.1865913731980876,0.1865913731980876
4,ENSG00000215030,RPL13P12,0.10827886106803544,0.10827886106803544
2,ENSG00000225178,RPSAP58,0.09419871354360056,0.09419871354360056
