,selector,gene_names,weights,absolute weights
4,ENSG00000269893,SNHG8,0.3152635173896332,0.3152635173896332
3,ENSG00000203875,SNHG5,0.2663465524334029,0.2663465524334029
1,ENSG00000236552,RPL13AP5,0.18456925280469408,0.18456925280469408
0,ENSG00000213442,RPL18AP3,0.12348818868498344,0.12348818868498344
5,ENSG00000215030,RPL13P12,0.05941291145873729,0.05941291145873729
2,ENSG00000225178,RPSAP58,0.05091957722854934,0.05091957722854934
