,selector,gene_names,weights,absolute weights
4,ENSG00000269893,SNHG8,0.28329397751676855,0.28329397751676855
3,ENSG00000203875,SNHG5,0.24579336932652482,0.24579336932652482
1,ENSG00000236552,RPL13AP5,0.17356658528635885,0.17356658528635885
0,ENSG00000213442,RPL18AP3,0.12479420205458042,0.12479420205458042
6,ENSG00000276791,CTD-2270P14.5,0.06820447618759595,0.06820447618759595
5,ENSG00000215030,RPL13P12,0.05657986611324123,0.05657986611324123
2,ENSG00000225178,RPSAP58,0.04776752351493022,0.04776752351493022
