,selector,gene_names,weights,absolute weights
5,ENSG00000269893,SNHG8,0.23237863230640654,0.23237863230640654
4,ENSG00000203875,SNHG5,0.20914801520441076,0.20914801520441076
1,ENSG00000236552,RPL13AP5,0.15134669852942112,0.15134669852942112
2,ENSG00000272906,RP11-533E19.7,0.13991372297035096,0.13991372297035096
0,ENSG00000213442,RPL18AP3,0.10053503114582858,0.10053503114582858
7,ENSG00000276791,CTD-2270P14.5,0.06253627610356825,0.06253627610356825
6,ENSG00000215030,RPL13P12,0.052156053489286924,0.052156053489286924
3,ENSG00000225178,RPSAP58,0.051985570250726955,0.051985570250726955
