,selector,gene_names,weights,absolute weights
5,ENSG00000269893,SNHG8,0.2676176586459981,0.2676176586459981
4,ENSG00000203875,SNHG5,0.22081911802010964,0.22081911802010964
1,ENSG00000236552,RPL13AP5,0.16420985763365376,0.16420985763365376
2,ENSG00000272906,RP11-533E19.7,0.11283736136562987,0.11283736136562987
0,ENSG00000213442,RPL18AP3,0.08686127797692297,0.08686127797692297
6,ENSG00000215030,RPL13P12,0.04115315111777141,0.04115315111777141
3,ENSG00000225178,RPSAP58,0.040866833481044654,0.040866833481044654
7,ENSG00000276791,CTD-2270P14.5,0.03965854519994965,0.03965854519994965
8,ENSG00000232229,LINC00865,0.02597619655891999,0.02597619655891999
